#;qubits;operation;library;performance
1;10;build;stim;0.003462200053036213
2;10;build;stim;0.0037853000685572624
3;10;build;stim;0.0016664001159369946
4;10;build;stim;0.0017263999907299876
5;10;build;stim;0.0019154000328853726
6;10;build;stim;0.0014626000775024295
7;10;build;stim;0.002588000032119453
8;10;build;stim;0.0016226000152528286
9;10;build;stim;0.001962300040759146
10;10;build;stim;0.001816699979826808
11;10;build;stim;0.001961000030860305
12;10;build;stim;0.0014797999756410718
13;10;build;stim;0.002427099971100688
14;10;build;stim;0.0030644999351352453
15;10;build;stim;0.00167559995315969
16;10;build;stim;0.0016187999863177538
17;10;build;stim;0.0016755000688135624
18;10;build;stim;0.0018993999110534787
19;10;build;stim;0.0016568000428378582
20;10;build;stim;0.0017364999512210488
21;10;build;stim;0.0021016999380663037
22;10;build;stim;0.0019591000163927674
23;10;build;stim;0.0014910000609233975
24;10;build;stim;0.00186959991697222
25;10;build;stim;0.0026857999619096518
26;10;build;stim;0.0017846000846475363
27;10;build;stim;0.0017079999670386314
28;10;build;stim;0.0019438000163063407
29;10;build;stim;0.0017745000077411532
30;10;build;stim;0.0028935999143868685
1;100;build;stim;0.0024002999998629093
2;100;build;stim;0.002576800063252449
3;100;build;stim;0.005149899981915951
4;100;build;stim;0.003845499944873154
5;100;build;stim;0.005295199924148619
6;100;build;stim;0.004749299958348274
7;100;build;stim;0.0034278000239282846
8;100;build;stim;0.0024754999903962016
9;100;build;stim;0.002378599951043725
10;100;build;stim;0.002961199963465333
11;100;build;stim;0.0026171000208705664
12;100;build;stim;0.003361599985510111
13;100;build;stim;0.0024287999840453267
14;100;build;stim;0.0032241999870166183
15;100;build;stim;0.0026230999501422048
16;100;build;stim;0.0032423000084236264
17;100;build;stim;0.0028640999225899577
18;100;build;stim;0.0030368000734597445
19;100;build;stim;0.0034851999953389168
20;100;build;stim;0.0031429999507963657
21;100;build;stim;0.00290089996997267
22;100;build;stim;0.0026397000765427947
23;100;build;stim;0.002650999929755926
24;100;build;stim;0.002586500020697713
25;100;build;stim;0.0040222000097855926
26;100;build;stim;0.004032299970276654
27;100;build;stim;0.002476199995726347
28;100;build;stim;0.0028794000390917063
29;100;build;stim;0.0031087000388652086
30;100;build;stim;0.003096599946729839
1;1000;build;stim;0.011786599992774427
2;1000;build;stim;0.02837409998755902
3;1000;build;stim;0.016950499964877963
4;1000;build;stim;0.012015199987217784
5;1000;build;stim;0.015580800012685359
6;1000;build;stim;0.014424399938434362
7;1000;build;stim;0.014451800030656159
8;1000;build;stim;0.013880400103516877
9;1000;build;stim;0.01292410003952682
10;1000;build;stim;0.014348799944855273
11;1000;build;stim;0.020104499999433756
12;1000;build;stim;0.013977700029499829
13;1000;build;stim;0.017373999929986894
14;1000;build;stim;0.02711810008622706
15;1000;build;stim;0.01337010005954653
16;1000;build;stim;0.014456499950028956
17;1000;build;stim;0.015430300030857325
18;1000;build;stim;0.014093799982219934
19;1000;build;stim;0.016655499930493534
20;1000;build;stim;0.012678300030529499
21;1000;build;stim;0.021957900025881827
22;1000;build;stim;0.01574790000449866
23;1000;build;stim;0.013887000037357211
24;1000;build;stim;0.013707600068300962
25;1000;build;stim;0.013432100065983832
26;1000;build;stim;0.0143598000286147
27;1000;build;stim;0.01451390003785491
28;1000;build;stim;0.0190504000056535
29;1000;build;stim;0.012524400022812188
30;1000;build;stim;0.014330000034533441
1;3000;build;stim;0.0340997000457719
2;3000;build;stim;0.08420529996510595
3;3000;build;stim;0.05436579999513924
4;3000;build;stim;0.04383680003229529
5;3000;build;stim;0.03959850000683218
6;3000;build;stim;0.04990620003081858
7;3000;build;stim;0.04178520001005381
8;3000;build;stim;0.03966349991969764
9;3000;build;stim;0.04551830003038049
10;3000;build;stim;0.04070729995146394
11;3000;build;stim;0.03925220004748553
12;3000;build;stim;0.039520899998024106
13;3000;build;stim;0.03887110005598515
14;3000;build;stim;0.04396519996225834
15;3000;build;stim;0.05205639998894185
16;3000;build;stim;0.042158299940638244
17;3000;build;stim;0.043915400048717856
18;3000;build;stim;0.04532670008484274
19;3000;build;stim;0.03835260006599128
20;3000;build;stim;0.04116150003392249
21;3000;build;stim;0.03958079998847097
22;3000;build;stim;0.04403069999534637
23;3000;build;stim;0.03996460000053048
24;3000;build;stim;0.04034129995852709
25;3000;build;stim;0.03885499993339181
26;3000;build;stim;0.03800459997728467
27;3000;build;stim;0.04145989997778088
28;3000;build;stim;0.043112399987876415
29;3000;build;stim;0.04534640000201762
30;3000;build;stim;0.041239499929361045
1;6000;build;stim;0.16167519998271018
2;6000;build;stim;0.07845130003988743
3;6000;build;stim;0.0900940999854356
4;6000;build;stim;0.08770200004801154
5;6000;build;stim;0.09174299996811897
6;6000;build;stim;0.07724000001326203
7;6000;build;stim;0.07227130001410842
8;6000;build;stim;0.10059739998541772
9;6000;build;stim;0.12194119999185205
10;6000;build;stim;0.07661740004550666
11;6000;build;stim;0.09879109996836632
12;6000;build;stim;0.1561193000525236
13;6000;build;stim;0.07777590001933277
14;6000;build;stim;0.08073140005581081
15;6000;build;stim;0.0790521000744775
16;6000;build;stim;0.08196069998666644
17;6000;build;stim;0.06971119996160269
18;6000;build;stim;0.07555169996339828
19;6000;build;stim;0.09104339999612421
20;6000;build;stim;0.08149549993686378
21;6000;build;stim;0.08731790003366768
22;6000;build;stim;0.07508170010987669
23;6000;build;stim;0.08328890008851886
24;6000;build;stim;0.10608729999512434
25;6000;build;stim;0.07360890007112175
26;6000;build;stim;0.07487559993751347
27;6000;build;stim;0.08805939997546375
28;6000;build;stim;0.07364449999295175
29;6000;build;stim;0.13823130005039275
30;6000;build;stim;0.08103070000652224
1;8000;build;stim;0.1995963000226766
2;8000;build;stim;0.12920690001919866
3;8000;build;stim;0.11164079990703613
4;8000;build;stim;0.10406379995401949
5;8000;build;stim;0.1022550999186933
6;8000;build;stim;0.11421270004939288
7;8000;build;stim;0.10610159998759627
8;8000;build;stim;0.21026960003655404
9;8000;build;stim;0.12497979996260256
10;8000;build;stim;0.10344439989421517
11;8000;build;stim;0.10263259999919683
12;8000;build;stim;0.1024660998955369
13;8000;build;stim;0.18533579993527383
14;8000;build;stim;0.1435696000698954
15;8000;build;stim;0.10120110004208982
16;8000;build;stim;0.15397200000006706
17;8000;build;stim;0.10137369995936751
18;8000;build;stim;0.13237580005079508
19;8000;build;stim;0.11327699990943074
20;8000;build;stim;0.10642649990040809
21;8000;build;stim;0.1111061000265181
22;8000;build;stim;0.12409490009304136
23;8000;build;stim;0.12346939998678863
24;8000;build;stim;0.09943550010211766
25;8000;build;stim;0.11666810000315309
26;8000;build;stim;0.19675979996100068
27;8000;build;stim;0.0971871999790892
28;8000;build;stim;0.17207999993115664
29;8000;build;stim;0.107332699932158
30;8000;build;stim;0.1045287000015378
1;10000;build;stim;0.25738100009039044
2;10000;build;stim;0.12712570000439882
3;10000;build;stim;0.1451444000704214
4;10000;build;stim;0.15873020002618432
5;10000;build;stim;0.15351680002640933
6;10000;build;stim;0.13808949990198016
7;10000;build;stim;0.1812313999980688
8;10000;build;stim;0.258085299981758
9;10000;build;stim;0.13742310006637126
10;10000;build;stim;0.1335001999977976
11;10000;build;stim;0.13203560002148151
12;10000;build;stim;0.12435559998266399
13;10000;build;stim;0.26065850001759827
14;10000;build;stim;0.1422432999825105
15;10000;build;stim;0.1258063999703154
16;10000;build;stim;0.1706140999449417
17;10000;build;stim;0.13604970008600503
18;10000;build;stim;0.2207040999783203
19;10000;build;stim;0.13030459999572486
20;10000;build;stim;0.16391989996191114
21;10000;build;stim;0.11906380008440465
22;10000;build;stim;0.11204229993745685
23;10000;build;stim;0.1279576999368146
24;10000;build;stim;0.13241969991941005
25;10000;build;stim;0.14097680000122637
26;10000;build;stim;0.12314700009301305
27;10000;build;stim;0.1316825000103563
28;10000;build;stim;0.18591399991419166
29;10000;build;stim;0.2421115000033751
30;10000;build;stim;0.15116650005802512
1;12000;build;stim;0.2616601000772789
2;12000;build;stim;0.13743330002762377
3;12000;build;stim;0.20377739996183664
4;12000;build;stim;0.1612831000238657
5;12000;build;stim;0.2039702000329271
6;12000;build;stim;0.1773274999577552
7;12000;build;stim;0.15870990010444075
8;12000;build;stim;0.17168160004075617
9;12000;build;stim;0.18004640005528927
10;12000;build;stim;0.16024120000656694
11;12000;build;stim;0.17431880009826273
12;12000;build;stim;0.13031100004445761
13;12000;build;stim;0.27472470002248883
14;12000;build;stim;0.15701770002488047
15;12000;build;stim;0.13014419993851334
16;12000;build;stim;0.20751970005221665
17;12000;build;stim;0.16281490004621446
18;12000;build;stim;0.15491799998562783
19;12000;build;stim;0.1719242000253871
20;12000;build;stim;0.16258339991327375
21;12000;build;stim;0.19123060000129044
22;12000;build;stim;0.16230900003574789
23;12000;build;stim;0.23456090001855046
24;12000;build;stim;0.28359329991508275
25;12000;build;stim;0.14794120006263256
26;12000;build;stim;0.15150369994807988
27;12000;build;stim;0.1865124999312684
28;12000;build;stim;0.15728129993658513
29;12000;build;stim;0.1490398000460118
30;12000;build;stim;0.1611086999764666
1;10;build;paulie;0.07293459994252771
2;10;build;paulie;0.0012002999428659678
3;10;build;paulie;0.0015127999940887094
4;10;build;paulie;0.0013963999226689339
5;10;build;paulie;0.0014174000825732946
6;10;build;paulie;0.0014055999927222729
7;10;build;paulie;0.001221399987116456
8;10;build;paulie;0.0013482000213116407
9;10;build;paulie;0.0011898999800905585
10;10;build;paulie;0.0018048000056296587
11;10;build;paulie;0.0013453999999910593
12;10;build;paulie;0.0019340000580996275
13;10;build;paulie;0.0019215000793337822
14;10;build;paulie;0.0022840999299660325
15;10;build;paulie;0.0013638000236824155
16;10;build;paulie;0.0013417999725788832
17;10;build;paulie;0.0019669000757858157
18;10;build;paulie;0.001370800076983869
19;10;build;paulie;0.0021739000221714377
20;10;build;paulie;0.0014687000075355172
21;10;build;paulie;0.001267499988898635
22;10;build;paulie;0.002299400046467781
23;10;build;paulie;0.001647000084631145
24;10;build;paulie;0.0013297999976202846
25;10;build;paulie;0.00148760003503412
26;10;build;paulie;0.002483900054357946
27;10;build;paulie;0.0013986000558361411
28;10;build;paulie;0.0012938999570906162
29;10;build;paulie;0.0013779000146314502
30;10;build;paulie;0.0015652000438421965
1;100;build;paulie;0.002214199979789555
2;100;build;paulie;0.003131199977360666
3;100;build;paulie;0.0024616000009700656
4;100;build;paulie;0.003376999986357987
5;100;build;paulie;0.0035720999585464597
6;100;build;paulie;0.0034522999776527286
7;100;build;paulie;0.0028605000115931034
8;100;build;paulie;0.002926900051534176
9;100;build;paulie;0.002364999963901937
10;100;build;paulie;0.003126799943856895
11;100;build;paulie;0.0033106000628322363
12;100;build;paulie;0.0032227999763563275
13;100;build;paulie;0.003384800045751035
14;100;build;paulie;0.002845600014552474
15;100;build;paulie;0.0025520999915897846
16;100;build;paulie;0.002625899971462786
17;100;build;paulie;0.002618500031530857
18;100;build;paulie;0.004807999939657748
19;100;build;paulie;0.00271140004042536
20;100;build;paulie;0.0038006999529898167
21;100;build;paulie;0.0028176000341773033
22;100;build;paulie;0.004862000001594424
23;100;build;paulie;0.0033224000362679362
24;100;build;paulie;0.002767800004221499
25;100;build;paulie;0.0032372999703511596
26;100;build;paulie;0.003436499973759055
27;100;build;paulie;0.0039470000192523
28;100;build;paulie;0.0026023000245913863
29;100;build;paulie;0.004618500010110438
30;100;build;paulie;0.002700700075365603
1;1000;build;paulie;0.013636499992571771
2;1000;build;paulie;0.042379099992103875
3;1000;build;paulie;0.021422200021333992
4;1000;build;paulie;0.018978199921548367
5;1000;build;paulie;0.016651400015689433
6;1000;build;paulie;0.01634080009534955
7;1000;build;paulie;0.01904889999423176
8;1000;build;paulie;0.030437500099651515
9;1000;build;paulie;0.014986000023782253
10;1000;build;paulie;0.020788699970580637
11;1000;build;paulie;0.017191199935041368
12;1000;build;paulie;0.014397099963389337
13;1000;build;paulie;0.01708160003181547
14;1000;build;paulie;0.015925000072456896
15;1000;build;paulie;0.02905579993966967
16;1000;build;paulie;0.04637129988986999
17;1000;build;paulie;0.017212300095707178
18;1000;build;paulie;0.021638000034727156
19;1000;build;paulie;0.016649400000460446
20;1000;build;paulie;0.015379999997094274
21;1000;build;paulie;0.01638669997919351
22;1000;build;paulie;0.01662070001475513
23;1000;build;paulie;0.01684599998407066
24;1000;build;paulie;0.03451209992635995
25;1000;build;paulie;0.020607199985533953
26;1000;build;paulie;0.02070359990466386
27;1000;build;paulie;0.016541799996048212
28;1000;build;paulie;0.0185598999960348
29;1000;build;paulie;0.01754380005877465
30;1000;build;paulie;0.019001199980266392
1;3000;build;paulie;0.04020170005969703
2;3000;build;paulie;0.09935439995024353
3;3000;build;paulie;0.06864369998220354
4;3000;build;paulie;0.4064912999747321
5;3000;build;paulie;0.05825369991362095
6;3000;build;paulie;0.06790060002822429
7;3000;build;paulie;0.0434802999952808
8;3000;build;paulie;0.05328290001489222
9;3000;build;paulie;0.04907820001244545
10;3000;build;paulie;0.04865300003439188
11;3000;build;paulie;0.04950779990758747
12;3000;build;paulie;0.05291730002500117
13;3000;build;paulie;0.04780539998319
14;3000;build;paulie;0.04623729991726577
15;3000;build;paulie;0.06201120000332594
16;3000;build;paulie;0.07081179996021092
17;3000;build;paulie;0.061762899975292385
18;3000;build;paulie;0.04900849994737655
19;3000;build;paulie;0.053141399985179305
20;3000;build;paulie;0.05117490002885461
21;3000;build;paulie;0.0473348000086844
22;3000;build;paulie;0.05286799999885261
23;3000;build;paulie;0.04666599992197007
24;3000;build;paulie;0.052659699926152825
25;3000;build;paulie;0.06516370002645999
26;3000;build;paulie;0.04721109999809414
27;3000;build;paulie;0.04885480005759746
28;3000;build;paulie;0.058900399948470294
29;3000;build;paulie;0.05447309999726713
30;3000;build;paulie;0.05003659997601062
1;6000;build;paulie;0.1914153000107035
2;6000;build;paulie;0.10247579996939749
3;6000;build;paulie;0.12139810004737228
4;6000;build;paulie;0.0939494000049308
5;6000;build;paulie;0.10364350001327693
6;6000;build;paulie;0.1004062999272719
7;6000;build;paulie;0.11564550001639873
8;6000;build;paulie;0.09820200002286583
9;6000;build;paulie;0.12044670002069324
10;6000;build;paulie;0.09095530002377927
11;6000;build;paulie;0.09927140001673251
12;6000;build;paulie;0.11617509997449815
13;6000;build;paulie;0.1189791999058798
14;6000;build;paulie;0.09490180003922433
15;6000;build;paulie;0.09610979992430657
16;6000;build;paulie;0.10748950007837266
17;6000;build;paulie;0.11010980000719428
18;6000;build;paulie;0.1158842999720946
19;6000;build;paulie;0.10138880007434636
20;6000;build;paulie;0.10473939997609705
21;6000;build;paulie;0.14059580001048744
22;6000;build;paulie;0.11661789997015148
23;6000;build;paulie;0.1191617000149563
24;6000;build;paulie;0.13013790000695735
25;6000;build;paulie;0.09835720004048198
26;6000;build;paulie;0.13446810003370047
27;6000;build;paulie;0.10230060003232211
28;6000;build;paulie;0.09818109998013824
29;6000;build;paulie;0.10890490002930164
30;6000;build;paulie;0.10687260003760457
1;8000;build;paulie;0.1308945999480784
2;8000;build;paulie;0.16015990008600056
3;8000;build;paulie;0.1527687000343576
4;8000;build;paulie;0.13081840006634593
5;8000;build;paulie;0.14131029997952282
6;8000;build;paulie;0.13633889995981008
7;8000;build;paulie;0.13367870007641613
8;8000;build;paulie;0.26048669998999685
9;8000;build;paulie;0.18208050006069243
10;8000;build;paulie;0.12914549990091473
11;8000;build;paulie;0.12138090003281832
12;8000;build;paulie;0.1486975000007078
13;8000;build;paulie;0.26468940009362996
14;8000;build;paulie;0.12989380001090467
15;8000;build;paulie;0.16518529993481934
16;8000;build;paulie;0.1559654000448063
17;8000;build;paulie;0.13327969994861633
18;8000;build;paulie;0.1268390000332147
19;8000;build;paulie;0.1754668999928981
20;8000;build;paulie;0.17190319998189807
21;8000;build;paulie;0.16047170001547784
22;8000;build;paulie;0.16669680003542453
23;8000;build;paulie;0.1665709000080824
24;8000;build;paulie;0.12521679990459234
25;8000;build;paulie;0.17781150003429502
26;8000;build;paulie;0.12805180007126182
27;8000;build;paulie;0.12906380009371787
28;8000;build;paulie;0.13423680001869798
29;8000;build;paulie;0.1342331999912858
30;8000;build;paulie;0.178602600004524
1;10000;build;paulie;0.3155018000397831
2;10000;build;paulie;0.17799370002467185
3;10000;build;paulie;0.175388399977237
4;10000;build;paulie;0.1732472999719903
5;10000;build;paulie;0.15679080004338175
6;10000;build;paulie;0.141258200048469
7;10000;build;paulie;0.22011959995143116
8;10000;build;paulie;0.31294930004514754
9;10000;build;paulie;0.16495149990078062
10;10000;build;paulie;0.304567200015299
11;10000;build;paulie;0.16085629991721362
12;10000;build;paulie;0.14470190007705241
13;10000;build;paulie;0.3207561000017449
14;10000;build;paulie;0.15975460002664477
15;10000;build;paulie;0.17531760002020746
16;10000;build;paulie;0.20773799996823072
17;10000;build;paulie;0.16171130002476275
18;10000;build;paulie;0.1970119000179693
19;10000;build;paulie;0.15464550000615418
20;10000;build;paulie;0.193147600046359
21;10000;build;paulie;0.18394280003849417
22;10000;build;paulie;0.1345309999305755
23;10000;build;paulie;0.15862580004613847
24;10000;build;paulie;0.21658290002960712
25;10000;build;paulie;0.2331547000212595
26;10000;build;paulie;0.1840048999292776
27;10000;build;paulie;0.1733810999430716
28;10000;build;paulie;0.16711579996626824
29;10000;build;paulie;0.15244820003863424
30;10000;build;paulie;0.16541090002283454
1;12000;build;paulie;0.3752986000617966
2;12000;build;paulie;0.21888910001143813
3;12000;build;paulie;0.20073419995605946
4;12000;build;paulie;0.19814780005253851
5;12000;build;paulie;0.1996555000077933
6;12000;build;paulie;0.31106620002537966
7;12000;build;paulie;0.17838629998732358
8;12000;build;paulie;0.2585349000291899
9;12000;build;paulie;0.19648699997924268
10;12000;build;paulie;0.24409189994912595
11;12000;build;paulie;0.201671399991028
12;12000;build;paulie;0.16719509998802096
13;12000;build;paulie;0.37822509999386966
14;12000;build;paulie;0.20047320006415248
15;12000;build;paulie;0.17904010007623583
16;12000;build;paulie;0.16416829999070615
17;12000;build;paulie;0.24753219995182008
18;12000;build;paulie;0.22542549995705485
19;12000;build;paulie;0.19076000002678484
20;12000;build;paulie;0.18994429998565465
21;12000;build;paulie;0.19866869994439185
22;12000;build;paulie;0.22385780001059175
23;12000;build;paulie;0.2069372000405565
24;12000;build;paulie;0.18656320008449256
25;12000;build;paulie;0.3350974000059068
26;12000;build;paulie;0.19174149993341416
27;12000;build;paulie;0.21200019994284958
28;12000;build;paulie;0.18258180003613234
29;12000;build;paulie;0.18530760006979108
30;12000;build;paulie;0.17766849999316037
1;10;build;pauliarray;0.1168527000118047
2;10;build;pauliarray;0.031410599942319095
3;10;build;pauliarray;0.023324099951423705
4;10;build;pauliarray;0.022073799977079034
5;10;build;pauliarray;0.024963099975138903
6;10;build;pauliarray;0.025149299995973706
7;10;build;pauliarray;0.02188769995700568
8;10;build;pauliarray;0.042660299921408296
9;10;build;pauliarray;0.018134600017219782
10;10;build;pauliarray;0.02217029989697039
11;10;build;pauliarray;0.03454090002924204
12;10;build;pauliarray;0.060493199969641864
13;10;build;pauliarray;0.020842200028710067
14;10;build;pauliarray;0.027089000097475946
15;10;build;pauliarray;0.02167889999691397
16;10;build;pauliarray;0.029858099995180964
17;10;build;pauliarray;0.021191100007854402
18;10;build;pauliarray;0.019962099962867796
19;10;build;pauliarray;0.026897900039330125
20;10;build;pauliarray;0.02161199995316565
21;10;build;pauliarray;0.024331600056029856
22;10;build;pauliarray;0.021381600061431527
23;10;build;pauliarray;0.024984800023958087
24;10;build;pauliarray;0.025400400045327842
25;10;build;pauliarray;0.027879800065420568
26;10;build;pauliarray;0.03018620004877448
27;10;build;pauliarray;0.027662000036798418
28;10;build;pauliarray;0.02202409994788468
29;10;build;pauliarray;0.02187450008932501
30;10;build;pauliarray;0.020002200035378337
1;100;build;pauliarray;0.038907799986191094
2;100;build;pauliarray;0.10802030004560947
3;100;build;pauliarray;0.06195809994824231
4;100;build;pauliarray;0.0589378000004217
5;100;build;pauliarray;0.04114990006200969
6;100;build;pauliarray;0.04222009994555265
7;100;build;pauliarray;0.04817540000658482
8;100;build;pauliarray;0.05037579999770969
9;100;build;pauliarray;0.03818999999202788
10;100;build;pauliarray;0.04453419998753816
11;100;build;pauliarray;0.07210300001315773
12;100;build;pauliarray;0.060198099934495986
13;100;build;pauliarray;0.04455980006605387
14;100;build;pauliarray;0.05446329992264509
15;100;build;pauliarray;0.041405299911275506
16;100;build;pauliarray;0.0425503000151366
17;100;build;pauliarray;0.043503800057806075
18;100;build;pauliarray;0.053181400056928396
19;100;build;pauliarray;0.061561499955132604
20;100;build;pauliarray;0.044407499954104424
21;100;build;pauliarray;0.0388092000503093
22;100;build;pauliarray;0.042036599945276976
23;100;build;pauliarray;0.04148979997262359
24;100;build;pauliarray;0.04871090000960976
25;100;build;pauliarray;0.08864630002062768
26;100;build;pauliarray;0.041402900009416044
27;100;build;pauliarray;0.044983499916270375
28;100;build;pauliarray;0.042792199994437397
29;100;build;pauliarray;0.04056980006862432
30;100;build;pauliarray;0.04850630008149892
1;1000;build;pauliarray;0.2218701000092551
2;1000;build;pauliarray;0.5308868000283837
3;1000;build;pauliarray;0.27131740003824234
4;1000;build;pauliarray;0.2524079999420792
5;1000;build;pauliarray;0.34246720001101494
6;1000;build;pauliarray;0.26777659996878356
7;1000;build;pauliarray;0.3148307000519708
8;1000;build;pauliarray;0.2773936999728903
9;1000;build;pauliarray;0.3036458999849856
10;1000;build;pauliarray;0.2625078000128269
11;1000;build;pauliarray;0.25752580002881587
12;1000;build;pauliarray;0.24137860001064837
13;1000;build;pauliarray;0.26391270000021905
14;1000;build;pauliarray;0.3462318000383675
15;1000;build;pauliarray;0.3038819999201223
16;1000;build;pauliarray;0.35941630008164793
17;1000;build;pauliarray;0.34499130002222955
18;1000;build;pauliarray;0.27466090000234544
19;1000;build;pauliarray;0.2609659000299871
20;1000;build;pauliarray;0.2319431999931112
21;1000;build;pauliarray;0.26080339995678514
22;1000;build;pauliarray;0.2490143000613898
23;1000;build;pauliarray;0.27958510001190007
24;1000;build;pauliarray;0.30206459993496537
25;1000;build;pauliarray;0.25763859995640814
26;1000;build;pauliarray;0.26105979993008077
27;1000;build;pauliarray;0.2948407999938354
28;1000;build;pauliarray;0.283927800017409
29;1000;build;pauliarray;0.261653000023216
30;1000;build;pauliarray;0.24347909993957728
1;3000;build;pauliarray;0.6552331999409944
2;3000;build;pauliarray;1.4890506999799982
3;3000;build;pauliarray;0.7194703000131994
4;3000;build;pauliarray;0.8603460000595078
5;3000;build;pauliarray;0.7896860999753699
6;3000;build;pauliarray;0.8992865000618622
7;3000;build;pauliarray;0.796032499987632
8;3000;build;pauliarray;0.7462995999958366
9;3000;build;pauliarray;0.8144799000583589
10;3000;build;pauliarray;0.9149987000273541
11;3000;build;pauliarray;0.8492261000210419
12;3000;build;pauliarray;0.8564585000276566
13;3000;build;pauliarray;0.7545642999466509
14;3000;build;pauliarray;0.8477987999795005
15;3000;build;pauliarray;0.8210503000300378
16;3000;build;pauliarray;0.8280183000024408
17;3000;build;pauliarray;0.836744699976407
18;3000;build;pauliarray;0.9422529999865219
19;3000;build;pauliarray;0.7610058999853209
20;3000;build;pauliarray;0.814682099968195
21;3000;build;pauliarray;0.8360555999679491
22;3000;build;pauliarray;1.0212385000195354
23;3000;build;pauliarray;0.8421072999481112
24;3000;build;pauliarray;0.8526702000526711
25;3000;build;pauliarray;0.9037897000089288
26;3000;build;pauliarray;0.8202092000283301
27;3000;build;pauliarray;0.7825118999462575
28;3000;build;pauliarray;0.9906631999183446
29;3000;build;pauliarray;0.7985903000226244
30;3000;build;pauliarray;0.8973933000816032
1;6000;build;pauliarray;2.974876599968411
2;6000;build;pauliarray;1.9749557999894023
3;6000;build;pauliarray;2.178833600017242
4;6000;build;pauliarray;1.4867153000086546
5;6000;build;pauliarray;1.8591057000448927
6;6000;build;pauliarray;1.6649266000604257
7;6000;build;pauliarray;1.5401113000698388
8;6000;build;pauliarray;1.5037668000441045
9;6000;build;pauliarray;2.081960399984382
10;6000;build;pauliarray;2.001179999904707
11;6000;build;pauliarray;1.523026300012134
12;6000;build;pauliarray;1.6688936999998987
13;6000;build;pauliarray;1.6375412000343204
14;6000;build;pauliarray;1.7840965000214055
15;6000;build;pauliarray;1.7414671999868006
16;6000;build;pauliarray;1.919558700057678
17;6000;build;pauliarray;1.7289268999593332
18;6000;build;pauliarray;1.7424705000594258
19;6000;build;pauliarray;1.6852804999798536
20;6000;build;pauliarray;1.6488557000411674
21;6000;build;pauliarray;1.641276799957268
22;6000;build;pauliarray;1.5587328999536112
23;6000;build;pauliarray;1.487401599995792
24;6000;build;pauliarray;1.5528544000117108
25;6000;build;pauliarray;1.7129651999566704
26;6000;build;pauliarray;1.588186900014989
27;6000;build;pauliarray;1.5189021000405774
28;6000;build;pauliarray;1.5270564999664202
29;6000;build;pauliarray;1.640499599976465
30;6000;build;pauliarray;1.6820580000057817
1;8000;build;pauliarray;3.727111399988644
2;8000;build;pauliarray;2.500159499933943
3;8000;build;pauliarray;2.720168299973011
4;8000;build;pauliarray;2.019251300022006
5;8000;build;pauliarray;2.324406599975191
6;8000;build;pauliarray;2.155112999957055
7;8000;build;pauliarray;2.059465700061992
8;8000;build;pauliarray;4.0087517000501975
9;8000;build;pauliarray;1.9309115000069141
10;8000;build;pauliarray;2.2314660999691114
11;8000;build;pauliarray;2.3128069000085816
12;8000;build;pauliarray;2.0083874000702053
13;8000;build;pauliarray;3.038465899997391
14;8000;build;pauliarray;2.155218399944715
15;8000;build;pauliarray;2.1849890999728814
16;8000;build;pauliarray;2.2121696000685915
17;8000;build;pauliarray;2.0150605000089854
18;8000;build;pauliarray;2.0024042999139056
19;8000;build;pauliarray;2.0739689000183716
20;8000;build;pauliarray;2.4893535000737756
21;8000;build;pauliarray;2.139974300051108
22;8000;build;pauliarray;2.103812300018035
23;8000;build;pauliarray;2.0830629999982193
24;8000;build;pauliarray;2.1472024999093264
25;8000;build;pauliarray;1.8902993999654427
26;8000;build;pauliarray;2.198799100005999
27;8000;build;pauliarray;2.1255331999855116
28;8000;build;pauliarray;1.9693053000373766
29;8000;build;pauliarray;2.1655680000549182
30;8000;build;pauliarray;2.1035439999541268
1;10000;build;pauliarray;4.725500300060958
2;10000;build;pauliarray;2.7341255999635905
3;10000;build;pauliarray;2.6509521999396384
4;10000;build;pauliarray;2.3562912000343204
5;10000;build;pauliarray;2.609552799956873
6;10000;build;pauliarray;2.406112500000745
7;10000;build;pauliarray;4.0447232000296935
8;10000;build;pauliarray;5.054639400099404
9;10000;build;pauliarray;2.5783185000764206
10;10000;build;pauliarray;2.680240200017579
11;10000;build;pauliarray;2.6831187999341637
12;10000;build;pauliarray;2.2010909999953583
13;10000;build;pauliarray;5.473115000058897
14;10000;build;pauliarray;2.668324499973096
15;10000;build;pauliarray;2.986668199999258
16;10000;build;pauliarray;2.6406745000276715
17;10000;build;pauliarray;2.868447000044398
18;10000;build;pauliarray;2.643257800024003
19;10000;build;pauliarray;2.9097216998925433
20;10000;build;pauliarray;2.667643699911423
21;10000;build;pauliarray;2.5253475999925286
22;10000;build;pauliarray;2.768071600003168
23;10000;build;pauliarray;2.658046800061129
24;10000;build;pauliarray;3.02796269999817
25;10000;build;pauliarray;2.592066999990493
26;10000;build;pauliarray;2.51735209999606
27;10000;build;pauliarray;2.5558154000900686
28;10000;build;pauliarray;2.784534400096163
29;10000;build;pauliarray;2.5950914999702945
30;10000;build;pauliarray;2.694020099937916
1;12000;build;pauliarray;5.847267400007695
2;12000;build;pauliarray;3.08438729995396
3;12000;build;pauliarray;3.604417899972759
4;12000;build;pauliarray;3.3958013000665233
5;12000;build;pauliarray;3.3060205000219867
6;12000;build;pauliarray;3.246409700019285
7;12000;build;pauliarray;2.895175899961032
8;12000;build;pauliarray;3.3050923999398947
9;12000;build;pauliarray;3.087627699947916
10;12000;build;pauliarray;3.5364825000287965
11;12000;build;pauliarray;3.234182099928148
12;12000;build;pauliarray;2.774451300036162
13;12000;build;pauliarray;5.091564200003631
14;12000;build;pauliarray;3.993640900007449
15;12000;build;pauliarray;3.4428644001018256
16;12000;build;pauliarray;3.317075000028126
17;12000;build;pauliarray;3.2681817000266165
18;12000;build;pauliarray;3.2229027000721544
19;12000;build;pauliarray;3.294326200033538
20;12000;build;pauliarray;3.1305348998866975
21;12000;build;pauliarray;3.4651025999337435
22;12000;build;pauliarray;3.172556799952872
23;12000;build;pauliarray;3.247452799929306
24;12000;build;pauliarray;3.2608245000010356
25;12000;build;pauliarray;3.6517457000445575
26;12000;build;pauliarray;3.16289269994013
27;12000;build;pauliarray;3.032920300029218
28;12000;build;pauliarray;3.0416988000506535
29;12000;build;pauliarray;3.0715166999725625
30;12000;build;pauliarray;3.3708181000547484
1;10;build;pauliengine;0.07588379993103445
2;10;build;pauliengine;0.009549300069920719
3;10;build;pauliengine;0.004981799982488155
4;10;build;pauliengine;0.006773700006306171
5;10;build;pauliengine;0.009276899974793196
6;10;build;pauliengine;0.0047475999454036355
7;10;build;pauliengine;0.004628899972885847
8;10;build;pauliengine;0.0051003999542444944
9;10;build;pauliengine;0.003678899956867099
10;10;build;pauliengine;0.004671499948017299
11;10;build;pauliengine;0.005523900035768747
12;10;build;pauliengine;0.0047778000589460135
13;10;build;pauliengine;0.0045563000021502376
14;10;build;pauliengine;0.005561400088481605
15;10;build;pauliengine;0.004443799960426986
16;10;build;pauliengine;0.004131399909965694
17;10;build;pauliengine;0.004536299966275692
18;10;build;pauliengine;0.007515899953432381
19;10;build;pauliengine;0.00485990010201931
20;10;build;pauliengine;0.004966099979355931
21;10;build;pauliengine;0.0055201000068336725
22;10;build;pauliengine;0.00645240000449121
23;10;build;pauliengine;0.004818100016564131
24;10;build;pauliengine;0.010822399985045195
25;10;build;pauliengine;0.004390599904581904
26;10;build;pauliengine;0.004439899930730462
27;10;build;pauliengine;0.004361800034530461
28;10;build;pauliengine;0.004218999994918704
29;10;build;pauliengine;0.004346000030636787
30;10;build;pauliengine;0.005772799951955676
1;100;build;pauliengine;0.017809999990276992
2;100;build;pauliengine;0.028604899998754263
3;100;build;pauliengine;0.02176619996316731
4;100;build;pauliengine;0.029512299923226237
5;100;build;pauliengine;0.0223589000524953
6;100;build;pauliengine;0.02739210007712245
7;100;build;pauliengine;0.025137400021776557
8;100;build;pauliengine;0.02639180002734065
9;100;build;pauliengine;0.019764899974688888
10;100;build;pauliengine;0.024004300008527935
11;100;build;pauliengine;0.022622099961154163
12;100;build;pauliengine;0.03641960001550615
13;100;build;pauliengine;0.03449859993997961
14;100;build;pauliengine;0.02204180008266121
15;100;build;pauliengine;0.0520562999881804
16;100;build;pauliengine;0.020907900063320994
17;100;build;pauliengine;0.035539899952709675
18;100;build;pauliengine;0.021808800054714084
19;100;build;pauliengine;0.0213277000002563
20;100;build;pauliengine;0.019885399960912764
21;100;build;pauliengine;0.02647929999511689
22;100;build;pauliengine;0.023423000006005168
23;100;build;pauliengine;0.022764299996197224
24;100;build;pauliengine;0.026201399974524975
25;100;build;pauliengine;0.02306560007855296
26;100;build;pauliengine;0.025713200098834932
27;100;build;pauliengine;0.023653400014154613
28;100;build;pauliengine;0.026378599926829338
29;100;build;pauliengine;0.022381599992513657
30;100;build;pauliengine;0.030681499978527427
1;1000;build;pauliengine;0.20406489993911237
2;1000;build;pauliengine;0.383465199964121
3;1000;build;pauliengine;0.2919912999495864
4;1000;build;pauliengine;0.2691794999409467
5;1000;build;pauliengine;0.23676749994046986
6;1000;build;pauliengine;0.23455310007557273
7;1000;build;pauliengine;0.3152706999098882
8;1000;build;pauliengine;0.24969289998989552
9;1000;build;pauliengine;0.249787800014019
10;1000;build;pauliengine;0.31941330002155155
11;1000;build;pauliengine;0.26249380002263933
12;1000;build;pauliengine;0.22008729993831366
13;1000;build;pauliengine;0.24564999993890524
14;1000;build;pauliengine;0.21395150001626462
15;1000;build;pauliengine;0.3984684000024572
16;1000;build;pauliengine;0.22591329994611442
17;1000;build;pauliengine;0.2492066000122577
18;1000;build;pauliengine;0.2192090000025928
19;1000;build;pauliengine;0.22452020004857332
20;1000;build;pauliengine;0.2328410999616608
21;1000;build;pauliengine;0.27121520007494837
22;1000;build;pauliengine;0.21875840006396174
23;1000;build;pauliengine;0.21419930004049093
24;1000;build;pauliengine;0.24468500004149973
25;1000;build;pauliengine;0.2211569999344647
26;1000;build;pauliengine;0.2716962000122294
27;1000;build;pauliengine;0.2158226000610739
28;1000;build;pauliengine;0.21536010003183037
29;1000;build;pauliengine;0.24588299996685237
30;1000;build;pauliengine;0.19907190010417253
1;3000;build;pauliengine;1.5543990000151098
2;3000;build;pauliengine;0.7610461000585929
3;3000;build;pauliengine;0.8557484000921249
4;3000;build;pauliengine;0.7260739000048488
5;3000;build;pauliengine;1.014546199934557
6;3000;build;pauliengine;0.7403194999787956
7;3000;build;pauliengine;0.7183669999940321
8;3000;build;pauliengine;0.7344435000559315
9;3000;build;pauliengine;0.682865499984473
10;3000;build;pauliengine;0.9473886999767274
11;3000;build;pauliengine;0.7200992000289261
12;3000;build;pauliengine;1.2519804999465123
13;3000;build;pauliengine;0.7836370000150055
14;3000;build;pauliengine;0.9774525999091566
15;3000;build;pauliengine;0.7532160999253392
16;3000;build;pauliengine;0.7597571000223979
17;3000;build;pauliengine;0.8078408999135718
18;3000;build;pauliengine;0.7950434000231326
19;3000;build;pauliengine;0.8070565999951214
20;3000;build;pauliengine;0.784369400003925
21;3000;build;pauliengine;0.8513344000093639
22;3000;build;pauliengine;0.7368623999645934
23;3000;build;pauliengine;0.6715523001039401
24;3000;build;pauliengine;0.7740029999986291
25;3000;build;pauliengine;0.8028906000545248
26;3000;build;pauliengine;0.9145821999991313
27;3000;build;pauliengine;0.8178843000205234
28;3000;build;pauliengine;0.9758039000444114
29;3000;build;pauliengine;0.8679434999357909
30;3000;build;pauliengine;1.1296743000857532
1;6000;build;pauliengine;3.01197529991623
2;6000;build;pauliengine;1.955651499913074
3;6000;build;pauliengine;1.7800676999613643
4;6000;build;pauliengine;1.4602038000011817
5;6000;build;pauliengine;1.7604373000795022
6;6000;build;pauliengine;1.691145799937658
7;6000;build;pauliengine;1.7255556000163779
8;6000;build;pauliengine;1.6006217999383807
9;6000;build;pauliengine;1.8313911000732332
10;6000;build;pauliengine;1.7300614999840036
11;6000;build;pauliengine;1.6791224000044167
12;6000;build;pauliengine;1.671658999985084
13;6000;build;pauliengine;1.6238518999889493
14;6000;build;pauliengine;1.7278476000064984
15;6000;build;pauliengine;1.8992377000395209
16;6000;build;pauliengine;1.5995819000527263
17;6000;build;pauliengine;1.6797570999478921
18;6000;build;pauliengine;1.6765389998909086
19;6000;build;pauliengine;1.7237428000662476
20;6000;build;pauliengine;1.7651736999396235
21;6000;build;pauliengine;1.7407713999273255
22;6000;build;pauliengine;1.964529799995944
23;6000;build;pauliengine;1.6673667998984456
24;6000;build;pauliengine;1.6118147999513894
25;6000;build;pauliengine;1.822050500079058
26;6000;build;pauliengine;1.5543662999989465
27;6000;build;pauliengine;1.700115600018762
28;6000;build;pauliengine;1.7075951000442728
29;6000;build;pauliengine;1.5690666999435052
30;6000;build;pauliengine;1.6534281999338418
1;8000;build;pauliengine;3.686584199895151
2;8000;build;pauliengine;2.3793374999659136
3;8000;build;pauliengine;2.6629913001088426
4;8000;build;pauliengine;2.2456134000094607
5;8000;build;pauliengine;2.1991485999897122
6;8000;build;pauliengine;2.208145400043577
7;8000;build;pauliengine;4.236552600050345
8;8000;build;pauliengine;4.155082300072536
9;8000;build;pauliengine;2.1755349999293685
10;8000;build;pauliengine;2.4720316999591887
11;8000;build;pauliengine;2.186509700026363
12;8000;build;pauliengine;2.3794861999340355
13;8000;build;pauliengine;4.092413799953647
14;8000;build;pauliengine;2.34777769993525
15;8000;build;pauliengine;2.4178973000962287
16;8000;build;pauliengine;2.403725599986501
17;8000;build;pauliengine;2.6456565000116825
18;8000;build;pauliengine;2.1804375000065193
19;8000;build;pauliengine;2.275706599932164
20;8000;build;pauliengine;2.2999302999814972
21;8000;build;pauliengine;2.3402796000009403
22;8000;build;pauliengine;2.238582900026813
23;8000;build;pauliengine;2.419475100003183
24;8000;build;pauliengine;2.675086500006728
25;8000;build;pauliengine;2.4156711999094114
26;8000;build;pauliengine;2.494156299973838
27;8000;build;pauliengine;2.306408300064504
28;8000;build;pauliengine;2.2468647999921814
29;8000;build;pauliengine;2.588338000001386
30;8000;build;pauliengine;2.5284312000731006
1;10000;build;pauliengine;5.028985899989493
2;10000;build;pauliengine;3.0039392999606207
3;10000;build;pauliengine;3.1378115999978036
4;10000;build;pauliengine;2.7111073998967186
5;10000;build;pauliengine;2.9340589999919757
6;10000;build;pauliengine;2.8224462000653148
7;10000;build;pauliengine;3.0452330000698566
8;10000;build;pauliengine;3.4966549000237137
9;10000;build;pauliengine;3.3515670999186113
10;10000;build;pauliengine;2.835824199952185
11;10000;build;pauliengine;2.7512126000365242
12;10000;build;pauliengine;2.146861700108275
13;10000;build;pauliengine;4.699166600010358
14;10000;build;pauliengine;2.766181300044991
15;10000;build;pauliengine;5.364555299980566
16;10000;build;pauliengine;2.9744308000663295
17;10000;build;pauliengine;2.8945401000091806
18;10000;build;pauliengine;2.845968399895355
19;10000;build;pauliengine;2.7571662000846118
20;10000;build;pauliengine;2.983566500013694
21;10000;build;pauliengine;2.7911145000252873
22;10000;build;pauliengine;2.8619310000212863
23;10000;build;pauliengine;2.8751081000082195
24;10000;build;pauliengine;3.010518499999307
25;10000;build;pauliengine;2.8628218000521883
26;10000;build;pauliengine;2.92804539995268
27;10000;build;pauliengine;2.9477122999960557
28;10000;build;pauliengine;2.9419056000187993
29;10000;build;pauliengine;2.9824132999638095
30;10000;build;pauliengine;2.7836148999631405
1;12000;build;pauliengine;6.950582600082271
2;12000;build;pauliengine;3.671415699995123
3;12000;build;pauliengine;4.0592959999339655
4;12000;build;pauliengine;4.18200919998344
5;12000;build;pauliengine;3.6099296000320464
6;12000;build;pauliengine;3.7908323999727145
7;12000;build;pauliengine;3.745941999950446
8;12000;build;pauliengine;3.008008799981326
9;12000;build;pauliengine;4.548882400034927
10;12000;build;pauliengine;3.4544675999786705
11;12000;build;pauliengine;3.4674355998868123
12;12000;build;pauliengine;3.7990086999488994
13;12000;build;pauliengine;6.379515799926594
14;12000;build;pauliengine;3.684182500001043
15;12000;build;pauliengine;3.6741935000754893
16;12000;build;pauliengine;3.4789354000240564
17;12000;build;pauliengine;3.838903700001538
18;12000;build;pauliengine;3.880689000012353
19;12000;build;pauliengine;3.7138396999798715
20;12000;build;pauliengine;3.6409768000012264
21;12000;build;pauliengine;4.071789399953559
22;12000;build;pauliengine;3.7452895999886096
23;12000;build;pauliengine;3.8017618999583647
24;12000;build;pauliengine;3.730720499996096
25;12000;build;pauliengine;3.575265199993737
26;12000;build;pauliengine;3.6489042000612244
27;12000;build;pauliengine;3.619707699981518
28;12000;build;pauliengine;4.304685699986294
29;12000;build;pauliengine;3.561428699991666
30;12000;build;pauliengine;3.6287225999403745
1;10;commutes_with;stim;0.3724350000265986
2;10;commutes_with;stim;0.9004072999814525
3;10;commutes_with;stim;0.46354220004286617
4;10;commutes_with;stim;0.5442403999622911
5;10;commutes_with;stim;0.44477960001677275
6;10;commutes_with;stim;0.4393042998854071
7;10;commutes_with;stim;0.4433267000131309
8;10;commutes_with;stim;0.4372569000115618
9;10;commutes_with;stim;0.3518530000001192
10;10;commutes_with;stim;0.6745128000620753
11;10;commutes_with;stim;0.5300614000298083
12;10;commutes_with;stim;0.4740152000449598
13;10;commutes_with;stim;0.47489509999286383
14;10;commutes_with;stim;0.9055017000064254
15;10;commutes_with;stim;0.5337373999645934
16;10;commutes_with;stim;0.4987081999424845
17;10;commutes_with;stim;0.46785570005886257
18;10;commutes_with;stim;0.5291604000376537
19;10;commutes_with;stim;0.5149822999956086
20;10;commutes_with;stim;0.4467559000477195
21;10;commutes_with;stim;0.49226159998215735
22;10;commutes_with;stim;0.46356740000192076
23;10;commutes_with;stim;0.44281539996154606
24;10;commutes_with;stim;0.45320400001946837
25;10;commutes_with;stim;0.5386740999529138
26;10;commutes_with;stim;0.4527830999577418
27;10;commutes_with;stim;0.4860837999731302
28;10;commutes_with;stim;0.4949455000460148
29;10;commutes_with;stim;0.5383558999747038
30;10;commutes_with;stim;0.6455422000726685
1;100;commutes_with;stim;0.35304590000305325
2;100;commutes_with;stim;0.5437237999867648
3;100;commutes_with;stim;0.5441097998991609
4;100;commutes_with;stim;0.6352525999536738
5;100;commutes_with;stim;0.9215965999756008
6;100;commutes_with;stim;0.4523322000168264
7;100;commutes_with;stim;0.5574633000651374
8;100;commutes_with;stim;0.4595734999747947
9;100;commutes_with;stim;0.43168779998086393
10;100;commutes_with;stim;0.4640885000117123
11;100;commutes_with;stim;0.5420784000307322
12;100;commutes_with;stim;0.6614155999850482
13;100;commutes_with;stim;0.6624925000360236
14;100;commutes_with;stim;0.4771146000130102
15;100;commutes_with;stim;0.5440786000108346
16;100;commutes_with;stim;0.5201588999480009
17;100;commutes_with;stim;0.541443100082688
18;100;commutes_with;stim;0.634720400092192
19;100;commutes_with;stim;0.49885610002093017
20;100;commutes_with;stim;0.5157075999304652
21;100;commutes_with;stim;0.43891649995930493
22;100;commutes_with;stim;0.4747812000568956
23;100;commutes_with;stim;0.4784579999977723
24;100;commutes_with;stim;0.5064834000077099
25;100;commutes_with;stim;0.5062638999661431
26;100;commutes_with;stim;0.5364391000475734
27;100;commutes_with;stim;0.5733265000162646
28;100;commutes_with;stim;0.4933538999175653
29;100;commutes_with;stim;0.560170799959451
30;100;commutes_with;stim;0.46554870007093996
1;1000;commutes_with;stim;0.3746623999904841
2;1000;commutes_with;stim;0.7782371999928728
3;1000;commutes_with;stim;0.44690999994054437
4;1000;commutes_with;stim;0.4588803000515327
5;1000;commutes_with;stim;0.5319889000384137
6;1000;commutes_with;stim;0.49951930006500334
7;1000;commutes_with;stim;0.49586950009688735
8;1000;commutes_with;stim;0.4392632000381127
9;1000;commutes_with;stim;0.3901921999640763
10;1000;commutes_with;stim;0.5064647999824956
11;1000;commutes_with;stim;0.5405216000508517
12;1000;commutes_with;stim;0.44451390008907765
13;1000;commutes_with;stim;0.45200220006518066
14;1000;commutes_with;stim;0.5065719000995159
15;1000;commutes_with;stim;0.5397549000335857
16;1000;commutes_with;stim;0.44627129996661097
17;1000;commutes_with;stim;0.49741059995722026
18;1000;commutes_with;stim;0.4431909000268206
19;1000;commutes_with;stim;0.4320284000132233
20;1000;commutes_with;stim;0.3873567999107763
21;1000;commutes_with;stim;0.4721959999296814
22;1000;commutes_with;stim;0.5062870999099687
23;1000;commutes_with;stim;0.5241613000398502
24;1000;commutes_with;stim;0.4954383000731468
25;1000;commutes_with;stim;0.5039338999195024
26;1000;commutes_with;stim;0.4523122999817133
27;1000;commutes_with;stim;0.4538253000937402
28;1000;commutes_with;stim;0.5195242000045255
29;1000;commutes_with;stim;0.44207529991399497
30;1000;commutes_with;stim;0.4462518999353051
1;3000;commutes_with;stim;0.4190994999371469
2;3000;commutes_with;stim;0.9739308999851346
3;3000;commutes_with;stim;0.5287874999921769
4;3000;commutes_with;stim;0.4771930000279099
5;3000;commutes_with;stim;0.5015424999874085
6;3000;commutes_with;stim;0.6548825999489054
7;3000;commutes_with;stim;0.47767920000478625
8;3000;commutes_with;stim;0.47956130001693964
9;3000;commutes_with;stim;0.6148612000979483
10;3000;commutes_with;stim;0.5785833999980241
11;3000;commutes_with;stim;0.6238893999252468
12;3000;commutes_with;stim;0.5487570000113919
13;3000;commutes_with;stim;0.5426233999896795
14;3000;commutes_with;stim;0.516588700003922
15;3000;commutes_with;stim;0.48098180000670254
16;3000;commutes_with;stim;0.4741156999953091
17;3000;commutes_with;stim;0.539329299936071
18;3000;commutes_with;stim;0.5150820999406278
19;3000;commutes_with;stim;0.46436280000489205
20;3000;commutes_with;stim;0.5205514000263065
21;3000;commutes_with;stim;0.5580949999857694
22;3000;commutes_with;stim;0.5164876999333501
23;3000;commutes_with;stim;0.47743850003462285
24;3000;commutes_with;stim;0.5031599999638274
25;3000;commutes_with;stim;0.4749659999506548
26;3000;commutes_with;stim;0.48166879999917
27;3000;commutes_with;stim;0.5163419999880716
28;3000;commutes_with;stim;0.5844863000093028
29;3000;commutes_with;stim;0.5087966999271885
30;3000;commutes_with;stim;0.47799320006743073
1;6000;commutes_with;stim;1.044986900058575
2;6000;commutes_with;stim;0.5439488999545574
3;6000;commutes_with;stim;0.6201521999901161
4;6000;commutes_with;stim;0.5283649999182671
5;6000;commutes_with;stim;0.5294189999112859
6;6000;commutes_with;stim;0.5012980001047254
7;6000;commutes_with;stim;0.5194449999835342
8;6000;commutes_with;stim;0.7705035000108182
9;6000;commutes_with;stim;0.5965042000170797
10;6000;commutes_with;stim;0.6167209000559524
11;6000;commutes_with;stim;0.5234326999634504
12;6000;commutes_with;stim;1.140468000085093
13;6000;commutes_with;stim;0.5018209000118077
14;6000;commutes_with;stim;0.627285800059326
15;6000;commutes_with;stim;0.48956089990679175
16;6000;commutes_with;stim;0.5943938998971134
17;6000;commutes_with;stim;0.5201002000831068
18;6000;commutes_with;stim;0.5088315999601036
19;6000;commutes_with;stim;0.5702935000881553
20;6000;commutes_with;stim;0.5215689999749884
21;6000;commutes_with;stim;0.5624104000162333
22;6000;commutes_with;stim;0.5773305000038818
23;6000;commutes_with;stim;0.5296878000954166
24;6000;commutes_with;stim;0.5472738000098616
25;6000;commutes_with;stim;0.5522422000067309
26;6000;commutes_with;stim;0.5113457000115886
27;6000;commutes_with;stim;0.526768899988383
28;6000;commutes_with;stim;0.48906789999455214
29;6000;commutes_with;stim;0.6429445000831038
30;6000;commutes_with;stim;0.5133651000214741
1;8000;commutes_with;stim;1.1004099999554455
2;8000;commutes_with;stim;0.6236276999115944
3;8000;commutes_with;stim;0.6947417999617755
4;8000;commutes_with;stim;0.5115947000449523
5;8000;commutes_with;stim;0.5337665999541059
6;8000;commutes_with;stim;0.5020318999886513
7;8000;commutes_with;stim;0.5937306999694556
8;8000;commutes_with;stim;1.0715614000800997
9;8000;commutes_with;stim;0.6488781999796629
10;8000;commutes_with;stim;0.696282200049609
11;8000;commutes_with;stim;0.5556888000573963
12;8000;commutes_with;stim;0.5282322000712156
13;8000;commutes_with;stim;1.0551053000381216
14;8000;commutes_with;stim;0.5678211000049487
15;8000;commutes_with;stim;0.606152799911797
16;8000;commutes_with;stim;0.5451807999052107
17;8000;commutes_with;stim;0.5933088000165299
18;8000;commutes_with;stim;0.6558659999864176
19;8000;commutes_with;stim;0.5840250999899581
20;8000;commutes_with;stim;0.7248405000427738
21;8000;commutes_with;stim;0.5074450999964029
22;8000;commutes_with;stim;0.5852096000453457
23;8000;commutes_with;stim;0.6014946999493986
24;8000;commutes_with;stim;0.6031901000533253
25;8000;commutes_with;stim;0.5660092000616714
26;8000;commutes_with;stim;0.557349200011231
27;8000;commutes_with;stim;0.5778795999940485
28;8000;commutes_with;stim;0.6349079000065103
29;8000;commutes_with;stim;0.5223080000141636
30;8000;commutes_with;stim;0.6482294000452384
1;10000;commutes_with;stim;1.179583500023
2;10000;commutes_with;stim;0.5739558000350371
3;10000;commutes_with;stim;0.6448030000319704
4;10000;commutes_with;stim;0.5845642000203952
5;10000;commutes_with;stim;0.6396030000178143
6;10000;commutes_with;stim;0.6611687000840902
7;10000;commutes_with;stim;1.1484640000853688
8;10000;commutes_with;stim;1.1375339000951499
9;10000;commutes_with;stim;0.6758661000058055
10;10000;commutes_with;stim;0.7528322000289336
11;10000;commutes_with;stim;0.6507178000174463
12;10000;commutes_with;stim;0.5010603999253362
13;10000;commutes_with;stim;1.056951400008984
14;10000;commutes_with;stim;0.6971214000368491
15;10000;commutes_with;stim;0.5798707000212744
16;10000;commutes_with;stim;0.6090796000789851
17;10000;commutes_with;stim;0.7263425000710413
18;10000;commutes_with;stim;0.7458581998944283
19;10000;commutes_with;stim;0.5990647999569774
20;10000;commutes_with;stim;1.2698477000230923
21;10000;commutes_with;stim;0.5618169000372291
22;10000;commutes_with;stim;0.5743808000115678
23;10000;commutes_with;stim;0.5861969999969006
24;10000;commutes_with;stim;0.6048238000366837
25;10000;commutes_with;stim;0.5701495999237522
26;10000;commutes_with;stim;0.6094417000422254
27;10000;commutes_with;stim;0.6221755999140441
28;10000;commutes_with;stim;0.6656757000600919
29;10000;commutes_with;stim;0.5624676999868825
30;10000;commutes_with;stim;0.5938416999997571
1;12000;commutes_with;stim;1.2584648000774905
2;12000;commutes_with;stim;0.5394865000853315
3;12000;commutes_with;stim;0.7216113000176847
4;12000;commutes_with;stim;0.6029551000101492
5;12000;commutes_with;stim;0.5953315000515431
6;12000;commutes_with;stim;0.9445638000033796
7;12000;commutes_with;stim;0.6344044000143185
8;12000;commutes_with;stim;0.6858173999935389
9;12000;commutes_with;stim;0.7085794999729842
10;12000;commutes_with;stim;0.6054301999974996
11;12000;commutes_with;stim;0.6554173000622541
12;12000;commutes_with;stim;0.4821802000515163
13;12000;commutes_with;stim;1.1493168000597507
14;12000;commutes_with;stim;0.569568800041452
15;12000;commutes_with;stim;0.48925860004965216
16;12000;commutes_with;stim;0.5571142999688163
17;12000;commutes_with;stim;0.6735977000789717
18;12000;commutes_with;stim;0.7689268999965861
19;12000;commutes_with;stim;0.5893906999845058
20;12000;commutes_with;stim;0.6809534999774769
21;12000;commutes_with;stim;0.7921500999946147
22;12000;commutes_with;stim;0.7354419999755919
23;12000;commutes_with;stim;0.6236993999918923
24;12000;commutes_with;stim;0.6497320999624208
25;12000;commutes_with;stim;0.6535140000050887
26;12000;commutes_with;stim;0.6200185000197962
27;12000;commutes_with;stim;0.63515800004825
28;12000;commutes_with;stim;0.7267808000324294
29;12000;commutes_with;stim;0.5751983999507502
30;12000;commutes_with;stim;0.5825690999627113
1;10;commutes_with;paulie;0.34825489996001124
2;10;commutes_with;paulie;0.5435340999392793
3;10;commutes_with;paulie;0.5434086000313982
4;10;commutes_with;paulie;0.45149520004633814
5;10;commutes_with;paulie;0.42978840006981045
6;10;commutes_with;paulie;0.4154352000914514
7;10;commutes_with;paulie;0.4287317000562325
8;10;commutes_with;paulie;0.4663484999909997
9;10;commutes_with;paulie;0.3154937999788672
10;10;commutes_with;paulie;0.422447600052692
11;10;commutes_with;paulie;0.3862358999904245
12;10;commutes_with;paulie;0.41896479995921254
13;10;commutes_with;paulie;0.38516509998589754
14;10;commutes_with;paulie;0.8085505999624729
15;10;commutes_with;paulie;0.41830149991437793
16;10;commutes_with;paulie;0.3630045000463724
17;10;commutes_with;paulie;0.3917265000054613
18;10;commutes_with;paulie;0.3826682000653818
19;10;commutes_with;paulie;0.49515889992471784
20;10;commutes_with;paulie;0.40497959998901933
21;10;commutes_with;paulie;0.38973840000107884
22;10;commutes_with;paulie;0.4568466000491753
23;10;commutes_with;paulie;0.43115139997098595
24;10;commutes_with;paulie;0.41971020004712045
25;10;commutes_with;paulie;0.45805619994644076
26;10;commutes_with;paulie;0.46643620007671416
27;10;commutes_with;paulie;0.45669629995245486
28;10;commutes_with;paulie;0.3904493999434635
29;10;commutes_with;paulie;0.42623109999112785
30;10;commutes_with;paulie;0.46738129993900657
1;100;commutes_with;paulie;0.3245669000316411
2;100;commutes_with;paulie;0.7578514999477193
3;100;commutes_with;paulie;0.39908569992985576
4;100;commutes_with;paulie;0.49356669990811497
5;100;commutes_with;paulie;0.46281830000225455
6;100;commutes_with;paulie;0.4217447000555694
7;100;commutes_with;paulie;0.4638093000976369
8;100;commutes_with;paulie;0.3987419999903068
9;100;commutes_with;paulie;0.3264491999289021
10;100;commutes_with;paulie;0.4775114000076428
11;100;commutes_with;paulie;0.4649056999478489
12;100;commutes_with;paulie;0.4578800000017509
13;100;commutes_with;paulie;0.41317730001173913
14;100;commutes_with;paulie;0.41961549990810454
15;100;commutes_with;paulie;0.3667839999543503
16;100;commutes_with;paulie;0.396732599940151
17;100;commutes_with;paulie;0.4957818000111729
18;100;commutes_with;paulie;0.48686710000038147
19;100;commutes_with;paulie;0.5070158999878913
20;100;commutes_with;paulie;0.4342378999572247
21;100;commutes_with;paulie;0.5244714999571443
22;100;commutes_with;paulie;0.43525590002536774
23;100;commutes_with;paulie;0.40439030004199594
24;100;commutes_with;paulie;0.43420969997532666
25;100;commutes_with;paulie;0.4394245999865234
26;100;commutes_with;paulie;0.41367979999631643
27;100;commutes_with;paulie;0.5953192999586463
28;100;commutes_with;paulie;0.42567579995375127
29;100;commutes_with;paulie;0.4769298000028357
30;100;commutes_with;paulie;0.37345199997071177
1;1000;commutes_with;paulie;0.41574739990755916
2;1000;commutes_with;paulie;1.2089977000141516
3;1000;commutes_with;paulie;0.57063069997821
4;1000;commutes_with;paulie;0.5339134000241756
5;1000;commutes_with;paulie;0.5097147999331355
6;1000;commutes_with;paulie;0.4854971000459045
7;1000;commutes_with;paulie;0.4947313000448048
8;1000;commutes_with;paulie;0.5914778000442311
9;1000;commutes_with;paulie;0.41594410000834614
10;1000;commutes_with;paulie;0.509866299922578
11;1000;commutes_with;paulie;0.4885477999923751
12;1000;commutes_with;paulie;0.41982910002116114
13;1000;commutes_with;paulie;0.5163621000247076
14;1000;commutes_with;paulie;0.47526350000407547
15;1000;commutes_with;paulie;0.5715477999765426
16;1000;commutes_with;paulie;0.5618005000287667
17;1000;commutes_with;paulie;0.5632043000077829
18;1000;commutes_with;paulie;0.517832399928011
19;1000;commutes_with;paulie;0.5695997000439093
20;1000;commutes_with;paulie;0.4215978999854997
21;1000;commutes_with;paulie;0.4913541000569239
22;1000;commutes_with;paulie;0.5084040000801906
23;1000;commutes_with;paulie;0.6129778999602422
24;1000;commutes_with;paulie;0.5849647000432014
25;1000;commutes_with;paulie;0.5169327999465168
26;1000;commutes_with;paulie;0.5305954000214115
27;1000;commutes_with;paulie;0.4994173999875784
28;1000;commutes_with;paulie;0.5115305000217631
29;1000;commutes_with;paulie;0.5384752000682056
30;1000;commutes_with;paulie;0.521762500051409
1;3000;commutes_with;paulie;0.5316070999251679
2;3000;commutes_with;paulie;1.077608900028281
3;3000;commutes_with;paulie;0.5675972999306396
4;3000;commutes_with;paulie;0.5630994999082759
5;3000;commutes_with;paulie;0.6064978999784216
6;3000;commutes_with;paulie;0.5853736000135541
7;3000;commutes_with;paulie;0.5933628999628127
8;3000;commutes_with;paulie;0.5653775000246242
9;3000;commutes_with;paulie;0.5353212000336498
10;3000;commutes_with;paulie;0.614875299972482
11;3000;commutes_with;paulie;0.6031147000612691
12;3000;commutes_with;paulie;0.6315847999649122
13;3000;commutes_with;paulie;0.5626973999897018
14;3000;commutes_with;paulie;0.5230732000200078
15;3000;commutes_with;paulie;0.5308073000051081
16;3000;commutes_with;paulie;0.5804450999712572
17;3000;commutes_with;paulie;0.702062499942258
18;3000;commutes_with;paulie;0.6012607000302523
19;3000;commutes_with;paulie;0.6872760999249294
20;3000;commutes_with;paulie;0.5915321999927983
21;3000;commutes_with;paulie;0.5386086000362411
22;3000;commutes_with;paulie;0.5224824999459088
23;3000;commutes_with;paulie;0.5508900000713766
24;3000;commutes_with;paulie;0.518477400066331
25;3000;commutes_with;paulie;0.5816714999964461
26;3000;commutes_with;paulie;0.5496381999691948
27;3000;commutes_with;paulie;0.5086319000693038
28;3000;commutes_with;paulie;0.6290586000541225
29;3000;commutes_with;paulie;0.7285933999810368
30;3000;commutes_with;paulie;0.5725311000132933
1;6000;commutes_with;paulie;1.2072987999999896
2;6000;commutes_with;paulie;0.6245254999957979
3;6000;commutes_with;paulie;0.8336122999899089
4;6000;commutes_with;paulie;0.6192137999460101
5;6000;commutes_with;paulie;0.6537832000758499
6;6000;commutes_with;paulie;0.5828380000311881
7;6000;commutes_with;paulie;0.6072682000230998
8;6000;commutes_with;paulie;0.6874238000018522
9;6000;commutes_with;paulie;1.0909869000315666
10;6000;commutes_with;paulie;0.6888004000065848
11;6000;commutes_with;paulie;0.5861464999616146
12;6000;commutes_with;paulie;0.7900533999782056
13;6000;commutes_with;paulie;0.6398313000099733
14;6000;commutes_with;paulie;0.597981599974446
15;6000;commutes_with;paulie;0.613645700039342
16;6000;commutes_with;paulie;0.6812505000270903
17;6000;commutes_with;paulie;0.6880264000501484
18;6000;commutes_with;paulie;0.6605282999807969
19;6000;commutes_with;paulie;0.6654154999414459
20;6000;commutes_with;paulie;0.7309784999815747
21;6000;commutes_with;paulie;0.667737300042063
22;6000;commutes_with;paulie;0.6767628999659792
23;6000;commutes_with;paulie;0.6787028999533504
24;6000;commutes_with;paulie;0.6464549000374973
25;6000;commutes_with;paulie;0.583976799971424
26;6000;commutes_with;paulie;0.6153502000961453
27;6000;commutes_with;paulie;0.5922560999169946
28;6000;commutes_with;paulie;0.6150326000060886
29;6000;commutes_with;paulie;0.7709740999853238
30;6000;commutes_with;paulie;0.6397397000109777
1;8000;commutes_with;paulie;1.1844224999658763
2;8000;commutes_with;paulie;0.6963936000829563
3;8000;commutes_with;paulie;0.8143808000022545
4;8000;commutes_with;paulie;0.634686499950476
5;8000;commutes_with;paulie;0.66659699997399
6;8000;commutes_with;paulie;0.8215413000434637
7;8000;commutes_with;paulie;0.6823068999219686
8;8000;commutes_with;paulie;1.3349715999793261
9;8000;commutes_with;paulie;0.7630427998956293
10;8000;commutes_with;paulie;0.7009685999946669
11;8000;commutes_with;paulie;0.7401497999671847
12;8000;commutes_with;paulie;0.7103699999861419
13;8000;commutes_with;paulie;1.2767338000703603
14;8000;commutes_with;paulie;0.7273396999808028
15;8000;commutes_with;paulie;0.8125462000025436
16;8000;commutes_with;paulie;0.7087589000584558
17;8000;commutes_with;paulie;0.689554400043562
18;8000;commutes_with;paulie;0.9209389999741688
19;8000;commutes_with;paulie;0.6816760000074282
20;8000;commutes_with;paulie;0.8267107999417931
21;8000;commutes_with;paulie;0.8077870999695733
22;8000;commutes_with;paulie;0.7225913000293076
23;8000;commutes_with;paulie;0.6905141000170261
24;8000;commutes_with;paulie;0.6573053000029176
25;8000;commutes_with;paulie;0.6514718999387696
26;8000;commutes_with;paulie;0.6320734000764787
27;8000;commutes_with;paulie;0.6422006000066176
28;8000;commutes_with;paulie;0.8754906000103801
29;8000;commutes_with;paulie;0.7073701999615878
30;8000;commutes_with;paulie;0.6532940999604762
1;10000;commutes_with;paulie;1.3625633999472484
2;10000;commutes_with;paulie;0.8492782999528572
3;10000;commutes_with;paulie;1.0772252000169829
4;10000;commutes_with;paulie;0.7348334999987856
5;10000;commutes_with;paulie;0.7055193999549374
6;10000;commutes_with;paulie;0.7064941000426188
7;10000;commutes_with;paulie;1.1947352000279352
8;10000;commutes_with;paulie;1.4069252000190318
9;10000;commutes_with;paulie;0.7398345000110567
10;10000;commutes_with;paulie;0.8446448999457061
11;10000;commutes_with;paulie;0.7955217000562698
12;10000;commutes_with;paulie;0.6361469998955727
13;10000;commutes_with;paulie;1.4412511999253184
14;10000;commutes_with;paulie;0.7407615999691188
15;10000;commutes_with;paulie;0.7790473999921232
16;10000;commutes_with;paulie;0.7822281999979168
17;10000;commutes_with;paulie;0.8584419999970123
18;10000;commutes_with;paulie;0.8700769999995828
19;10000;commutes_with;paulie;0.7098977999994531
20;10000;commutes_with;paulie;1.0041100000962615
21;10000;commutes_with;paulie;0.7368405000306666
22;10000;commutes_with;paulie;0.8212318000150844
23;10000;commutes_with;paulie;0.7373867999995127
24;10000;commutes_with;paulie;0.8228161000879481
25;10000;commutes_with;paulie;0.7685809000395238
26;10000;commutes_with;paulie;0.8504409999586642
27;10000;commutes_with;paulie;0.7783268999774009
28;10000;commutes_with;paulie;0.7273258999921381
29;10000;commutes_with;paulie;0.7648208999307826
30;10000;commutes_with;paulie;0.7759691999526694
1;12000;commutes_with;paulie;1.4763965999009088
2;12000;commutes_with;paulie;0.7881337000289932
3;12000;commutes_with;paulie;0.896850400022231
4;12000;commutes_with;paulie;0.684012999990955
5;12000;commutes_with;paulie;0.8652130999835208
6;12000;commutes_with;paulie;0.9280044999904931
7;12000;commutes_with;paulie;0.868603799957782
8;12000;commutes_with;paulie;0.8606958000455052
9;12000;commutes_with;paulie;0.9061881999950856
10;12000;commutes_with;paulie;0.9937466999981552
11;12000;commutes_with;paulie;0.7686690000118688
12;12000;commutes_with;paulie;0.653425500029698
13;12000;commutes_with;paulie;1.4446407000068575
14;12000;commutes_with;paulie;0.7825376000255346
15;12000;commutes_with;paulie;0.7179079999914393
16;12000;commutes_with;paulie;0.6781192000489682
17;12000;commutes_with;paulie;0.8337810999946669
18;12000;commutes_with;paulie;0.8676113999681547
19;12000;commutes_with;paulie;0.9774069000268355
20;12000;commutes_with;paulie;0.7903886999702081
21;12000;commutes_with;paulie;0.8621044000610709
22;12000;commutes_with;paulie;0.8951212000101805
23;12000;commutes_with;paulie;0.9130510999821126
24;12000;commutes_with;paulie;0.811674700002186
25;12000;commutes_with;paulie;0.778957000002265
26;12000;commutes_with;paulie;0.8090639000292867
27;12000;commutes_with;paulie;0.90181220008526
28;12000;commutes_with;paulie;0.7247526000719517
29;12000;commutes_with;paulie;0.9065785000566393
30;12000;commutes_with;paulie;0.972348100040108
1;10;commutes_with;pauliarray;6.503416100051254
2;10;commutes_with;pauliarray;14.36289960006252
3;10;commutes_with;pauliarray;9.433330100029707
4;10;commutes_with;pauliarray;9.900923599954695
5;10;commutes_with;pauliarray;9.053984500002116
6;10;commutes_with;pauliarray;11.074784399941564
7;10;commutes_with;pauliarray;8.978188000037335
8;10;commutes_with;pauliarray;8.78051129996311
9;10;commutes_with;pauliarray;6.229936300078407
10;10;commutes_with;pauliarray;8.915423200000077
11;10;commutes_with;pauliarray;8.574718500021845
12;10;commutes_with;pauliarray;8.803222200018354
13;10;commutes_with;pauliarray;8.933245900087059
14;10;commutes_with;pauliarray;8.912546100094914
15;10;commutes_with;pauliarray;9.36480949993711
16;10;commutes_with;pauliarray;8.587378799915314
17;10;commutes_with;pauliarray;8.986799500067718
18;10;commutes_with;pauliarray;8.542410900001414
19;10;commutes_with;pauliarray;9.013325799955055
20;10;commutes_with;pauliarray;12.481696799979545
21;10;commutes_with;pauliarray;8.994210799923167
22;10;commutes_with;pauliarray;8.695524299982935
23;10;commutes_with;pauliarray;8.80518160003703
24;10;commutes_with;pauliarray;9.13910659996327
25;10;commutes_with;pauliarray;8.749127199989744
26;10;commutes_with;pauliarray;8.737432299996726
27;10;commutes_with;pauliarray;8.931717999977991
28;10;commutes_with;pauliarray;8.789795699995011
29;10;commutes_with;pauliarray;9.17363179998938
30;10;commutes_with;pauliarray;8.679561299970374
1;100;commutes_with;pauliarray;6.75130459992215
2;100;commutes_with;pauliarray;18.569486299995333
3;100;commutes_with;pauliarray;9.207163200015202
4;100;commutes_with;pauliarray;9.608923900057562
5;100;commutes_with;pauliarray;8.907098099938594
6;100;commutes_with;pauliarray;9.851141200051643
7;100;commutes_with;pauliarray;9.109499900019728
8;100;commutes_with;pauliarray;9.44318049994763
9;100;commutes_with;pauliarray;7.038377200020477
10;100;commutes_with;pauliarray;9.678038000012748
11;100;commutes_with;pauliarray;8.864194100024179
12;100;commutes_with;pauliarray;8.893940399982966
13;100;commutes_with;pauliarray;9.407132799969986
14;100;commutes_with;pauliarray;8.820875900099054
15;100;commutes_with;pauliarray;9.245240000076592
16;100;commutes_with;pauliarray;9.757172200013883
17;100;commutes_with;pauliarray;9.433769700000994
18;100;commutes_with;pauliarray;9.421269999933429
19;100;commutes_with;pauliarray;9.171886899974197
20;100;commutes_with;pauliarray;8.721030900022015
21;100;commutes_with;pauliarray;9.239559999899939
22;100;commutes_with;pauliarray;9.126548200030811
23;100;commutes_with;pauliarray;9.130950100021437
24;100;commutes_with;pauliarray;9.190793799934909
25;100;commutes_with;pauliarray;9.236689399927855
26;100;commutes_with;pauliarray;9.09338720003143
27;100;commutes_with;pauliarray;9.228446200024337
28;100;commutes_with;pauliarray;8.911206200020388
29;100;commutes_with;pauliarray;9.358688200009055
30;100;commutes_with;pauliarray;9.218839300097898
1;1000;commutes_with;pauliarray;8.575747299939394
2;1000;commutes_with;pauliarray;21.824936000048183
3;1000;commutes_with;pauliarray;12.020650599966757
4;1000;commutes_with;pauliarray;12.227835900033824
5;1000;commutes_with;pauliarray;11.894657399971038
6;1000;commutes_with;pauliarray;11.933043999946676
7;1000;commutes_with;pauliarray;11.255614100024104
8;1000;commutes_with;pauliarray;11.738539999932982
9;1000;commutes_with;pauliarray;11.752300700056367
10;1000;commutes_with;pauliarray;12.723683499963954
11;1000;commutes_with;pauliarray;11.582432899973355
12;1000;commutes_with;pauliarray;11.919256399967708
13;1000;commutes_with;pauliarray;11.484652500017546
14;1000;commutes_with;pauliarray;11.963381399982609
15;1000;commutes_with;pauliarray;11.679140100022778
16;1000;commutes_with;pauliarray;12.570663999998942
17;1000;commutes_with;pauliarray;12.096603899961337
18;1000;commutes_with;pauliarray;12.417905800044537
19;1000;commutes_with;pauliarray;12.268515800009482
20;1000;commutes_with;pauliarray;11.274903999990784
21;1000;commutes_with;pauliarray;11.804546099971049
22;1000;commutes_with;pauliarray;11.735510600032285
23;1000;commutes_with;pauliarray;11.997420600033365
24;1000;commutes_with;pauliarray;11.655744799994864
25;1000;commutes_with;pauliarray;11.640844500041567
26;1000;commutes_with;pauliarray;11.460748999961652
27;1000;commutes_with;pauliarray;11.845134799950756
28;1000;commutes_with;pauliarray;11.661829599994235
29;1000;commutes_with;pauliarray;11.356762199895456
30;1000;commutes_with;pauliarray;12.238080300041474
1;3000;commutes_with;pauliarray;18.5979824999813
2;3000;commutes_with;pauliarray;23.072675799950957
3;3000;commutes_with;pauliarray;14.551104899961501
4;3000;commutes_with;pauliarray;14.034209799952805
5;3000;commutes_with;pauliarray;16.781957400031388
6;3000;commutes_with;pauliarray;14.673113099997863
7;3000;commutes_with;pauliarray;15.234997400082648
8;3000;commutes_with;pauliarray;15.664267600048333
9;3000;commutes_with;pauliarray;15.48269109998364
10;3000;commutes_with;pauliarray;16.613530099974014
11;3000;commutes_with;pauliarray;15.05549180007074
12;3000;commutes_with;pauliarray;15.641279099974781
13;3000;commutes_with;pauliarray;16.021017999970354
14;3000;commutes_with;pauliarray;15.67809409997426
15;3000;commutes_with;pauliarray;15.8096738999011
16;3000;commutes_with;pauliarray;16.334924799972214
17;3000;commutes_with;pauliarray;15.94089470000472
18;3000;commutes_with;pauliarray;16.076357300044037
19;3000;commutes_with;pauliarray;16.723862200044096
20;3000;commutes_with;pauliarray;16.133193899993785
21;3000;commutes_with;pauliarray;16.353119399980642
22;3000;commutes_with;pauliarray;15.663868899922818
23;3000;commutes_with;pauliarray;15.593641999992542
24;3000;commutes_with;pauliarray;16.435729099903256
25;3000;commutes_with;pauliarray;16.058982499991544
26;3000;commutes_with;pauliarray;16.670354699948803
27;3000;commutes_with;pauliarray;16.391562500037253
28;3000;commutes_with;pauliarray;15.664619700051844
29;3000;commutes_with;pauliarray;15.7141712999437
30;3000;commutes_with;pauliarray;16.00945899996441
1;6000;commutes_with;pauliarray;33.81098760000896
2;6000;commutes_with;pauliarray;21.14596800005529
3;6000;commutes_with;pauliarray;22.192407499998808
4;6000;commutes_with;pauliarray;18.86322340008337
5;6000;commutes_with;pauliarray;21.274626799975522
6;6000;commutes_with;pauliarray;20.854156199959107
7;6000;commutes_with;pauliarray;24.040348299895413
8;6000;commutes_with;pauliarray;21.30389019998256
9;6000;commutes_with;pauliarray;20.619764199946076
10;6000;commutes_with;pauliarray;20.11553880001884
11;6000;commutes_with;pauliarray;20.897323500015773
12;6000;commutes_with;pauliarray;20.747284599929117
13;6000;commutes_with;pauliarray;24.33368809998501
14;6000;commutes_with;pauliarray;21.203108000103384
15;6000;commutes_with;pauliarray;20.76130299991928
16;6000;commutes_with;pauliarray;21.056467599933967
17;6000;commutes_with;pauliarray;21.21824049996212
18;6000;commutes_with;pauliarray;20.946140000014566
19;6000;commutes_with;pauliarray;21.313521099975333
20;6000;commutes_with;pauliarray;21.25969570002053
21;6000;commutes_with;pauliarray;21.573946300079115
22;6000;commutes_with;pauliarray;20.314240999985486
23;6000;commutes_with;pauliarray;20.96022589993663
24;6000;commutes_with;pauliarray;20.848080400028266
25;6000;commutes_with;pauliarray;21.153476499952376
26;6000;commutes_with;pauliarray;21.11120189994108
27;6000;commutes_with;pauliarray;20.719951499952003
28;6000;commutes_with;pauliarray;21.788787800003774
29;6000;commutes_with;pauliarray;21.44923619995825
30;6000;commutes_with;pauliarray;21.455227199941874
1;8000;commutes_with;pauliarray;42.14299379999284
2;8000;commutes_with;pauliarray;24.726235800073482
3;8000;commutes_with;pauliarray;25.713880100054666
4;8000;commutes_with;pauliarray;26.391578400041908
5;8000;commutes_with;pauliarray;24.475213599973358
6;8000;commutes_with;pauliarray;23.3588304000441
7;8000;commutes_with;pauliarray;26.570694599999115
8;8000;commutes_with;pauliarray;43.016809699940495
9;8000;commutes_with;pauliarray;23.95453450002242
10;8000;commutes_with;pauliarray;23.939440199988894
11;8000;commutes_with;pauliarray;25.64715099998284
12;8000;commutes_with;pauliarray;23.33001850009896
13;8000;commutes_with;pauliarray;42.54558100004215
14;8000;commutes_with;pauliarray;24.273074400029145
15;8000;commutes_with;pauliarray;23.69931210007053
16;8000;commutes_with;pauliarray;24.52121499995701
17;8000;commutes_with;pauliarray;24.83570429997053
18;8000;commutes_with;pauliarray;23.645747100003064
19;8000;commutes_with;pauliarray;24.223918300005607
20;8000;commutes_with;pauliarray;22.95912169991061
21;8000;commutes_with;pauliarray;24.290157499955967
22;8000;commutes_with;pauliarray;23.85499030002393
23;8000;commutes_with;pauliarray;24.457148600020446
24;8000;commutes_with;pauliarray;24.111999100074172
25;8000;commutes_with;pauliarray;23.693221400026232
26;8000;commutes_with;pauliarray;24.11041349999141
27;8000;commutes_with;pauliarray;24.237388500012457
28;8000;commutes_with;pauliarray;24.3577277000295
29;8000;commutes_with;pauliarray;23.92672709992621
30;8000;commutes_with;pauliarray;24.131014300044626
1;10000;commutes_with;pauliarray;45.98685679992195
2;10000;commutes_with;pauliarray;28.334705199929886
3;10000;commutes_with;pauliarray;27.686560800066218
4;10000;commutes_with;pauliarray;27.82974660000764
5;10000;commutes_with;pauliarray;26.352515900041908
6;10000;commutes_with;pauliarray;28.008285199990496
7;10000;commutes_with;pauliarray;33.24756010004785
8;10000;commutes_with;pauliarray;50.48959090001881
9;10000;commutes_with;pauliarray;28.230308199999854
10;10000;commutes_with;pauliarray;28.406203199992888
11;10000;commutes_with;pauliarray;28.78362380003091
12;10000;commutes_with;pauliarray;21.09026480000466
13;10000;commutes_with;pauliarray;46.45303849992342
14;10000;commutes_with;pauliarray;27.991805900004692
15;10000;commutes_with;pauliarray;27.729498000000603
16;10000;commutes_with;pauliarray;28.714942199992947
17;10000;commutes_with;pauliarray;27.280944900005125
18;10000;commutes_with;pauliarray;27.096112900064327
19;10000;commutes_with;pauliarray;27.92315640009474
20;10000;commutes_with;pauliarray;27.425000100047328
21;10000;commutes_with;pauliarray;28.1845513000153
22;10000;commutes_with;pauliarray;27.910831499961205
23;10000;commutes_with;pauliarray;27.00265119993128
24;10000;commutes_with;pauliarray;27.663812300073914
25;10000;commutes_with;pauliarray;28.45546770002693
26;10000;commutes_with;pauliarray;28.151030399953015
27;10000;commutes_with;pauliarray;28.077796099940315
28;10000;commutes_with;pauliarray;27.46169920009561
29;10000;commutes_with;pauliarray;29.017675600014627
30;10000;commutes_with;pauliarray;27.952511899988167
1;12000;commutes_with;pauliarray;52.33377190004103
2;12000;commutes_with;pauliarray;31.43206799996551
3;12000;commutes_with;pauliarray;31.76697039999999
4;12000;commutes_with;pauliarray;45.230313700041734
5;12000;commutes_with;pauliarray;30.978451099945232
6;12000;commutes_with;pauliarray;30.03938009997364
7;12000;commutes_with;pauliarray;30.821025099954568
8;12000;commutes_with;pauliarray;30.796718399971724
9;12000;commutes_with;pauliarray;30.335055600036867
10;12000;commutes_with;pauliarray;27.49060269992333
11;12000;commutes_with;pauliarray;30.73775830003433
12;12000;commutes_with;pauliarray;33.74856400000863
13;12000;commutes_with;pauliarray;50.76931419991888
14;12000;commutes_with;pauliarray;31.984808999928646
15;12000;commutes_with;pauliarray;32.04747180000413
16;12000;commutes_with;pauliarray;31.340738900005817
17;12000;commutes_with;pauliarray;31.27189209999051
18;12000;commutes_with;pauliarray;31.692540199961513
19;12000;commutes_with;pauliarray;30.820608399924822
20;12000;commutes_with;pauliarray;31.032672900008038
21;12000;commutes_with;pauliarray;30.836491800029762
22;12000;commutes_with;pauliarray;30.131423500017263
23;12000;commutes_with;pauliarray;30.417026499984786
24;12000;commutes_with;pauliarray;30.951701399986632
25;12000;commutes_with;pauliarray;29.876267799991183
26;12000;commutes_with;pauliarray;30.873929499997757
27;12000;commutes_with;pauliarray;30.81880020000972
28;12000;commutes_with;pauliarray;30.144250799901783
29;12000;commutes_with;pauliarray;31.356472700019367
30;12000;commutes_with;pauliarray;30.841061600018293
1;10;commutes_with;pauliengine;0.12118989997543395
2;10;commutes_with;pauliengine;0.1418222999200225
3;10;commutes_with;pauliengine;0.13442660006694496
4;10;commutes_with;pauliengine;0.17303179996088147
5;10;commutes_with;pauliengine;0.2476676000514999
6;10;commutes_with;pauliengine;0.13936689996626228
7;10;commutes_with;pauliengine;0.11198489996604621
8;10;commutes_with;pauliengine;0.12817540008109063
9;10;commutes_with;pauliengine;0.1059735999442637
10;10;commutes_with;pauliengine;0.11557310004718602
11;10;commutes_with;pauliengine;0.13064609991852194
12;10;commutes_with;pauliengine;0.1291262999875471
13;10;commutes_with;pauliengine;0.12785889999940991
14;10;commutes_with;pauliengine;0.19137229991611093
15;10;commutes_with;pauliengine;0.10936270002275705
16;10;commutes_with;pauliengine;0.12744200008455664
17;10;commutes_with;pauliengine;0.12667420005891472
18;10;commutes_with;pauliengine;0.17034000006970018
19;10;commutes_with;pauliengine;0.1590686000417918
20;10;commutes_with;pauliengine;0.1291757000144571
21;10;commutes_with;pauliengine;0.13795320002827793
22;10;commutes_with;pauliengine;0.1516057999106124
23;10;commutes_with;pauliengine;0.12485989998094738
24;10;commutes_with;pauliengine;0.23140629997942597
25;10;commutes_with;pauliengine;0.13204380008392036
26;10;commutes_with;pauliengine;0.14773830003105104
27;10;commutes_with;pauliengine;0.12007260008249432
28;10;commutes_with;pauliengine;0.11808709998149425
29;10;commutes_with;pauliengine;0.11538730002939701
30;10;commutes_with;pauliengine;0.13473399996291846
1;100;commutes_with;pauliengine;0.11848290008492768
2;100;commutes_with;pauliengine;0.16032510006334633
3;100;commutes_with;pauliengine;0.12499869999010116
4;100;commutes_with;pauliengine;0.13917940005194396
5;100;commutes_with;pauliengine;0.1458056999836117
6;100;commutes_with;pauliengine;0.17730949993710965
7;100;commutes_with;pauliengine;0.13382220000494272
8;100;commutes_with;pauliengine;0.21918539993930608
9;100;commutes_with;pauliengine;0.1073086999822408
10;100;commutes_with;pauliengine;0.14654180000070482
11;100;commutes_with;pauliengine;0.13248240004759282
12;100;commutes_with;pauliengine;0.12761379999574274
13;100;commutes_with;pauliengine;0.20472749997861683
14;100;commutes_with;pauliengine;0.1362854999024421
15;100;commutes_with;pauliengine;0.14989649993367493
16;100;commutes_with;pauliengine;0.13500690006185323
17;100;commutes_with;pauliengine;0.19560790003743023
18;100;commutes_with;pauliengine;0.12580449995584786
19;100;commutes_with;pauliengine;0.11481119995005429
20;100;commutes_with;pauliengine;0.11078849993646145
21;100;commutes_with;pauliengine;0.14675630000419915
22;100;commutes_with;pauliengine;0.13203280000016093
23;100;commutes_with;pauliengine;0.13461469998583198
24;100;commutes_with;pauliengine;0.1454235001001507
25;100;commutes_with;pauliengine;0.26426580001134425
26;100;commutes_with;pauliengine;0.13541840005200356
27;100;commutes_with;pauliengine;0.1373221999965608
28;100;commutes_with;pauliengine;0.14231330004986376
29;100;commutes_with;pauliengine;0.15845069999340922
30;100;commutes_with;pauliengine;0.19776719994843006
1;1000;commutes_with;pauliengine;0.17119450005702674
2;1000;commutes_with;pauliengine;0.37830370001029223
3;1000;commutes_with;pauliengine;0.25239129993133247
4;1000;commutes_with;pauliengine;0.25414350000210106
5;1000;commutes_with;pauliengine;0.19266129995230585
6;1000;commutes_with;pauliengine;0.19286040007136762
7;1000;commutes_with;pauliengine;0.21161740005481988
8;1000;commutes_with;pauliengine;0.19053659995552152
9;1000;commutes_with;pauliengine;0.18136010004673153
10;1000;commutes_with;pauliengine;0.27600720000918955
11;1000;commutes_with;pauliengine;0.2080337000079453
12;1000;commutes_with;pauliengine;0.22866770008113235
13;1000;commutes_with;pauliengine;0.18869109998922795
14;1000;commutes_with;pauliengine;0.1989863000344485
15;1000;commutes_with;pauliengine;0.2020376999862492
16;1000;commutes_with;pauliengine;0.29697290004696697
17;1000;commutes_with;pauliengine;0.24514730006922036
18;1000;commutes_with;pauliengine;0.2324741999618709
19;1000;commutes_with;pauliengine;0.28853169991634786
20;1000;commutes_with;pauliengine;0.2515887999907136
21;1000;commutes_with;pauliengine;0.24095780006609857
22;1000;commutes_with;pauliengine;0.22113959991838783
23;1000;commutes_with;pauliengine;0.2482266000006348
24;1000;commutes_with;pauliengine;0.3049444999778643
25;1000;commutes_with;pauliengine;0.19308790005743504
26;1000;commutes_with;pauliengine;0.2396565000526607
27;1000;commutes_with;pauliengine;0.24561240000184625
28;1000;commutes_with;pauliengine;0.20405609998852015
29;1000;commutes_with;pauliengine;0.28586970001924783
30;1000;commutes_with;pauliengine;0.17446850007399917
1;3000;commutes_with;pauliengine;0.4091391999972984
2;3000;commutes_with;pauliengine;0.25024219998158514
3;3000;commutes_with;pauliengine;0.32216610002797097
4;3000;commutes_with;pauliengine;0.22100469993893057
5;3000;commutes_with;pauliengine;0.34561560000292957
6;3000;commutes_with;pauliengine;0.21212399995420128
7;3000;commutes_with;pauliengine;0.24837750010192394
8;3000;commutes_with;pauliengine;0.2263533000368625
9;3000;commutes_with;pauliengine;0.18612070009112358
10;3000;commutes_with;pauliengine;0.2527143999468535
11;3000;commutes_with;pauliengine;0.2510562000097707
12;3000;commutes_with;pauliengine;0.1845335999969393
13;3000;commutes_with;pauliengine;0.2393365999450907
14;3000;commutes_with;pauliengine;0.30896409996785223
15;3000;commutes_with;pauliengine;0.21436300000641495
16;3000;commutes_with;pauliengine;0.2497629999415949
17;3000;commutes_with;pauliengine;0.2163422000594437
18;3000;commutes_with;pauliengine;0.2286286000162363
19;3000;commutes_with;pauliengine;0.2740695000393316
20;3000;commutes_with;pauliengine;0.24219990009441972
21;3000;commutes_with;pauliengine;0.2664535000221804
22;3000;commutes_with;pauliengine;0.3147914999863133
23;3000;commutes_with;pauliengine;0.2725327000953257
24;3000;commutes_with;pauliengine;0.23093139997217804
25;3000;commutes_with;pauliengine;0.2578251000959426
26;3000;commutes_with;pauliengine;0.22898829996120185
27;3000;commutes_with;pauliengine;0.32782580005005
28;3000;commutes_with;pauliengine;0.22248140000738204
29;3000;commutes_with;pauliengine;0.2221650000428781
30;3000;commutes_with;pauliengine;0.36612120002973825
1;6000;commutes_with;pauliengine;0.5517881000414491
2;6000;commutes_with;pauliengine;0.28935860004276037
3;6000;commutes_with;pauliengine;0.3426558000501245
4;6000;commutes_with;pauliengine;0.26104509993456304
5;6000;commutes_with;pauliengine;0.291585800005123
6;6000;commutes_with;pauliengine;0.27643389999866486
7;6000;commutes_with;pauliengine;0.35301219997927547
8;6000;commutes_with;pauliengine;0.5387023999355733
9;6000;commutes_with;pauliengine;0.26503920007962734
10;6000;commutes_with;pauliengine;0.27257549995556474
11;6000;commutes_with;pauliengine;0.2514434000477195
12;6000;commutes_with;pauliengine;0.2764854000415653
13;6000;commutes_with;pauliengine;0.35162760003004223
14;6000;commutes_with;pauliengine;0.31630419997964054
15;6000;commutes_with;pauliengine;0.2819861000170931
16;6000;commutes_with;pauliengine;0.27977619995363057
17;6000;commutes_with;pauliengine;0.2806011000648141
18;6000;commutes_with;pauliengine;0.3402152000926435
19;6000;commutes_with;pauliengine;0.3186992999399081
20;6000;commutes_with;pauliengine;0.30574950005393475
21;6000;commutes_with;pauliengine;0.2969621999654919
22;6000;commutes_with;pauliengine;0.30781170004047453
23;6000;commutes_with;pauliengine;0.27532560005784035
24;6000;commutes_with;pauliengine;0.3438213999615982
25;6000;commutes_with;pauliengine;0.2656862000003457
26;6000;commutes_with;pauliengine;0.27512340003158897
27;6000;commutes_with;pauliengine;0.280932700028643
28;6000;commutes_with;pauliengine;0.45033879997208714
29;6000;commutes_with;pauliengine;0.3664627999532968
30;6000;commutes_with;pauliengine;0.2615202999440953
1;8000;commutes_with;pauliengine;0.6170594999566674
2;8000;commutes_with;pauliengine;0.32779359992127866
3;8000;commutes_with;pauliengine;0.3850664000492543
4;8000;commutes_with;pauliengine;0.4289967999793589
5;8000;commutes_with;pauliengine;0.32324709999375045
6;8000;commutes_with;pauliengine;0.3814013000810519
7;8000;commutes_with;pauliengine;0.5411821999587119
8;8000;commutes_with;pauliengine;0.627286099945195
9;8000;commutes_with;pauliengine;0.3585774999810383
10;8000;commutes_with;pauliengine;0.3189137000590563
11;8000;commutes_with;pauliengine;0.321947899996303
12;8000;commutes_with;pauliengine;0.303347900044173
13;8000;commutes_with;pauliengine;0.6214652999769896
14;8000;commutes_with;pauliengine;0.3415835000341758
15;8000;commutes_with;pauliengine;0.38637090008705854
16;8000;commutes_with;pauliengine;0.413245499948971
17;8000;commutes_with;pauliengine;0.31739110010676086
18;8000;commutes_with;pauliengine;0.37064109998755157
19;8000;commutes_with;pauliengine;0.34472359996289015
20;8000;commutes_with;pauliengine;0.32758990000002086
21;8000;commutes_with;pauliengine;0.3657147999620065
22;8000;commutes_with;pauliengine;0.33458519994746894
23;8000;commutes_with;pauliengine;0.3549470000434667
24;8000;commutes_with;pauliengine;0.3852918000193313
25;8000;commutes_with;pauliengine;0.45644109998829663
26;8000;commutes_with;pauliengine;0.4803787999553606
27;8000;commutes_with;pauliengine;0.39170549996197224
28;8000;commutes_with;pauliengine;0.295871099922806
29;8000;commutes_with;pauliengine;0.4758301000110805
30;8000;commutes_with;pauliengine;0.31282919994555414
1;10000;commutes_with;pauliengine;0.6891623999690637
2;10000;commutes_with;pauliengine;0.39207449997775257
3;10000;commutes_with;pauliengine;0.4160023999866098
4;10000;commutes_with;pauliengine;0.370835000067018
5;10000;commutes_with;pauliengine;0.3804684999631718
6;10000;commutes_with;pauliengine;0.4477952999295667
7;10000;commutes_with;pauliengine;0.3684769000392407
8;10000;commutes_with;pauliengine;0.45997059997171164
9;10000;commutes_with;pauliengine;0.3770409000571817
10;10000;commutes_with;pauliengine;0.41702069994062185
11;10000;commutes_with;pauliengine;0.3896314000012353
12;10000;commutes_with;pauliengine;0.29459250008221716
13;10000;commutes_with;pauliengine;0.6082839000737295
14;10000;commutes_with;pauliengine;0.36119849991519004
15;10000;commutes_with;pauliengine;0.7270419999258593
16;10000;commutes_with;pauliengine;0.36353939992841333
17;10000;commutes_with;pauliengine;0.3380395999411121
18;10000;commutes_with;pauliengine;0.39335120003670454
19;10000;commutes_with;pauliengine;0.4288780000060797
20;10000;commutes_with;pauliengine;0.36247509997338057
21;10000;commutes_with;pauliengine;0.433460499974899
22;10000;commutes_with;pauliengine;0.39815040002577007
23;10000;commutes_with;pauliengine;0.3604186000302434
24;10000;commutes_with;pauliengine;0.4905218000058085
25;10000;commutes_with;pauliengine;0.3775937999598682
26;10000;commutes_with;pauliengine;0.521712200017646
27;10000;commutes_with;pauliengine;0.36446329997852445
28;10000;commutes_with;pauliengine;0.38660269998945296
29;10000;commutes_with;pauliengine;0.432912899996154
30;10000;commutes_with;pauliengine;0.3888061000034213
1;12000;commutes_with;pauliengine;0.8930488000623882
2;12000;commutes_with;pauliengine;0.40876120002940297
3;12000;commutes_with;pauliengine;0.40339490002952516
4;12000;commutes_with;pauliengine;0.5981447999365628
5;12000;commutes_with;pauliengine;0.41646249999757856
6;12000;commutes_with;pauliengine;0.450335800065659
7;12000;commutes_with;pauliengine;0.4078499999595806
8;12000;commutes_with;pauliengine;0.36330460000317544
9;12000;commutes_with;pauliengine;0.6873861000640318
10;12000;commutes_with;pauliengine;0.4342243999708444
11;12000;commutes_with;pauliengine;0.4391778000863269
12;12000;commutes_with;pauliengine;0.4762835999717936
13;12000;commutes_with;pauliengine;0.7597940000705421
14;12000;commutes_with;pauliengine;0.4969677000772208
15;12000;commutes_with;pauliengine;0.3934706000145525
16;12000;commutes_with;pauliengine;0.4084493999835104
17;12000;commutes_with;pauliengine;0.4190318000037223
18;12000;commutes_with;pauliengine;0.5474342000670731
19;12000;commutes_with;pauliengine;0.38923859992064536
20;12000;commutes_with;pauliengine;0.5064144000643864
21;12000;commutes_with;pauliengine;0.5186378000071272
22;12000;commutes_with;pauliengine;0.5476226999890059
23;12000;commutes_with;pauliengine;0.42953089997172356
24;12000;commutes_with;pauliengine;0.39241329999640584
25;12000;commutes_with;pauliengine;0.3667905000038445
26;12000;commutes_with;pauliengine;0.386612500064075
27;12000;commutes_with;pauliengine;0.49573600001167506
28;12000;commutes_with;pauliengine;0.45970570005010813
29;12000;commutes_with;pauliengine;0.46301220008172095
30;12000;commutes_with;pauliengine;0.4419006999814883
1;10;multiply;stim;0.918392900028266
2;10;multiply;stim;1.3087401000084355
3;10;multiply;stim;0.9803286000387743
4;10;multiply;stim;1.138372499961406
5;10;multiply;stim;1.096711799968034
6;10;multiply;stim;0.9860388000961393
7;10;multiply;stim;1.0808457999955863
8;10;multiply;stim;1.0343652999727055
9;10;multiply;stim;0.7822699999669567
10;10;multiply;stim;1.2343220000620931
11;10;multiply;stim;0.9769429999869317
12;10;multiply;stim;0.9926759999943897
13;10;multiply;stim;1.1437629000283778
14;10;multiply;stim;1.9502453999593854
15;10;multiply;stim;1.0104750000173226
16;10;multiply;stim;1.030356700066477
17;10;multiply;stim;1.0496349999448285
18;10;multiply;stim;0.9321746999630705
19;10;multiply;stim;0.9760375999612734
20;10;multiply;stim;1.043732599937357
21;10;multiply;stim;1.05894839996472
22;10;multiply;stim;0.9677336000604555
23;10;multiply;stim;1.083601100021042
24;10;multiply;stim;1.0107962000183761
25;10;multiply;stim;1.0197994000045583
26;10;multiply;stim;1.0030124000040814
27;10;multiply;stim;1.084707099944353
28;10;multiply;stim;1.0974238999187946
29;10;multiply;stim;1.1734550000401214
30;10;multiply;stim;1.0681394999846816
1;100;multiply;stim;0.8118309000274166
2;100;multiply;stim;1.339638799894601
3;100;multiply;stim;1.023649499984458
4;100;multiply;stim;1.3289137000683695
5;100;multiply;stim;1.9822613999713212
6;100;multiply;stim;0.9512052000500262
7;100;multiply;stim;0.9664745000191033
8;100;multiply;stim;0.9631335999583825
9;100;multiply;stim;0.8096689999802038
10;100;multiply;stim;1.1366373000200838
11;100;multiply;stim;0.9913343000225723
12;100;multiply;stim;1.0129933999851346
13;100;multiply;stim;1.1039656000211835
14;100;multiply;stim;0.998410000000149
15;100;multiply;stim;0.9898036000085995
16;100;multiply;stim;1.0602762999478728
17;100;multiply;stim;1.0860599000006914
18;100;multiply;stim;1.0563533001113683
19;100;multiply;stim;1.0864536000881344
20;100;multiply;stim;0.9147092000348493
21;100;multiply;stim;0.9837691000429913
22;100;multiply;stim;1.1061372000258416
23;100;multiply;stim;1.1619609000626951
24;100;multiply;stim;1.105907000019215
25;100;multiply;stim;0.9946517000207677
26;100;multiply;stim;1.1041481000138447
27;100;multiply;stim;1.1077557998942211
28;100;multiply;stim;1.1828524000011384
29;100;multiply;stim;0.9987456999951974
30;100;multiply;stim;0.9524868000298738
1;1000;multiply;stim;0.8357600000454113
2;1000;multiply;stim;1.677089300006628
3;1000;multiply;stim;1.0819631000049412
4;1000;multiply;stim;1.0441605999367312
5;1000;multiply;stim;1.1354512000689283
6;1000;multiply;stim;1.2696455001132563
7;1000;multiply;stim;1.093251399928704
8;1000;multiply;stim;1.0933305999496952
9;1000;multiply;stim;0.8604480000212789
10;1000;multiply;stim;1.0096402000635862
11;1000;multiply;stim;1.0431980999419466
12;1000;multiply;stim;0.8500568000599742
13;1000;multiply;stim;1.0421269000507891
14;1000;multiply;stim;1.0679908000165597
15;1000;multiply;stim;1.0818374000955373
16;1000;multiply;stim;1.093728500069119
17;1000;multiply;stim;0.9968939999816939
18;1000;multiply;stim;0.9775689999805763
19;1000;multiply;stim;1.2490246000234038
20;1000;multiply;stim;0.8619461000198498
21;1000;multiply;stim;1.1089414999587461
22;1000;multiply;stim;1.0149572000373155
23;1000;multiply;stim;1.1638148000929505
24;1000;multiply;stim;1.075767599977553
25;1000;multiply;stim;1.0545601000776514
26;1000;multiply;stim;1.069452799973078
27;1000;multiply;stim;1.083054200047627
28;1000;multiply;stim;1.1157762999646366
29;1000;multiply;stim;1.0065293000079691
30;1000;multiply;stim;1.2210010000271723
1;3000;multiply;stim;0.8679727000417188
2;3000;multiply;stim;2.102909700013697
3;3000;multiply;stim;1.277596400002949
4;3000;multiply;stim;1.076204700046219
5;3000;multiply;stim;1.2420588000677526
6;3000;multiply;stim;1.0850246000336483
7;3000;multiply;stim;1.0400611000368372
8;3000;multiply;stim;1.1124005999881774
9;3000;multiply;stim;1.2391331000253558
10;3000;multiply;stim;1.143229499924928
11;3000;multiply;stim;1.0798463999526575
12;3000;multiply;stim;1.06111010001041
13;3000;multiply;stim;1.3321835999377072
14;3000;multiply;stim;1.0998466999735683
15;3000;multiply;stim;1.1726787999505177
16;3000;multiply;stim;1.1664562000660226
17;3000;multiply;stim;1.4244422999909148
18;3000;multiply;stim;1.2801444999640808
19;3000;multiply;stim;1.2129591000266373
20;3000;multiply;stim;1.1888188000302762
21;3000;multiply;stim;1.0468020999105647
22;3000;multiply;stim;1.2429259000346065
23;3000;multiply;stim;1.2035822999896482
24;3000;multiply;stim;1.2271931000286713
25;3000;multiply;stim;1.3813386000692844
26;3000;multiply;stim;1.0885289000580087
27;3000;multiply;stim;1.1911818999797106
28;3000;multiply;stim;1.0980093999532983
29;3000;multiply;stim;1.2888452999759465
30;3000;multiply;stim;1.2005929999286309
1;6000;multiply;stim;2.2688679000129923
2;6000;multiply;stim;1.2955494000343606
3;6000;multiply;stim;1.5155613000970334
4;6000;multiply;stim;1.2501157000660896
5;6000;multiply;stim;1.300435799988918
6;6000;multiply;stim;1.3021645999979228
7;6000;multiply;stim;1.7593280000146478
8;6000;multiply;stim;1.4998720999574289
9;6000;multiply;stim;1.2695883000269532
10;6000;multiply;stim;1.2204781000036746
11;6000;multiply;stim;1.209201099933125
12;6000;multiply;stim;2.4671773000154644
13;6000;multiply;stim;1.326916600111872
14;6000;multiply;stim;1.4659535000100732
15;6000;multiply;stim;1.4685344999888912
16;6000;multiply;stim;1.339234200073406
17;6000;multiply;stim;1.2910508000059053
18;6000;multiply;stim;1.29906710004434
19;6000;multiply;stim;1.3548023999901488
20;6000;multiply;stim;1.1574068000772968
21;6000;multiply;stim;1.3736540999962017
22;6000;multiply;stim;1.2659921000013128
23;6000;multiply;stim;1.215347700053826
24;6000;multiply;stim;1.3081892000045627
25;6000;multiply;stim;1.2087360000004992
26;6000;multiply;stim;1.299468999961391
27;6000;multiply;stim;1.2849211000138894
28;6000;multiply;stim;1.5895732999779284
29;6000;multiply;stim;1.3009294999064878
30;6000;multiply;stim;1.1895297999726608
1;8000;multiply;stim;2.457443999941461
2;8000;multiply;stim;1.450202599982731
3;8000;multiply;stim;1.6628731000237167
4;8000;multiply;stim;1.35493720008526
5;8000;multiply;stim;1.3471604000078514
6;8000;multiply;stim;1.2624756000004709
7;8000;multiply;stim;1.3809893999714404
8;8000;multiply;stim;2.5784343000268564
9;8000;multiply;stim;1.4123507000040263
10;8000;multiply;stim;1.463680199929513
11;8000;multiply;stim;1.3904137999052182
12;8000;multiply;stim;1.3736560000106692
13;8000;multiply;stim;2.5379965000320226
14;8000;multiply;stim;1.2149552999762818
15;8000;multiply;stim;1.2872085999697447
16;8000;multiply;stim;1.4004579000175
17;8000;multiply;stim;1.2933881001081318
18;8000;multiply;stim;1.2234565999824554
19;8000;multiply;stim;1.3388006000313908
20;8000;multiply;stim;1.6391551999840885
21;8000;multiply;stim;1.3179322000360116
22;8000;multiply;stim;1.3107656999491155
23;8000;multiply;stim;1.3734336000634357
24;8000;multiply;stim;1.3055344999302179
25;8000;multiply;stim;1.3102960999822244
26;8000;multiply;stim;1.6292162000900134
27;8000;multiply;stim;1.3564985999837518
28;8000;multiply;stim;1.5307068000547588
29;8000;multiply;stim;1.5009284999687225
30;8000;multiply;stim;1.5077786000911146
1;10000;multiply;stim;2.5492681999458
2;10000;multiply;stim;1.4043163999449462
3;10000;multiply;stim;1.567916400032118
4;10000;multiply;stim;1.3728799000382423
5;10000;multiply;stim;1.51386750000529
6;10000;multiply;stim;1.4663193000014871
7;10000;multiply;stim;2.240127500030212
8;10000;multiply;stim;2.649904299993068
9;10000;multiply;stim;1.4277618000051007
10;10000;multiply;stim;1.3799789999611676
11;10000;multiply;stim;1.3477879000129178
12;10000;multiply;stim;1.217549900058657
13;10000;multiply;stim;2.4896650000009686
14;10000;multiply;stim;1.655948199913837
15;10000;multiply;stim;1.4158742000581697
16;10000;multiply;stim;1.5472549000987783
17;10000;multiply;stim;1.5466178000206128
18;10000;multiply;stim;1.783554100082256
19;10000;multiply;stim;1.4943764000199735
20;10000;multiply;stim;1.8682858999818563
21;10000;multiply;stim;1.5191168000455946
22;10000;multiply;stim;1.248096900060773
23;10000;multiply;stim;1.4182482999749482
24;10000;multiply;stim;1.6359980999259278
25;10000;multiply;stim;1.3820471999933943
26;10000;multiply;stim;1.4222818999551237
27;10000;multiply;stim;1.509176000021398
28;10000;multiply;stim;1.5195421000244096
29;10000;multiply;stim;1.4686667999485508
30;10000;multiply;stim;1.5371179999783635
1;12000;multiply;stim;2.7339580999687314
2;12000;multiply;stim;1.5307753001106903
3;12000;multiply;stim;1.5897562000900507
4;12000;multiply;stim;1.974090699921362
5;12000;multiply;stim;1.5069512000773102
6;12000;multiply;stim;2.7959771000314504
7;12000;multiply;stim;1.6543558000121266
8;12000;multiply;stim;1.72327000007499
9;12000;multiply;stim;1.6762089999392629
10;12000;multiply;stim;1.5406496999785304
11;12000;multiply;stim;1.598430800018832
12;12000;multiply;stim;1.1461449000053108
13;12000;multiply;stim;2.5521475999848917
14;12000;multiply;stim;1.4255902000004426
15;12000;multiply;stim;1.4798213000176474
16;12000;multiply;stim;1.2110958999255672
17;12000;multiply;stim;1.6288828999968246
18;12000;multiply;stim;1.5236257000360638
19;12000;multiply;stim;1.4245198999997228
20;12000;multiply;stim;1.429902800009586
21;12000;multiply;stim;1.6886957000242546
22;12000;multiply;stim;1.5165387999732047
23;12000;multiply;stim;1.5096783000044525
24;12000;multiply;stim;1.542540300055407
25;12000;multiply;stim;1.554628700017929
26;12000;multiply;stim;1.5963443999644369
27;12000;multiply;stim;1.5527364999288693
28;12000;multiply;stim;1.5272931000217795
29;12000;multiply;stim;1.6837260000174865
30;12000;multiply;stim;1.5665324999717996
1;10;multiply;paulie;0.46677349996753037
2;10;multiply;paulie;0.7679293999681249
3;10;multiply;paulie;0.5872463999548927
4;10;multiply;paulie;0.6868371999589726
5;10;multiply;paulie;0.5979612999362871
6;10;multiply;paulie;0.6624676000792533
7;10;multiply;paulie;0.6295168999349698
8;10;multiply;paulie;0.7626109000993893
9;10;multiply;paulie;0.47276620008051395
10;10;multiply;paulie;0.6107765999622643
11;10;multiply;paulie;0.7120004999451339
12;10;multiply;paulie;0.7040549999801442
13;10;multiply;paulie;0.5676633999682963
14;10;multiply;paulie;0.9808508000569418
15;10;multiply;paulie;0.5943170000100508
16;10;multiply;paulie;0.6227686000056565
17;10;multiply;paulie;0.6556132000405341
18;10;multiply;paulie;0.5676902999402955
19;10;multiply;paulie;0.7147876999806613
20;10;multiply;paulie;0.6315008000237867
21;10;multiply;paulie;0.6472682999446988
22;10;multiply;paulie;0.5892974999733269
23;10;multiply;paulie;0.6763917999342084
24;10;multiply;paulie;0.6131130000576377
25;10;multiply;paulie;0.655975200003013
26;10;multiply;paulie;0.5873393999645486
27;10;multiply;paulie;0.6730696000158787
28;10;multiply;paulie;0.5705077000893652
29;10;multiply;paulie;0.5882458999985829
30;10;multiply;paulie;0.7488970999838784
1;100;multiply;paulie;0.49174510000739247
2;100;multiply;paulie;1.4890297999372706
3;100;multiply;paulie;0.62918280006852
4;100;multiply;paulie;0.6022432000609115
5;100;multiply;paulie;0.704522000043653
6;100;multiply;paulie;0.6290099999168888
7;100;multiply;paulie;0.6383160001132637
8;100;multiply;paulie;0.6064289999194443
9;100;multiply;paulie;0.5033643000060692
10;100;multiply;paulie;0.6126619999995455
11;100;multiply;paulie;0.6216515999985859
12;100;multiply;paulie;0.6798611000413075
13;100;multiply;paulie;0.657740099937655
14;100;multiply;paulie;0.7946849000873044
15;100;multiply;paulie;0.5907137000467628
16;100;multiply;paulie;0.7101207000669092
17;100;multiply;paulie;0.6283070000354201
18;100;multiply;paulie;0.7535498000215739
19;100;multiply;paulie;0.8007897000061348
20;100;multiply;paulie;0.6699742000782862
21;100;multiply;paulie;0.5737497999798506
22;100;multiply;paulie;0.5884727999800816
23;100;multiply;paulie;0.6060736000072211
24;100;multiply;paulie;0.5879829999757931
25;100;multiply;paulie;0.6777556999586523
26;100;multiply;paulie;0.5772791999625042
27;100;multiply;paulie;0.7040107999928296
28;100;multiply;paulie;0.5943575000856072
29;100;multiply;paulie;0.5861529000103474
30;100;multiply;paulie;0.8320057999808341
1;1000;multiply;paulie;0.6028205000329763
2;1000;multiply;paulie;1.5848290000576526
3;1000;multiply;paulie;0.939626400009729
4;1000;multiply;paulie;0.7239660000195727
5;1000;multiply;paulie;0.7195346000371501
6;1000;multiply;paulie;0.6452415999956429
7;1000;multiply;paulie;0.7046199000906199
8;1000;multiply;paulie;0.6657846999587491
9;1000;multiply;paulie;0.5984256999799982
10;1000;multiply;paulie;0.7604028000496328
11;1000;multiply;paulie;0.8040940000209957
12;1000;multiply;paulie;0.6051626999396831
13;1000;multiply;paulie;0.7943588000489399
14;1000;multiply;paulie;0.672104199999012
15;1000;multiply;paulie;0.696554800029844
16;1000;multiply;paulie;0.7925314999883994
17;1000;multiply;paulie;0.7440881000366062
18;1000;multiply;paulie;0.715835600043647
19;1000;multiply;paulie;0.7616567000513896
20;1000;multiply;paulie;0.5816310000373051
21;1000;multiply;paulie;0.7086325999116525
22;1000;multiply;paulie;0.6868897000094876
23;1000;multiply;paulie;0.6331012999871746
24;1000;multiply;paulie;0.7695454000495374
25;1000;multiply;paulie;0.6924483000766486
26;1000;multiply;paulie;0.7550863999640569
27;1000;multiply;paulie;0.781734999967739
28;1000;multiply;paulie;0.7972978999605402
29;1000;multiply;paulie;0.6027764999307692
30;1000;multiply;paulie;0.7279824999859557
1;3000;multiply;paulie;0.7136027000378817
2;3000;multiply;paulie;1.6586227000225335
3;3000;multiply;paulie;0.8609833000227809
4;3000;multiply;paulie;0.9084113000426441
5;3000;multiply;paulie;1.0316321999998763
6;3000;multiply;paulie;0.8087050999747589
7;3000;multiply;paulie;0.9445290999719873
8;3000;multiply;paulie;0.844678100082092
9;3000;multiply;paulie;0.8385239999042824
10;3000;multiply;paulie;0.8963088999735191
11;3000;multiply;paulie;0.8205900999018922
12;3000;multiply;paulie;1.0099617999512702
13;3000;multiply;paulie;0.8567529000574723
14;3000;multiply;paulie;0.8523154000286013
15;3000;multiply;paulie;0.9081709000747651
16;3000;multiply;paulie;0.9535338999703526
17;3000;multiply;paulie;0.9788341000676155
18;3000;multiply;paulie;0.9938561000162736
19;3000;multiply;paulie;0.8881185000063851
20;3000;multiply;paulie;0.9244459000183269
21;3000;multiply;paulie;0.8196888000238687
22;3000;multiply;paulie;0.9810891000088304
23;3000;multiply;paulie;0.9295021999860182
24;3000;multiply;paulie;0.839847500086762
25;3000;multiply;paulie;0.8617300000041723
26;3000;multiply;paulie;0.9180705000180751
27;3000;multiply;paulie;0.7911634999327362
28;3000;multiply;paulie;0.9413854999002069
29;3000;multiply;paulie;0.9522978999884799
30;3000;multiply;paulie;0.827417099964805
1;6000;multiply;paulie;1.7126008999766782
2;6000;multiply;paulie;1.0263315999181941
3;6000;multiply;paulie;1.1378001000266522
4;6000;multiply;paulie;0.8156802000012249
5;6000;multiply;paulie;0.9510433000978082
6;6000;multiply;paulie;0.8842754999641329
7;6000;multiply;paulie;0.9242380000650883
8;6000;multiply;paulie;0.9621681000571698
9;6000;multiply;paulie;0.8789976999396458
10;6000;multiply;paulie;1.089927799999714
11;6000;multiply;paulie;0.9346604000311345
12;6000;multiply;paulie;0.9889377999352291
13;6000;multiply;paulie;0.9057588999858126
14;6000;multiply;paulie;0.9130799999693409
15;6000;multiply;paulie;0.9389333999715745
16;6000;multiply;paulie;1.140183600015007
17;6000;multiply;paulie;0.9501701999688521
18;6000;multiply;paulie;0.9406349000055343
19;6000;multiply;paulie;1.0580221000127494
20;6000;multiply;paulie;0.9935507000191137
21;6000;multiply;paulie;1.0232886999147013
22;6000;multiply;paulie;0.8904881000053138
23;6000;multiply;paulie;0.857576800044626
24;6000;multiply;paulie;0.9589046000037342
25;6000;multiply;paulie;0.9370797999436036
26;6000;multiply;paulie;0.9613684000214562
27;6000;multiply;paulie;0.8874330000253394
28;6000;multiply;paulie;0.94444809993729
29;6000;multiply;paulie;1.016412700060755
30;6000;multiply;paulie;1.002279199892655
1;8000;multiply;paulie;1.790792000014335
2;8000;multiply;paulie;1.065072999917902
3;8000;multiply;paulie;1.3003769000060856
4;8000;multiply;paulie;0.9185911000240594
5;8000;multiply;paulie;0.9130726000294089
6;8000;multiply;paulie;0.9443879999453202
7;8000;multiply;paulie;1.019813199993223
8;8000;multiply;paulie;1.785227800020948
9;8000;multiply;paulie;1.0387354000704363
10;8000;multiply;paulie;0.9313314000610262
11;8000;multiply;paulie;0.920673199929297
12;8000;multiply;paulie;0.9736283000092953
13;8000;multiply;paulie;1.7725166999734938
14;8000;multiply;paulie;0.8781594999600202
15;8000;multiply;paulie;1.0372805000515655
16;8000;multiply;paulie;0.9613503000000492
17;8000;multiply;paulie;1.0094401999376714
18;8000;multiply;paulie;1.1986750999931246
19;8000;multiply;paulie;1.05184690002352
20;8000;multiply;paulie;1.2627936999779195
21;8000;multiply;paulie;1.1247520999750122
22;8000;multiply;paulie;0.9799239001004025
23;8000;multiply;paulie;0.8991932000499219
24;8000;multiply;paulie;1.004920499981381
25;8000;multiply;paulie;0.9343765999656171
26;8000;multiply;paulie;1.0189048999454826
27;8000;multiply;paulie;1.1544863000744954
28;8000;multiply;paulie;0.9072186999255791
29;8000;multiply;paulie;1.0370508999330923
30;8000;multiply;paulie;0.9240878999698907
1;10000;multiply;paulie;1.922785000060685
2;10000;multiply;paulie;1.0361317000351846
3;10000;multiply;paulie;1.5380641999654472
4;10000;multiply;paulie;1.0076784999109805
5;10000;multiply;paulie;1.055358099984005
6;10000;multiply;paulie;0.9839523000409827
7;10000;multiply;paulie;1.628395300009288
8;10000;multiply;paulie;1.8451908000279218
9;10000;multiply;paulie;1.0953943999484181
10;10000;multiply;paulie;1.114720799960196
11;10000;multiply;paulie;1.0741517998976633
12;10000;multiply;paulie;0.8048038000706583
13;10000;multiply;paulie;1.8953992000315338
14;10000;multiply;paulie;1.116108699934557
15;10000;multiply;paulie;1.0676938999677077
16;10000;multiply;paulie;0.9847493999404833
17;10000;multiply;paulie;1.0087680000578985
18;10000;multiply;paulie;1.037151199998334
19;10000;multiply;paulie;0.9777619999367744
20;10000;multiply;paulie;1.403989200014621
21;10000;multiply;paulie;1.0493812001077458
22;10000;multiply;paulie;1.2099986999528483
23;10000;multiply;paulie;1.04228380008135
24;10000;multiply;paulie;0.9689330999972299
25;10000;multiply;paulie;1.0267448999220505
26;10000;multiply;paulie;1.0219460000516847
27;10000;multiply;paulie;1.0272030000342056
28;10000;multiply;paulie;1.0341767999343574
29;10000;multiply;paulie;1.0609770000446588
30;10000;multiply;paulie;1.0243655000813305
1;12000;multiply;paulie;1.8974234000779688
2;12000;multiply;paulie;1.1133533999091014
3;12000;multiply;paulie;1.1883413000032306
4;12000;multiply;paulie;1.1291242999723181
5;12000;multiply;paulie;1.0273383000167087
6;12000;multiply;paulie;1.097361300024204
7;12000;multiply;paulie;1.0341524999821559
8;12000;multiply;paulie;1.0687419000314549
9;12000;multiply;paulie;1.0506999000208452
10;12000;multiply;paulie;0.9972406999440864
11;12000;multiply;paulie;1.022400000016205
12;12000;multiply;paulie;1.0355304999975488
13;12000;multiply;paulie;1.8923194999806583
14;12000;multiply;paulie;1.153578000026755
15;12000;multiply;paulie;1.3173667000373825
16;12000;multiply;paulie;0.980226399959065
17;12000;multiply;paulie;1.06314330000896
18;12000;multiply;paulie;1.2192745000356808
19;12000;multiply;paulie;1.0442524999380112
20;12000;multiply;paulie;1.0950834000250325
21;12000;multiply;paulie;1.1189034000271931
22;12000;multiply;paulie;1.1153098000213504
23;12000;multiply;paulie;0.9914362999843433
24;12000;multiply;paulie;1.0817315001040697
25;12000;multiply;paulie;1.0860998999560252
26;12000;multiply;paulie;1.1097169999266043
27;12000;multiply;paulie;1.0788482000352815
28;12000;multiply;paulie;1.0461164999287575
29;12000;multiply;paulie;1.0012205999810249
30;12000;multiply;paulie;1.1282453999156132
1;10;multiply;pauliarray;4.308628200087696
2;10;multiply;pauliarray;10.28535819996614
3;10;multiply;pauliarray;5.941414600005373
4;10;multiply;pauliarray;6.605738700018264
5;10;multiply;pauliarray;7.252264200011268
6;10;multiply;pauliarray;6.704088400001638
7;10;multiply;pauliarray;6.048050499986857
8;10;multiply;pauliarray;5.8251812000526115
9;10;multiply;pauliarray;4.145802900078706
10;10;multiply;pauliarray;6.053652200032957
11;10;multiply;pauliarray;5.672603400074877
12;10;multiply;pauliarray;5.589107000036165
13;10;multiply;pauliarray;6.092258499935269
14;10;multiply;pauliarray;5.766274999943562
15;10;multiply;pauliarray;5.706179399974644
16;10;multiply;pauliarray;6.095873199985363
17;10;multiply;pauliarray;5.849910300108604
18;10;multiply;pauliarray;6.004912200034596
19;10;multiply;pauliarray;6.17099989997223
20;10;multiply;pauliarray;6.14642330002971
21;10;multiply;pauliarray;5.3363971000071615
22;10;multiply;pauliarray;6.316162799950689
23;10;multiply;pauliarray;6.014964899979532
24;10;multiply;pauliarray;5.97288340004161
25;10;multiply;pauliarray;5.854270400013775
26;10;multiply;pauliarray;5.859823500039056
27;10;multiply;pauliarray;5.936080900020897
28;10;multiply;pauliarray;5.764422100037336
29;10;multiply;pauliarray;5.630707299918868
30;10;multiply;pauliarray;6.412612400017679
1;100;multiply;pauliarray;4.264284200035036
2;100;multiply;pauliarray;9.62259990000166
3;100;multiply;pauliarray;5.666222400031984
4;100;multiply;pauliarray;5.937752199941315
5;100;multiply;pauliarray;5.822953499970026
6;100;multiply;pauliarray;6.282789000077173
7;100;multiply;pauliarray;5.9041883000172675
8;100;multiply;pauliarray;5.734635900007561
9;100;multiply;pauliarray;4.6937617000658065
10;100;multiply;pauliarray;6.07933660002891
11;100;multiply;pauliarray;5.889565299963579
12;100;multiply;pauliarray;6.182831699959934
13;100;multiply;pauliarray;5.816329599940218
14;100;multiply;pauliarray;6.297198800020851
15;100;multiply;pauliarray;6.279082200024277
16;100;multiply;pauliarray;6.096836199983954
17;100;multiply;pauliarray;5.8806186999427155
18;100;multiply;pauliarray;5.868859900045209
19;100;multiply;pauliarray;6.198979599983431
20;100;multiply;pauliarray;5.3636319999350235
21;100;multiply;pauliarray;6.4058407000266016
22;100;multiply;pauliarray;5.843583400011994
23;100;multiply;pauliarray;6.00075319991447
24;100;multiply;pauliarray;5.80313729995396
25;100;multiply;pauliarray;5.916001299978234
26;100;multiply;pauliarray;6.041133600054309
27;100;multiply;pauliarray;5.992584599996917
28;100;multiply;pauliarray;6.219658099929802
29;100;multiply;pauliarray;6.1314495000988245
30;100;multiply;pauliarray;6.765782000031322
1;1000;multiply;pauliarray;5.000473399995826
2;1000;multiply;pauliarray;12.455231999978423
3;1000;multiply;pauliarray;6.934034200035967
4;1000;multiply;pauliarray;7.037377799977548
5;1000;multiply;pauliarray;6.959572699968703
6;1000;multiply;pauliarray;6.868717800010927
7;1000;multiply;pauliarray;6.7106603001011536
8;1000;multiply;pauliarray;6.872665300033987
9;1000;multiply;pauliarray;7.355436499929056
10;1000;multiply;pauliarray;6.837505500065163
11;1000;multiply;pauliarray;6.861606099992059
12;1000;multiply;pauliarray;7.269560300046578
13;1000;multiply;pauliarray;6.595317899947986
14;1000;multiply;pauliarray;6.877090299967676
15;1000;multiply;pauliarray;6.757969000027515
16;1000;multiply;pauliarray;7.169709200039506
17;1000;multiply;pauliarray;6.682339200051501
18;1000;multiply;pauliarray;7.33753020002041
19;1000;multiply;pauliarray;7.3549858999904245
20;1000;multiply;pauliarray;8.334092299919575
21;1000;multiply;pauliarray;6.882308300002478
22;1000;multiply;pauliarray;6.460824400070123
23;1000;multiply;pauliarray;7.044943399960175
24;1000;multiply;pauliarray;6.848725599935278
25;1000;multiply;pauliarray;6.9510431999806315
26;1000;multiply;pauliarray;7.049362400081009
27;1000;multiply;pauliarray;7.001589399995282
28;1000;multiply;pauliarray;6.912086399970576
29;1000;multiply;pauliarray;6.733467300073244
30;1000;multiply;pauliarray;6.709293100051582
1;3000;multiply;pauliarray;12.622688599978574
2;3000;multiply;pauliarray;7.93902530008927
3;3000;multiply;pauliarray;7.35006099997554
4;3000;multiply;pauliarray;8.456132699968293
5;3000;multiply;pauliarray;7.498755099950358
6;3000;multiply;pauliarray;7.45157930010464
7;3000;multiply;pauliarray;7.5619080000324175
8;3000;multiply;pauliarray;7.846179899992421
9;3000;multiply;pauliarray;7.604311599978246
10;3000;multiply;pauliarray;7.75028330006171
11;3000;multiply;pauliarray;7.8763090000720695
12;3000;multiply;pauliarray;7.833499300060794
13;3000;multiply;pauliarray;7.567617999971844
14;3000;multiply;pauliarray;8.737887399969622
15;3000;multiply;pauliarray;7.7856773000676185
16;3000;multiply;pauliarray;7.850452399929054
17;3000;multiply;pauliarray;7.585595000069588
18;3000;multiply;pauliarray;7.756407200009562
19;3000;multiply;pauliarray;7.764827499981038
20;3000;multiply;pauliarray;7.953694100026041
21;3000;multiply;pauliarray;8.123505800031126
22;3000;multiply;pauliarray;7.7623784999595955
23;3000;multiply;pauliarray;7.569777299999259
24;3000;multiply;pauliarray;7.819551800028421
25;3000;multiply;pauliarray;7.30854040000122
26;3000;multiply;pauliarray;7.740271599963307
27;3000;multiply;pauliarray;7.607067000004463
28;3000;multiply;pauliarray;7.472769299987704
29;3000;multiply;pauliarray;7.420085599995218
30;3000;multiply;pauliarray;7.744109999970533
1;6000;multiply;pauliarray;13.446304499986582
2;6000;multiply;pauliarray;8.573231199989095
3;6000;multiply;pauliarray;8.74487880000379
4;6000;multiply;pauliarray;7.578245100099593
5;6000;multiply;pauliarray;8.631269500008784
6;6000;multiply;pauliarray;7.725518899969757
7;6000;multiply;pauliarray;8.810818400001153
8;6000;multiply;pauliarray;8.801397299976088
9;6000;multiply;pauliarray;8.735379600082524
10;6000;multiply;pauliarray;8.679702900000848
11;6000;multiply;pauliarray;8.561027699965052
12;6000;multiply;pauliarray;8.547073199995793
13;6000;multiply;pauliarray;8.24375390005298
14;6000;multiply;pauliarray;7.491874000057578
15;6000;multiply;pauliarray;7.996154600055888
16;6000;multiply;pauliarray;9.33114799996838
17;6000;multiply;pauliarray;8.585766099975444
18;6000;multiply;pauliarray;8.48877789999824
19;6000;multiply;pauliarray;8.587637500022538
20;6000;multiply;pauliarray;8.7776175000472
21;6000;multiply;pauliarray;8.366648699971847
22;6000;multiply;pauliarray;8.488700299989432
23;6000;multiply;pauliarray;7.77411600004416
24;6000;multiply;pauliarray;8.346061100019142
25;6000;multiply;pauliarray;8.470577100059018
26;6000;multiply;pauliarray;8.447450499981642
27;6000;multiply;pauliarray;8.184123800019734
28;6000;multiply;pauliarray;8.679327499936335
29;6000;multiply;pauliarray;8.29651879996527
30;6000;multiply;pauliarray;8.688995499978773
1;8000;multiply;pauliarray;16.467986700008623
2;8000;multiply;pauliarray;9.318984899902716
3;8000;multiply;pauliarray;8.98099920002278
4;8000;multiply;pauliarray;8.283293699962087
5;8000;multiply;pauliarray;8.6645991000114
6;8000;multiply;pauliarray;8.687329799984582
7;8000;multiply;pauliarray;12.452436699997634
8;8000;multiply;pauliarray;15.127471500076354
9;8000;multiply;pauliarray;8.57142329995986
10;8000;multiply;pauliarray;9.20931780000683
11;8000;multiply;pauliarray;9.266850500018336
12;8000;multiply;pauliarray;14.445466100005433
13;8000;multiply;pauliarray;15.122226499952376
14;8000;multiply;pauliarray;8.898721999954432
15;8000;multiply;pauliarray;8.743687000009231
16;8000;multiply;pauliarray;9.240266400040127
17;8000;multiply;pauliarray;8.944695399957709
18;8000;multiply;pauliarray;9.160881799994968
19;8000;multiply;pauliarray;8.603591799968854
20;8000;multiply;pauliarray;8.449982200050727
21;8000;multiply;pauliarray;9.035030100028962
22;8000;multiply;pauliarray;9.233580200001597
23;8000;multiply;pauliarray;8.93676999991294
24;8000;multiply;pauliarray;8.32968239998445
25;8000;multiply;pauliarray;8.850550699979067
26;8000;multiply;pauliarray;8.485063800006174
27;8000;multiply;pauliarray;9.028882600017823
28;8000;multiply;pauliarray;8.76758320000954
29;8000;multiply;pauliarray;9.006786599988118
30;8000;multiply;pauliarray;9.15365579992067
1;10000;multiply;pauliarray;14.507976199965924
2;10000;multiply;pauliarray;10.117158100008965
3;10000;multiply;pauliarray;9.867776399943978
4;10000;multiply;pauliarray;9.460245599970222
5;10000;multiply;pauliarray;9.582223100005649
6;10000;multiply;pauliarray;8.914101700065657
7;10000;multiply;pauliarray;10.128617400070652
8;10000;multiply;pauliarray;14.555346700013615
9;10000;multiply;pauliarray;10.033111900091171
10;10000;multiply;pauliarray;10.024796899990179
11;10000;multiply;pauliarray;9.816990899969824
12;10000;multiply;pauliarray;6.84842169994954
13;10000;multiply;pauliarray;15.133343099965714
14;10000;multiply;pauliarray;9.929579799994826
15;10000;multiply;pauliarray;15.666755300015211
16;10000;multiply;pauliarray;9.665969599969685
17;10000;multiply;pauliarray;9.580201400094666
18;10000;multiply;pauliarray;9.933496600016952
19;10000;multiply;pauliarray;9.739528400008567
20;10000;multiply;pauliarray;8.97724969999399
21;10000;multiply;pauliarray;10.122272999957204
22;10000;multiply;pauliarray;9.967941000009887
23;10000;multiply;pauliarray;9.496982000069693
24;10000;multiply;pauliarray;10.016523399972357
25;10000;multiply;pauliarray;9.714786499971524
26;10000;multiply;pauliarray;9.808261399972253
27;10000;multiply;pauliarray;10.138430999941193
28;10000;multiply;pauliarray;9.696391199948266
29;10000;multiply;pauliarray;9.89916849997826
30;10000;multiply;pauliarray;9.810956600005738
1;12000;multiply;pauliarray;16.744578799931332
2;12000;multiply;pauliarray;10.150079300045036
3;12000;multiply;pauliarray;10.273186400067061
4;12000;multiply;pauliarray;10.487508999998681
5;12000;multiply;pauliarray;10.53680780006107
6;12000;multiply;pauliarray;12.656970400013961
7;12000;multiply;pauliarray;10.275142699945718
8;12000;multiply;pauliarray;9.64633140002843
9;12000;multiply;pauliarray;9.51241849991493
10;12000;multiply;pauliarray;9.887077999999747
11;12000;multiply;pauliarray;10.08419490000233
12;12000;multiply;pauliarray;13.072939799982123
13;12000;multiply;pauliarray;16.871519700041972
14;12000;multiply;pauliarray;10.655477500054985
15;12000;multiply;pauliarray;10.796463900012895
16;12000;multiply;pauliarray;10.586090299999341
17;12000;multiply;pauliarray;10.014992999960668
18;12000;multiply;pauliarray;9.748889699927531
19;12000;multiply;pauliarray;10.208944100071676
20;12000;multiply;pauliarray;10.810159899992868
21;12000;multiply;pauliarray;10.34371100005228
22;12000;multiply;pauliarray;10.068305799970403
23;12000;multiply;pauliarray;10.220488700084388
24;12000;multiply;pauliarray;9.85644590004813
25;12000;multiply;pauliarray;10.033614999963902
26;12000;multiply;pauliarray;10.357216399977915
27;12000;multiply;pauliarray;10.286808599950746
28;12000;multiply;pauliarray;10.573542000027373
29;12000;multiply;pauliarray;9.785375499981456
30;12000;multiply;pauliarray;10.22215889999643
1;10;multiply;pauliengine;0.19827359996270388
2;10;multiply;pauliengine;0.33848589996341616
3;10;multiply;pauliengine;0.28447429998777807
4;10;multiply;pauliengine;0.30934139993041754
5;10;multiply;pauliengine;0.41791300009936094
6;10;multiply;pauliengine;0.2529359000036493
7;10;multiply;pauliengine;0.2330301000038162
8;10;multiply;pauliengine;0.2370574000524357
9;10;multiply;pauliengine;0.19084910000674427
10;10;multiply;pauliengine;0.23221819999162108
11;10;multiply;pauliengine;0.227960400050506
12;10;multiply;pauliengine;0.2272450999589637
13;10;multiply;pauliengine;0.29488319996744394
14;10;multiply;pauliengine;0.22998820000793785
15;10;multiply;pauliengine;0.2833767000120133
16;10;multiply;pauliengine;0.23689980001654476
17;10;multiply;pauliengine;0.3411608999595046
18;10;multiply;pauliengine;0.2368128999369219
19;10;multiply;pauliengine;0.2417610000120476
20;10;multiply;pauliengine;0.2265734999673441
21;10;multiply;pauliengine;0.23953789996448904
22;10;multiply;pauliengine;0.23324059997685254
23;10;multiply;pauliengine;0.26273720001336187
24;10;multiply;pauliengine;0.22352830006275326
25;10;multiply;pauliengine;0.304045099997893
26;10;multiply;pauliengine;0.3124264000216499
27;10;multiply;pauliengine;0.23565819999203086
28;10;multiply;pauliengine;0.31592490000184625
29;10;multiply;pauliengine;0.33639760001096874
30;10;multiply;pauliengine;0.2521676999749616
1;100;multiply;pauliengine;0.2095164000056684
2;100;multiply;pauliengine;0.33287160005420446
3;100;multiply;pauliengine;0.275625400012359
4;100;multiply;pauliengine;0.2565910000121221
5;100;multiply;pauliengine;0.2352230999385938
6;100;multiply;pauliengine;0.28348650003317744
7;100;multiply;pauliengine;0.25085349997971207
8;100;multiply;pauliengine;0.31879089993890375
9;100;multiply;pauliengine;0.19991919992025942
10;100;multiply;pauliengine;0.3199748999904841
11;100;multiply;pauliengine;0.2633014000020921
12;100;multiply;pauliengine;0.3391950000077486
13;100;multiply;pauliengine;0.3235071999952197
14;100;multiply;pauliengine;0.4163768000435084
15;100;multiply;pauliengine;0.23932649998459965
16;100;multiply;pauliengine;0.2459670000243932
17;100;multiply;pauliengine;0.33305439993273467
18;100;multiply;pauliengine;0.3368666999740526
19;100;multiply;pauliengine;0.23155709996353835
20;100;multiply;pauliengine;0.20294160000048578
21;100;multiply;pauliengine;0.24941529997158796
22;100;multiply;pauliengine;0.25459330005105585
23;100;multiply;pauliengine;0.2607386000454426
24;100;multiply;pauliengine;0.2752102999947965
25;100;multiply;pauliengine;0.3069781999802217
26;100;multiply;pauliengine;0.25811329996213317
27;100;multiply;pauliengine;0.24919459992088377
28;100;multiply;pauliengine;0.3037278999108821
29;100;multiply;pauliengine;0.3110023000044748
30;100;multiply;pauliengine;0.35122940002474934
1;1000;multiply;pauliengine;0.39602020010352135
2;1000;multiply;pauliengine;0.855544300051406
3;1000;multiply;pauliengine;0.5546179000521079
4;1000;multiply;pauliengine;0.4584791000233963
5;1000;multiply;pauliengine;0.4475662000477314
6;1000;multiply;pauliengine;0.4635950999800116
7;1000;multiply;pauliengine;0.49792569992132485
8;1000;multiply;pauliengine;0.5034402000019327
9;1000;multiply;pauliengine;0.49896120000630617
10;1000;multiply;pauliengine;0.4586937000276521
11;1000;multiply;pauliengine;0.5143872000044212
12;1000;multiply;pauliengine;0.47472580010071397
13;1000;multiply;pauliengine;0.48693010001443326
14;1000;multiply;pauliengine;0.4642669999739155
15;1000;multiply;pauliengine;0.4586795000359416
16;1000;multiply;pauliengine;0.41786849999334663
17;1000;multiply;pauliengine;0.5853432000149041
18;1000;multiply;pauliengine;0.604558699997142
19;1000;multiply;pauliengine;0.4213721000123769
20;1000;multiply;pauliengine;0.540599099942483
21;1000;multiply;pauliengine;0.4682966999243945
22;1000;multiply;pauliengine;0.4931786999804899
23;1000;multiply;pauliengine;0.48387849994469434
24;1000;multiply;pauliengine;0.47032469999976456
25;1000;multiply;pauliengine;0.4810705999843776
26;1000;multiply;pauliengine;0.5191634999355301
27;1000;multiply;pauliengine;0.45116060005966574
28;1000;multiply;pauliengine;0.5225045999977738
29;1000;multiply;pauliengine;0.5413363999687135
30;1000;multiply;pauliengine;0.4981087999185547
1;3000;multiply;pauliengine;0.88821799994912
2;3000;multiply;pauliengine;0.5283608000027016
3;3000;multiply;pauliengine;0.5830668000271544
4;3000;multiply;pauliengine;0.5832884999690577
5;3000;multiply;pauliengine;0.4641410999465734
6;3000;multiply;pauliengine;0.49873510003089905
7;3000;multiply;pauliengine;0.5013114000903443
8;3000;multiply;pauliengine;0.5475579000776634
9;3000;multiply;pauliengine;0.43077570002060384
10;3000;multiply;pauliengine;0.5839284000685439
11;3000;multiply;pauliengine;0.5864961000625044
12;3000;multiply;pauliengine;0.4023273999337107
13;3000;multiply;pauliengine;0.5920894000446424
14;3000;multiply;pauliengine;0.5956652000313625
15;3000;multiply;pauliengine;0.562866699998267
16;3000;multiply;pauliengine;0.5882064000470564
17;3000;multiply;pauliengine;0.5081564999418333
18;3000;multiply;pauliengine;0.5087423999793828
19;3000;multiply;pauliengine;0.5038828999968246
20;3000;multiply;pauliengine;0.5021701999939978
21;3000;multiply;pauliengine;0.4718426000326872
22;3000;multiply;pauliengine;0.5834863999625668
23;3000;multiply;pauliengine;0.5403608999913558
24;3000;multiply;pauliengine;0.555570499971509
25;3000;multiply;pauliengine;0.7011617000680417
26;3000;multiply;pauliengine;0.5899928000289947
27;3000;multiply;pauliengine;0.546794000081718
28;3000;multiply;pauliengine;0.4991025000344962
29;3000;multiply;pauliengine;0.5186939999694005
30;3000;multiply;pauliengine;0.7700258999830112
1;6000;multiply;pauliengine;1.0825726001057774
2;6000;multiply;pauliengine;0.5685286999214441
3;6000;multiply;pauliengine;0.7150643001077697
4;6000;multiply;pauliengine;0.51348159997724
5;6000;multiply;pauliengine;0.6638145000906661
6;6000;multiply;pauliengine;0.6093650999246165
7;6000;multiply;pauliengine;0.7348357000155374
8;6000;multiply;pauliengine;1.1491120000137016
9;6000;multiply;pauliengine;0.5935547999106348
10;6000;multiply;pauliengine;0.6187689000507817
11;6000;multiply;pauliengine;0.6015161999966949
12;6000;multiply;pauliengine;0.6747915000887588
13;6000;multiply;pauliengine;0.6266955999890342
14;6000;multiply;pauliengine;0.5479308000067249
15;6000;multiply;pauliengine;0.5809583999216557
16;6000;multiply;pauliengine;0.6702567000174895
17;6000;multiply;pauliengine;0.6335972999222577
18;6000;multiply;pauliengine;0.571999300038442
19;6000;multiply;pauliengine;0.6217286000028253
20;6000;multiply;pauliengine;0.6599111999385059
21;6000;multiply;pauliengine;0.5876273000612855
22;6000;multiply;pauliengine;0.6157887999434024
23;6000;multiply;pauliengine;0.5973361999494955
24;6000;multiply;pauliengine;0.728659600019455
25;6000;multiply;pauliengine;0.5796390000032261
26;6000;multiply;pauliengine;0.5737846000120044
27;6000;multiply;pauliengine;0.5959929999662563
28;6000;multiply;pauliengine;0.6002820000285283
29;6000;multiply;pauliengine;0.6499681000132114
30;6000;multiply;pauliengine;0.6012165000429377
1;8000;multiply;pauliengine;1.3343384000472724
2;8000;multiply;pauliengine;0.7718943000072613
3;8000;multiply;pauliengine;0.7670358999166638
4;8000;multiply;pauliengine;0.7301593000302091
5;8000;multiply;pauliengine;0.6837758000474423
6;8000;multiply;pauliengine;0.7709776998963207
7;8000;multiply;pauliengine;0.9745683999499306
8;8000;multiply;pauliengine;1.253091200022027
9;8000;multiply;pauliengine;0.6279766999650747
10;8000;multiply;pauliengine;0.772809199988842
11;8000;multiply;pauliengine;0.7919236000161618
12;8000;multiply;pauliengine;0.6012476999312639
13;8000;multiply;pauliengine;1.2817997999954969
14;8000;multiply;pauliengine;0.8442711000097916
15;8000;multiply;pauliengine;0.6267702000914142
16;8000;multiply;pauliengine;0.6837408000137657
17;8000;multiply;pauliengine;0.6457147001056001
18;8000;multiply;pauliengine;0.9042346999049187
19;8000;multiply;pauliengine;0.6844256999902427
20;8000;multiply;pauliengine;0.6474709000904113
21;8000;multiply;pauliengine;0.7826657999539748
22;8000;multiply;pauliengine;0.766637200023979
23;8000;multiply;pauliengine;0.7399922999320552
24;8000;multiply;pauliengine;0.6557091999566182
25;8000;multiply;pauliengine;0.8309192999731749
26;8000;multiply;pauliengine;0.652676900033839
27;8000;multiply;pauliengine;0.6547872999217361
28;8000;multiply;pauliengine;0.6572397000854835
29;8000;multiply;pauliengine;0.658448199974373
30;8000;multiply;pauliengine;0.6403580999467522
1;10000;multiply;pauliengine;1.3578059999272227
2;10000;multiply;pauliengine;0.7651755000697449
3;10000;multiply;pauliengine;0.6993094999343157
4;10000;multiply;pauliengine;0.6990232999669388
5;10000;multiply;pauliengine;0.696965100010857
6;10000;multiply;pauliengine;0.7673134000506252
7;10000;multiply;pauliengine;0.7353227999992669
8;10000;multiply;pauliengine;1.0365213999757543
9;10000;multiply;pauliengine;0.7458495999453589
10;10000;multiply;pauliengine;0.7722812000429258
11;10000;multiply;pauliengine;0.7639969999436289
12;10000;multiply;pauliengine;0.6541954000713304
13;10000;multiply;pauliengine;1.3210911999922246
14;10000;multiply;pauliengine;0.6747928999830037
15;10000;multiply;pauliengine;1.3667180000338703
16;10000;multiply;pauliengine;0.6986565999686718
17;10000;multiply;pauliengine;0.8033994999714196
18;10000;multiply;pauliengine;0.7087555999169126
19;10000;multiply;pauliengine;0.7523502000840381
20;10000;multiply;pauliengine;0.6850228999974206
21;10000;multiply;pauliengine;0.7110413999762386
22;10000;multiply;pauliengine;0.7353856998961419
23;10000;multiply;pauliengine;0.7217854000627995
24;10000;multiply;pauliengine;0.8276281000580639
25;10000;multiply;pauliengine;0.8496349999913946
26;10000;multiply;pauliengine;0.7238822000799701
27;10000;multiply;pauliengine;0.9371159999864176
28;10000;multiply;pauliengine;0.7862197998911142
29;10000;multiply;pauliengine;0.6927821999415755
30;10000;multiply;pauliengine;0.8259351999731734
1;12000;multiply;pauliengine;1.4824334000004455
2;12000;multiply;pauliengine;0.8508152000140399
3;12000;multiply;pauliengine;0.980371099896729
4;12000;multiply;pauliengine;0.8644269000506029
5;12000;multiply;pauliengine;0.807677699951455
6;12000;multiply;pauliengine;0.8112522000446916
7;12000;multiply;pauliengine;0.8576377000426874
8;12000;multiply;pauliengine;0.595256199943833
9;12000;multiply;pauliengine;1.686303099966608
10;12000;multiply;pauliengine;0.8270012999419123
11;12000;multiply;pauliengine;0.7352745000971481
12;12000;multiply;pauliengine;0.7933824999490753
13;12000;multiply;pauliengine;1.4574539000168443
14;12000;multiply;pauliengine;0.8485001000808552
15;12000;multiply;pauliengine;0.8199198000365868
16;12000;multiply;pauliengine;1.038759500021115
17;12000;multiply;pauliengine;0.8162660000380129
18;12000;multiply;pauliengine;0.8822037999052554
19;12000;multiply;pauliengine;0.8772452999837697
20;12000;multiply;pauliengine;0.7849484999896958
21;12000;multiply;pauliengine;0.8921749999281019
22;12000;multiply;pauliengine;0.7414943999610841
23;12000;multiply;pauliengine;0.8839753000065684
24;12000;multiply;pauliengine;0.8714679999975488
25;12000;multiply;pauliengine;0.8156478999881074
26;12000;multiply;pauliengine;0.8171735000796616
27;12000;multiply;pauliengine;0.7638746000593528
28;12000;multiply;pauliengine;0.9458881999598816
29;12000;multiply;pauliengine;1.189833699958399
30;12000;multiply;pauliengine;0.7529680000152439
