#;qubits;operation;library;performance
1;10;build;stim;0.0005513769865501672
2;10;build;stim;0.0004984420083928853
3;10;build;stim;0.0004925410030409694
4;10;build;stim;0.0004926859983243048
5;10;build;stim;0.0004927690024487674
6;10;build;stim;0.00048046300071291625
7;10;build;stim;0.0004863379872404039
8;10;build;stim;0.0004806119832210243
9;10;build;stim;0.0004909860144834965
10;10;build;stim;0.0004834709980059415
11;10;build;stim;0.00048810700536705554
12;10;build;stim;0.000476964982226491
13;10;build;stim;0.0004773029941134155
14;10;build;stim;0.0004934280004817992
15;10;build;stim;0.0004788229998666793
16;10;build;stim;0.0004961859958712012
17;10;build;stim;0.0004896809987258166
18;10;build;stim;0.0004923100059386343
19;10;build;stim;0.00047801999608054757
20;10;build;stim;0.0004735710099339485
21;10;build;stim;0.0004893389996141195
22;10;build;stim;0.0004868880205322057
23;10;build;stim;0.00048665699432604015
24;10;build;stim;0.0004941450024489313
25;10;build;stim;0.0004913510056212544
26;10;build;stim;0.0004884269728790969
27;10;build;stim;0.0004920669889543205
28;10;build;stim;0.0004772509855683893
29;10;build;stim;0.0004918249906040728
30;10;build;stim;0.0004901339998468757
31;10;build;stim;0.0004923040105495602
32;10;build;stim;0.0004918180056847632
33;10;build;stim;0.0004778720031026751
34;10;build;stim;0.0004901220090687275
35;10;build;stim;0.00048482700367458165
36;10;build;stim;0.0004927620175294578
37;10;build;stim;0.0004894459852948785
38;10;build;stim;0.0004905120003968477
39;10;build;stim;0.0004939850186929107
40;10;build;stim;0.0004873810103163123
41;10;build;stim;0.00047477599582634866
42;10;build;stim;0.0004903849912807345
43;10;build;stim;0.0004803420160897076
44;10;build;stim;0.00048625297495163977
45;10;build;stim;0.0004879689950030297
46;10;build;stim;0.0004802879993803799
47;10;build;stim;0.0004798530135303736
48;10;build;stim;0.00048248900566250086
49;10;build;stim;0.0004932779993396252
50;10;build;stim;0.0004912129952572286
51;10;build;stim;0.0004901890060864389
52;10;build;stim;0.000488741003209725
53;10;build;stim;0.0005972239887341857
54;10;build;stim;0.0004900000058114529
55;10;build;stim;0.0004782979958690703
56;10;build;stim;0.0004767830250784755
57;10;build;stim;0.00047880999045446515
58;10;build;stim;0.000492399005452171
59;10;build;stim;0.0004938130150549114
60;10;build;stim;0.0004941399965900928
61;10;build;stim;0.0004962770035490394
62;10;build;stim;0.0004828209930565208
63;10;build;stim;0.0004787860088981688
64;10;build;stim;0.000490496022393927
65;10;build;stim;0.0004798279842361808
66;10;build;stim;0.00048105299356393516
67;10;build;stim;0.0004906779795419425
68;10;build;stim;0.00046762501006014645
69;10;build;stim;0.0004908539995085448
70;10;build;stim;0.0004928400157950819
71;10;build;stim;0.00047996200737543404
72;10;build;stim;0.00048161501763388515
73;10;build;stim;0.0004771719977725297
74;10;build;stim;0.000483359006466344
75;10;build;stim;0.0004903720109723508
76;10;build;stim;0.0004815350112039596
77;10;build;stim;0.0004800890164915472
78;10;build;stim;0.0004915210010949522
79;10;build;stim;0.0004925570101477206
80;10;build;stim;0.0004814269777853042
81;10;build;stim;0.0004898679908365011
82;10;build;stim;0.00048024600255303085
83;10;build;stim;0.00048139801947399974
84;10;build;stim;0.0004946590051986277
85;10;build;stim;0.00047904401435516775
86;10;build;stim;0.0004935849865432829
87;10;build;stim;0.00048759300261735916
88;10;build;stim;0.00047663599252700806
89;10;build;stim;0.0004761629970744252
90;10;build;stim;0.00047570900642313063
91;10;build;stim;0.000789759011240676
92;10;build;stim;0.0004887389950454235
93;10;build;stim;0.00047977000940591097
94;10;build;stim;0.0004778900183737278
95;10;build;stim;0.0004966839915141463
96;10;build;stim;0.0004905200039502233
97;10;build;stim;0.0004906500107608736
98;10;build;stim;0.00048781599616631866
99;10;build;stim;0.0004898130137007684
100;10;build;stim;0.0004907239926978946
1;100;build;stim;0.0013259199913591146
2;100;build;stim;0.0013293999945744872
3;100;build;stim;0.0013302670267876238
4;100;build;stim;0.0013290919887367636
5;100;build;stim;0.0013264490116853267
6;100;build;stim;0.001334063010290265
7;100;build;stim;0.0013201209949329495
8;100;build;stim;0.0013253009819891304
9;100;build;stim;0.001327331003267318
10;100;build;stim;0.001329497987171635
11;100;build;stim;0.0013155490159988403
12;100;build;stim;0.0013266459864098579
13;100;build;stim;0.0013273800141178071
14;100;build;stim;0.0013228909811004996
15;100;build;stim;0.0013208529853727669
16;100;build;stim;0.001334165019216016
17;100;build;stim;0.0013275700039230287
18;100;build;stim;0.0013273300137370825
19;100;build;stim;0.0013225300062913448
20;100;build;stim;0.0013319360150489956
21;100;build;stim;0.0013269629853311926
22;100;build;stim;0.0013320089783519506
23;100;build;stim;0.0013344780018087476
24;100;build;stim;0.001327809994108975
25;100;build;stim;0.0013273420045152307
26;100;build;stim;0.0013301540166139603
27;100;build;stim;0.0013300690043251961
28;100;build;stim;0.0013225539878476411
29;100;build;stim;0.0013272959913592786
30;100;build;stim;0.0013210420147515833
31;100;build;stim;0.001323186996160075
32;100;build;stim;0.0013231310003902763
33;100;build;stim;0.0013294560194481164
34;100;build;stim;0.001332669984549284
35;100;build;stim;0.0013206609874032438
36;100;build;stim;0.0013307759945746511
37;100;build;stim;0.0013395410205703229
38;100;build;stim;0.0013299399870447814
39;100;build;stim;0.001326175988651812
40;100;build;stim;0.0013247910246718675
41;100;build;stim;0.0013266349851619452
42;100;build;stim;0.0013232800120022148
43;100;build;stim;0.00132621600641869
44;100;build;stim;0.0013294070085976273
45;100;build;stim;0.0013390630192589015
46;100;build;stim;0.0013259659754112363
47;100;build;stim;0.0013213019992690533
48;100;build;stim;0.0013183419941924512
49;100;build;stim;0.0013283540029078722
50;100;build;stim;0.001333310006884858
51;100;build;stim;0.0013254790101200342
52;100;build;stim;0.0013300599821377546
53;100;build;stim;0.001327551988651976
54;100;build;stim;0.0013273179938551039
55;100;build;stim;0.0013240830157883465
56;100;build;stim;0.001329488994088024
57;100;build;stim;0.0013265410088934004
58;100;build;stim;0.0013272009964566678
59;100;build;stim;0.0013215880026109517
60;100;build;stim;0.0013272429932840168
61;100;build;stim;0.0013261580024845898
62;100;build;stim;0.001325129996985197
63;100;build;stim;0.0013260499981697649
64;100;build;stim;0.0013373680121731013
65;100;build;stim;0.0013215779908932745
66;100;build;stim;0.001322541997069493
67;100;build;stim;0.0013175920175854117
68;100;build;stim;0.001335776993073523
69;100;build;stim;0.0013298200210556388
70;100;build;stim;0.0013243650028016418
71;100;build;stim;0.0013215149811003357
72;100;build;stim;0.0013312390074133873
73;100;build;stim;0.001321916002780199
74;100;build;stim;0.00132594900787808
75;100;build;stim;0.001324894983554259
76;100;build;stim;0.0013226089940872043
77;100;build;stim;0.0013252579956315458
78;100;build;stim;0.0013159130176063627
79;100;build;stim;0.0013203200069256127
80;100;build;stim;0.0013289029884617776
81;100;build;stim;0.0013234910147730261
82;100;build;stim;0.0013315060059539974
83;100;build;stim;0.0013217230152804404
84;100;build;stim;0.0013282180007081479
85;100;build;stim;0.0013338839926291257
86;100;build;stim;0.001324267010204494
87;100;build;stim;0.001320984010817483
88;100;build;stim;0.001326018013060093
89;100;build;stim;0.0013230550102889538
90;100;build;stim;0.0014430140145123005
91;100;build;stim;0.0016032049898058176
92;100;build;stim;0.0013233289937488735
93;100;build;stim;0.0013214069767855108
94;100;build;stim;0.001328518002992496
95;100;build;stim;0.001323923992458731
96;100;build;stim;0.0013358409923966974
97;100;build;stim;0.0013217059895396233
98;100;build;stim;0.0013301939761731774
99;100;build;stim;0.0013184990093577653
100;100;build;stim;0.0013354620023164898
1;1000;build;stim;0.009844086976954713
2;1000;build;stim;0.009705143980681896
3;1000;build;stim;0.009716326021589339
4;1000;build;stim;0.009715423017041758
5;1000;build;stim;0.009719184978166595
6;1000;build;stim;0.009718979010358453
7;1000;build;stim;0.009733054001117125
8;1000;build;stim;0.009738421998918056
9;1000;build;stim;0.009797815990168601
10;1000;build;stim;0.009722909017000347
11;1000;build;stim;0.009720001020468771
12;1000;build;stim;0.009723260009195656
13;1000;build;stim;0.00973455302300863
14;1000;build;stim;0.009705751988803968
15;1000;build;stim;0.009716775006381795
16;1000;build;stim;0.009739633998833597
17;1000;build;stim;0.009716469008708373
18;1000;build;stim;0.009718250017613173
19;1000;build;stim;0.009715286985738203
20;1000;build;stim;0.009704575990326703
21;1000;build;stim;0.009776672988664359
22;1000;build;stim;0.009723289025714621
23;1000;build;stim;0.009743978996993974
24;1000;build;stim;0.00970687999506481
25;1000;build;stim;0.009734757011756301
26;1000;build;stim;0.009742035006638616
27;1000;build;stim;0.009712308994494379
28;1000;build;stim;0.009710518992505968
29;1000;build;stim;0.00971864999155514
30;1000;build;stim;0.009721937996800989
31;1000;build;stim;0.00995593800325878
32;1000;build;stim;0.009706416021799669
33;1000;build;stim;0.009831080998992547
34;1000;build;stim;0.009732225997140631
35;1000;build;stim;0.009712664992548525
36;1000;build;stim;0.009731385012855753
37;1000;build;stim;0.009717610984807834
38;1000;build;stim;0.010964093991788104
39;1000;build;stim;0.009731689002364874
40;1000;build;stim;0.009718510002130643
41;1000;build;stim;0.00971707099233754
42;1000;build;stim;0.009704773023258895
43;1000;build;stim;0.00972206101869233
44;1000;build;stim;0.009715263993712142
45;1000;build;stim;0.009731152007589117
46;1000;build;stim;0.009718292014440522
47;1000;build;stim;0.009712529979879037
48;1000;build;stim;0.009731944999657571
49;1000;build;stim;0.009703657997306436
50;1000;build;stim;0.009721027017803863
51;1000;build;stim;0.009717278997413814
52;1000;build;stim;0.00971262197708711
53;1000;build;stim;0.009730332996696234
54;1000;build;stim;0.0097202519827988
55;1000;build;stim;0.00971731700701639
56;1000;build;stim;0.009719333989778534
57;1000;build;stim;0.009712163009680808
58;1000;build;stim;0.009715855994727463
59;1000;build;stim;0.009704844997031614
60;1000;build;stim;0.009717434993945062
61;1000;build;stim;0.009705934004159644
62;1000;build;stim;0.00971480700536631
63;1000;build;stim;0.009734590974403545
64;1000;build;stim;0.009769992990186438
65;1000;build;stim;0.009709111996926367
66;1000;build;stim;0.009718282002722844
67;1000;build;stim;0.009706315991934389
68;1000;build;stim;0.009712550992844626
69;1000;build;stim;0.009745854011271149
70;1000;build;stim;0.009699498972622678
71;1000;build;stim;0.009721014008391649
72;1000;build;stim;0.009715641004731879
73;1000;build;stim;0.009710030979476869
74;1000;build;stim;0.009703768999315798
75;1000;build;stim;0.00972575499326922
76;1000;build;stim;0.009721595008159056
77;1000;build;stim;0.00971830400521867
78;1000;build;stim;0.009715175023302436
79;1000;build;stim;0.009715218999190256
80;1000;build;stim;0.009716499014757574
81;1000;build;stim;0.009722264017909765
82;1000;build;stim;0.009714740008348599
83;1000;build;stim;0.009719772002426907
84;1000;build;stim;0.009711003018310294
85;1000;build;stim;0.0097272620187141
86;1000;build;stim;0.00970501298434101
87;1000;build;stim;0.009715328982565552
88;1000;build;stim;0.0097131910151802
89;1000;build;stim;0.009716629981994629
90;1000;build;stim;0.009714749990962446
91;1000;build;stim;0.010300313006155193
92;1000;build;stim;0.009705153992399573
93;1000;build;stim;0.009709761012345552
94;1000;build;stim;0.0097099450067617
95;1000;build;stim;0.009734699997352436
96;1000;build;stim;0.009710792015539482
97;1000;build;stim;0.009715084976051003
98;1000;build;stim;0.009728620992973447
99;1000;build;stim;0.009717545006424189
100;1000;build;stim;0.00972114599426277
1;3000;build;stim;0.028319208999164402
2;3000;build;stim;0.028308389999438077
3;3000;build;stim;0.028321983001660556
4;3000;build;stim;0.028309359011473134
5;3000;build;stim;0.028338806005194783
6;3000;build;stim;0.02834227099083364
7;3000;build;stim;0.028320912999333814
8;3000;build;stim;0.028346437989966944
9;3000;build;stim;0.028336220973869786
10;3000;build;stim;0.02830509201157838
11;3000;build;stim;0.028308938024565578
12;3000;build;stim;0.02836193301482126
13;3000;build;stim;0.028313060000073165
14;3000;build;stim;0.028319465985987335
15;3000;build;stim;0.02831743602291681
16;3000;build;stim;0.028506942006060854
17;3000;build;stim;0.028374716988764703
18;3000;build;stim;0.028309507993981242
19;3000;build;stim;0.028383903991198167
20;3000;build;stim;0.02831083198543638
21;3000;build;stim;0.02832864801166579
22;3000;build;stim;0.02830306498799473
23;3000;build;stim;0.028364318975945935
24;3000;build;stim;0.028342220990452915
25;3000;build;stim;0.028308912995271385
26;3000;build;stim;0.028303269005846232
27;3000;build;stim;0.028320185985649005
28;3000;build;stim;0.028343336016405374
29;3000;build;stim;0.028325630992185324
30;3000;build;stim;0.028316612995695323
31;3000;build;stim;0.028317482996499166
32;3000;build;stim;0.028320687008090317
33;3000;build;stim;0.028320165001787245
34;3000;build;stim;0.028322184982243925
35;3000;build;stim;0.02829430901329033
36;3000;build;stim;0.02829495200421661
37;3000;build;stim;0.028361044998746365
38;3000;build;stim;0.031234908994520083
39;3000;build;stim;0.028369837993523106
40;3000;build;stim;0.028307408996624872
41;3000;build;stim;0.02831186100956984
42;3000;build;stim;0.028325502993538976
43;3000;build;stim;0.02835344398044981
44;3000;build;stim;0.028341260011075065
45;3000;build;stim;0.02831426600459963
46;3000;build;stim;0.028308264998486266
47;3000;build;stim;0.028291536000324413
48;3000;build;stim;0.028289039997616783
49;3000;build;stim;0.028363745019305497
50;3000;build;stim;0.02829670099890791
51;3000;build;stim;0.02828450800734572
52;3000;build;stim;0.02834417999838479
53;3000;build;stim;0.02843161701457575
54;3000;build;stim;0.02833435099455528
55;3000;build;stim;0.02831006099586375
56;3000;build;stim;0.028313924005487934
57;3000;build;stim;0.02833010899485089
58;3000;build;stim;0.028310005000093952
59;3000;build;stim;0.028299617988523096
60;3000;build;stim;0.028273501025978476
61;3000;build;stim;0.02829081699019298
62;3000;build;stim;0.02831767499446869
63;3000;build;stim;0.028285983979003504
64;3000;build;stim;0.028332727000815794
65;3000;build;stim;0.028274548007175326
66;3000;build;stim;0.028304315987043083
67;3000;build;stim;0.028405196993844584
68;3000;build;stim;0.02836686497903429
69;3000;build;stim;0.028331474983133376
70;3000;build;stim;0.028288780013099313
71;3000;build;stim;0.02831545000663027
72;3000;build;stim;0.02835642799618654
73;3000;build;stim;0.028312122012721375
74;3000;build;stim;0.028343448997475207
75;3000;build;stim;0.028291516995523125
76;3000;build;stim;0.02833715101587586
77;3000;build;stim;0.02838553601759486
78;3000;build;stim;0.02831541799241677
79;3000;build;stim;0.028323041973635554
80;3000;build;stim;0.028284161002375185
81;3000;build;stim;0.02829480401123874
82;3000;build;stim;0.028309229004662484
83;3000;build;stim;0.028290549002122134
84;3000;build;stim;0.0282912949915044
85;3000;build;stim;0.028328690998023376
86;3000;build;stim;0.028328590997261927
87;3000;build;stim;0.028348699008347467
88;3000;build;stim;0.02828353500808589
89;3000;build;stim;0.028299394994974136
90;3000;build;stim;0.02831464898190461
91;3000;build;stim;0.03125665700645186
92;3000;build;stim;0.028295058000367135
93;3000;build;stim;0.02829244700842537
94;3000;build;stim;0.02830891401390545
95;3000;build;stim;0.028304855019086972
96;3000;build;stim;0.02830255898879841
97;3000;build;stim;0.02829670099890791
98;3000;build;stim;0.028309847984928638
99;3000;build;stim;0.028410839004209265
100;3000;build;stim;0.028326923988061026
1;6000;build;stim;0.05625701800454408
2;6000;build;stim;0.05619327200111002
3;6000;build;stim;0.056222407991299406
4;6000;build;stim;0.05627515201922506
5;6000;build;stim;0.05620934799662791
6;6000;build;stim;0.05625036801211536
7;6000;build;stim;0.056224897009087726
8;6000;build;stim;0.056179999985033646
9;6000;build;stim;0.05627864698180929
10;6000;build;stim;0.05621101497672498
11;6000;build;stim;0.056196169985923916
12;6000;build;stim;0.056270355999004096
13;6000;build;stim;0.05630158199346624
14;6000;build;stim;0.056274948990903795
15;6000;build;stim;0.05619937600567937
16;6000;build;stim;0.05619146302342415
17;6000;build;stim;0.05627503400319256
18;6000;build;stim;0.056214081996586174
19;6000;build;stim;0.056222090002847835
20;6000;build;stim;0.05617929401341826
21;6000;build;stim;0.056216486991615966
22;6000;build;stim;0.05619105801451951
23;6000;build;stim;0.056183000007877126
24;6000;build;stim;0.05623339698649943
25;6000;build;stim;0.05628402001457289
26;6000;build;stim;0.056215446995338425
27;6000;build;stim;0.05660545700811781
28;6000;build;stim;0.056193188996985555
29;6000;build;stim;0.05618352099554613
30;6000;build;stim;0.05616890799137764
31;6000;build;stim;0.05621805501868948
32;6000;build;stim;0.05619734199717641
33;6000;build;stim;0.056279406999237835
34;6000;build;stim;0.056199766986537725
35;6000;build;stim;0.0561988560075406
36;6000;build;stim;0.056242196005769074
37;6000;build;stim;0.06141963799018413
38;6000;build;stim;0.05912738500046544
39;6000;build;stim;0.05621197901200503
40;6000;build;stim;0.056181442021625116
41;6000;build;stim;0.0562074999907054
42;6000;build;stim;0.05623731898958795
43;6000;build;stim;0.05625546202645637
44;6000;build;stim;0.05623394198482856
45;6000;build;stim;0.056177819991717115
46;6000;build;stim;0.05618950101779774
47;6000;build;stim;0.05614953301846981
48;6000;build;stim;0.05619227801798843
49;6000;build;stim;0.05620226400787942
50;6000;build;stim;0.05621828499715775
51;6000;build;stim;0.056187577021773905
52;6000;build;stim;0.056279537006048486
53;6000;build;stim;0.056230275018606335
54;6000;build;stim;0.05619376400136389
55;6000;build;stim;0.05619808699702844
56;6000;build;stim;0.056174950004788116
57;6000;build;stim;0.05676326501998119
58;6000;build;stim;0.05619125100201927
59;6000;build;stim;0.05631427199114114
60;6000;build;stim;0.05635069101117551
61;6000;build;stim;0.056218534999061376
62;6000;build;stim;0.05617796300793998
63;6000;build;stim;0.056214557989733294
64;6000;build;stim;0.056245001003844664
65;6000;build;stim;0.05625057400902733
66;6000;build;stim;0.05619916599243879
67;6000;build;stim;0.05617376900045201
68;6000;build;stim;0.05619701501564123
69;6000;build;stim;0.05624952001380734
70;6000;build;stim;0.056211515999166295
71;6000;build;stim;0.05617597600212321
72;6000;build;stim;0.05626462498912588
73;6000;build;stim;0.05629533599130809
74;6000;build;stim;0.05615294599556364
75;6000;build;stim;0.05620309500955045
76;6000;build;stim;0.056202033010777086
77;6000;build;stim;0.0562419600028079
78;6000;build;stim;0.0562091089959722
79;6000;build;stim;0.05622048600343987
80;6000;build;stim;0.056208074995083734
81;6000;build;stim;0.056200039020041004
82;6000;build;stim;0.05616828802158125
83;6000;build;stim;0.05621834102203138
84;6000;build;stim;0.056219406018499285
85;6000;build;stim;0.05623370100511238
86;6000;build;stim;0.05616781901335344
87;6000;build;stim;0.056167280999943614
88;6000;build;stim;0.05623679197742604
89;6000;build;stim;0.05624783202074468
90;6000;build;stim;0.056151308002881706
91;6000;build;stim;0.060432717989897355
92;6000;build;stim;0.05621389197767712
93;6000;build;stim;0.05619440201553516
94;6000;build;stim;0.056259132019476965
95;6000;build;stim;0.059241481008939445
96;6000;build;stim;0.05641278199618682
97;6000;build;stim;0.0562112879997585
98;6000;build;stim;0.056225615000585094
99;6000;build;stim;0.05617785101640038
100;6000;build;stim;0.05624048499157652
1;8000;build;stim;0.07491415500408038
2;8000;build;stim;0.07926621299702674
3;8000;build;stim;0.07490751700242981
4;8000;build;stim;0.07714735402259976
5;8000;build;stim;0.07499562800512649
6;8000;build;stim;0.07492503800312988
7;8000;build;stim;0.07488485300564207
8;8000;build;stim;0.07494373200461268
9;8000;build;stim;0.07644812198122963
10;8000;build;stim;0.0749644740135409
11;8000;build;stim;0.0749295539862942
12;8000;build;stim;0.0749467870045919
13;8000;build;stim;0.07493109599454328
14;8000;build;stim;0.07494374600355513
15;8000;build;stim;0.07499858899973333
16;8000;build;stim;0.07491653901524842
17;8000;build;stim;0.07488494599238038
18;8000;build;stim;0.07493569198413752
19;8000;build;stim;0.07493038399843499
20;8000;build;stim;0.07490579198929481
21;8000;build;stim;0.07504510198486969
22;8000;build;stim;0.07492328598164022
23;8000;build;stim;0.07492268100031652
24;8000;build;stim;0.07492652701330371
25;8000;build;stim;0.07491558100446127
26;8000;build;stim;0.07492713100509718
27;8000;build;stim;0.07532401601201855
28;8000;build;stim;0.07501544299884699
29;8000;build;stim;0.07496507797623053
30;8000;build;stim;0.07499906400335021
31;8000;build;stim;0.07490395699278452
32;8000;build;stim;0.0749054649786558
33;8000;build;stim;0.07499847200233489
34;8000;build;stim;0.07497664098627865
35;8000;build;stim;0.07797939699958079
36;8000;build;stim;0.07508762599900365
37;8000;build;stim;0.0749648229975719
38;8000;build;stim;0.07927007900434546
39;8000;build;stim;0.07494474400300533
40;8000;build;stim;0.07490270701237023
41;8000;build;stim;0.0749946839932818
42;8000;build;stim;0.07483954000053927
43;8000;build;stim;0.07488595301401801
44;8000;build;stim;0.07504891802091151
45;8000;build;stim;0.07486452700686641
46;8000;build;stim;0.07497221298399381
47;8000;build;stim;0.07499513297807425
48;8000;build;stim;0.07485307499882765
49;8000;build;stim;0.07493453100323677
50;8000;build;stim;0.07492383400676772
51;8000;build;stim;0.07496822500252165
52;8000;build;stim;0.07488920699688606
53;8000;build;stim;0.07502613999531604
54;8000;build;stim;0.07514361399807967
55;8000;build;stim;0.07492706901393831
56;8000;build;stim;0.07493804799742065
57;8000;build;stim;0.07510062999790534
58;8000;build;stim;0.07491981200291775
59;8000;build;stim;0.07489203099976294
60;8000;build;stim;0.07493931899080053
61;8000;build;stim;0.07499497302342206
62;8000;build;stim;0.07498380000470206
63;8000;build;stim;0.07490305200917646
64;8000;build;stim;0.07503678801003844
65;8000;build;stim;0.07493908301694319
66;8000;build;stim;0.07489861198700964
67;8000;build;stim;0.0749670880031772
68;8000;build;stim;0.07502986799227074
69;8000;build;stim;0.07502437100629322
70;8000;build;stim;0.07490624900674447
71;8000;build;stim;0.07490411199978553
72;8000;build;stim;0.07504018102190457
73;8000;build;stim;0.07493420399259776
74;8000;build;stim;0.07511382299708202
75;8000;build;stim;0.07501420899643563
76;8000;build;stim;0.07488147501135245
77;8000;build;stim;0.07498721801675856
78;8000;build;stim;0.07484799399389885
79;8000;build;stim;0.07491855099215172
80;8000;build;stim;0.07491182899684645
81;8000;build;stim;0.07494200798100792
82;8000;build;stim;0.07492251499206759
83;8000;build;stim;0.07505231097456999
84;8000;build;stim;0.07494702099938877
85;8000;build;stim;0.0754995410097763
86;8000;build;stim;0.07491649998701178
87;8000;build;stim;0.07491802200092934
88;8000;build;stim;0.07499297597678378
89;8000;build;stim;0.07490515400422737
90;8000;build;stim;0.07995232599205337
91;8000;build;stim;0.07921419301419519
92;8000;build;stim;0.0749332580016926
93;8000;build;stim;0.07490599600714631
94;8000;build;stim;0.07490918200346641
95;8000;build;stim;0.07486280400189571
96;8000;build;stim;0.0748863749904558
97;8000;build;stim;0.07491426699561998
98;8000;build;stim;0.0749752520059701
99;8000;build;stim;0.0749244830221869
100;8000;build;stim;0.07494290199247189
1;10000;build;stim;0.09350003401050344
2;10000;build;stim;0.09353165200445801
3;10000;build;stim;0.09354080399498343
4;10000;build;stim;0.09350548501242884
5;10000;build;stim;0.09359784098342061
6;10000;build;stim;0.09354815402184613
7;10000;build;stim;0.09383814700413495
8;10000;build;stim;0.09356266702525318
9;10000;build;stim;0.09351228299783543
10;10000;build;stim;0.09349045198177919
11;10000;build;stim;0.09350029099732637
12;10000;build;stim;0.09345660801045597
13;10000;build;stim;0.09352577698882669
14;10000;build;stim;0.0935385700140614
15;10000;build;stim;0.09361248600180261
16;10000;build;stim;0.09354907300439663
17;10000;build;stim;0.09351661300752312
18;10000;build;stim;0.09911771299084648
19;10000;build;stim;0.09358320198953152
20;10000;build;stim;0.09344920297735371
21;10000;build;stim;0.0935283669969067
22;10000;build;stim;0.0934702479862608
23;10000;build;stim;0.09355136699741706
24;10000;build;stim;0.09348287800094113
25;10000;build;stim;0.09354324301239103
26;10000;build;stim;0.09357314999215305
27;10000;build;stim;0.09353047198965214
28;10000;build;stim;0.09353303801617585
29;10000;build;stim;0.09350593099952675
30;10000;build;stim;0.09353386500151828
31;10000;build;stim;0.09402425901498646
32;10000;build;stim;0.09352106400183402
33;10000;build;stim;0.09357185699627735
34;10000;build;stim;0.09353500098222867
35;10000;build;stim;0.10259076600777917
36;10000;build;stim;0.09355168501497246
37;10000;build;stim;0.09352052901522256
38;10000;build;stim;0.0935295459930785
39;10000;build;stim;0.09369052099646069
40;10000;build;stim;0.09348328798660077
41;10000;build;stim;0.09352807601680979
42;10000;build;stim;0.09364614999503829
43;10000;build;stim;0.09352283098269254
44;10000;build;stim;0.09363170500728302
45;10000;build;stim;0.09367066901177168
46;10000;build;stim;0.0950088850222528
47;10000;build;stim;0.09365580300800502
48;10000;build;stim;0.09355672699166462
49;10000;build;stim;0.09348738301196136
50;10000;build;stim;0.09350480098510161
51;10000;build;stim;0.09349571299389936
52;10000;build;stim;0.0935605039994698
53;10000;build;stim;0.09349375500460155
54;10000;build;stim;0.09357242099940777
55;10000;build;stim;0.09353062199079432
56;10000;build;stim;0.0952554079995025
57;10000;build;stim;0.09354834901751019
58;10000;build;stim;0.0935762659937609
59;10000;build;stim;0.09353072597878054
60;10000;build;stim;0.09352951199980453
61;10000;build;stim;0.09346944402204826
62;10000;build;stim;0.09355329402023926
63;10000;build;stim;0.0936467979918234
64;10000;build;stim;0.09350006098975427
65;10000;build;stim;0.09352219998254441
66;10000;build;stim;0.09351945598609746
67;10000;build;stim;0.09355493399198167
68;10000;build;stim;0.09359338000649586
69;10000;build;stim;0.09359464998124167
70;10000;build;stim;0.09357084101065993
71;10000;build;stim;0.09349268401274458
72;10000;build;stim;0.09352195099927485
73;10000;build;stim;0.09376727099879645
74;10000;build;stim;0.09356538200518116
75;10000;build;stim;0.09353114801342599
76;10000;build;stim;0.09355413701268844
77;10000;build;stim;0.0935570279834792
78;10000;build;stim;0.09350798500236124
79;10000;build;stim;0.09355238798889332
80;10000;build;stim;0.09354535999591462
81;10000;build;stim;0.09355717699509114
82;10000;build;stim;0.09347134997369722
83;10000;build;stim;0.09354500600602478
84;10000;build;stim;0.09349280002061278
85;10000;build;stim;0.09353938800632022
86;10000;build;stim;0.0934769980085548
87;10000;build;stim;0.09354450000682846
88;10000;build;stim;0.09360099499463104
89;10000;build;stim;0.09350745199481025
90;10000;build;stim;0.09349553502397612
91;10000;build;stim;0.10245730599854141
92;10000;build;stim;0.09350717600318603
93;10000;build;stim;0.0935108799894806
94;10000;build;stim;0.09353033400839195
95;10000;build;stim;0.09354955900926143
96;10000;build;stim;0.09356246099923737
97;10000;build;stim;0.09348702800343744
98;10000;build;stim;0.09365085299941711
99;10000;build;stim;0.09364618800464086
100;10000;build;stim;0.0936022820242215
1;12000;build;stim;0.11216551598045044
2;12000;build;stim;0.11216446699108928
3;12000;build;stim;0.11217702997964807
4;12000;build;stim;0.11232387297786772
5;12000;build;stim;0.11221252998802811
6;12000;build;stim;0.11218675199779682
7;12000;build;stim;0.112202326010447
8;12000;build;stim;0.11209200401208363
9;12000;build;stim;0.11229446402285248
10;12000;build;stim;0.11211161100072786
11;12000;build;stim;0.11219991598045453
12;12000;build;stim;0.11207892998936586
13;12000;build;stim;0.11215425899717957
14;12000;build;stim;0.11208968801656738
15;12000;build;stim;0.11212061200058088
16;12000;build;stim;0.11210829298943281
17;12000;build;stim;0.11270899101509713
18;12000;build;stim;0.1121465369942598
19;12000;build;stim;0.11214561201632023
20;12000;build;stim;0.1121616989839822
21;12000;build;stim;0.11210190400015563
22;12000;build;stim;0.11237561501911841
23;12000;build;stim;0.11220300398417749
24;12000;build;stim;0.1122415279969573
25;12000;build;stim;0.1120864039985463
26;12000;build;stim;0.11207870801445097
27;12000;build;stim;0.11210135798319243
28;12000;build;stim;0.11217581399250776
29;12000;build;stim;0.11212565100868233
30;12000;build;stim;0.11215513799106702
31;12000;build;stim;0.1120863439864479
32;12000;build;stim;0.11209687098744325
33;12000;build;stim;0.11211425700457767
34;12000;build;stim;0.11210791699704714
35;12000;build;stim;0.11251681597786956
36;12000;build;stim;0.11216902101296
37;12000;build;stim;0.11210553799173795
38;12000;build;stim;0.11214209400350228
39;12000;build;stim;0.1123228159849532
40;12000;build;stim;0.11216251700534485
41;12000;build;stim;0.1121685289836023
42;12000;build;stim;0.11207092998665757
43;12000;build;stim;0.11212219399749301
44;12000;build;stim;0.11214365300838836
45;12000;build;stim;0.11217220200342126
46;12000;build;stim;0.11222167999949306
47;12000;build;stim;0.11208447199896909
48;12000;build;stim;0.1121637059841305
49;12000;build;stim;0.11209262500051409
50;12000;build;stim;0.11638409298029728
51;12000;build;stim;0.11773745200480334
52;12000;build;stim;0.1120624479954131
53;12000;build;stim;0.1120570590137504
54;12000;build;stim;0.11214934202143922
55;12000;build;stim;0.1121478489949368
56;12000;build;stim;0.11211491099675186
57;12000;build;stim;0.11209041898837313
58;12000;build;stim;0.11219426998286508
59;12000;build;stim;0.11216963798506185
60;12000;build;stim;0.11214539300999604
61;12000;build;stim;0.11207870702492073
62;12000;build;stim;0.1121553480043076
63;12000;build;stim;0.11215586299658753
64;12000;build;stim;0.11221890701563098
65;12000;build;stim;0.1121062169841025
66;12000;build;stim;0.11213253100868315
67;12000;build;stim;0.11215431601158343
68;12000;build;stim;0.11213796198717318
69;12000;build;stim;0.11620527200284414
70;12000;build;stim;0.11222005099989474
71;12000;build;stim;0.1123386469844263
72;12000;build;stim;0.11221753101563081
73;12000;build;stim;0.11217145199771039
74;12000;build;stim;0.11208038398763165
75;12000;build;stim;0.12018673002603464
76;12000;build;stim;0.11221593199297786
77;12000;build;stim;0.1120522660203278
78;12000;build;stim;0.11211556897615083
79;12000;build;stim;0.11208448599791154
80;12000;build;stim;0.11271560098975897
81;12000;build;stim;0.11639707401627675
82;12000;build;stim;0.11217752899392508
83;12000;build;stim;0.11213470197981223
84;12000;build;stim;0.11313256699941121
85;12000;build;stim;0.11210762400878593
86;12000;build;stim;0.11214310699142516
87;12000;build;stim;0.1122068379772827
88;12000;build;stim;0.1121934890106786
89;12000;build;stim;0.11221148999175057
90;12000;build;stim;0.11210534401470795
91;12000;build;stim;0.12046323201502673
92;12000;build;stim;0.11212487702141516
93;12000;build;stim;0.11214801698224619
94;12000;build;stim;0.11207798100076616
95;12000;build;stim;0.11208880797494203
96;12000;build;stim;0.11734539599274285
97;12000;build;stim;0.1120787049876526
98;12000;build;stim;0.11213520300225355
99;12000;build;stim;0.11218398599885404
100;12000;build;stim;0.11213461801526137
1;10;build;paulie;0.0006834790110588074
2;10;build;paulie;0.0006086960202082992
3;10;build;paulie;0.0006111629772931337
4;10;build;paulie;0.0006186759856063873
5;10;build;paulie;0.0006143759819678962
6;10;build;paulie;0.0006183900113683194
7;10;build;paulie;0.0006097599980421364
8;10;build;paulie;0.0006041660089977086
9;10;build;paulie;0.0006201439828146249
10;10;build;paulie;0.0006177019968163222
11;10;build;paulie;0.000617387006059289
12;10;build;paulie;0.0006194740126375109
13;10;build;paulie;0.0006216799956746399
14;10;build;paulie;0.0006183729856275022
15;10;build;paulie;0.0006224270036909729
16;10;build;paulie;0.0006187400140333921
17;10;build;paulie;0.0006080309976823628
18;10;build;paulie;0.000624524982413277
19;10;build;paulie;0.0006267669959925115
20;10;build;paulie;0.0005970399943180382
21;10;build;paulie;0.0006270020094234496
22;10;build;paulie;0.0006245769909583032
23;10;build;paulie;0.0006244729738682508
24;10;build;paulie;0.000630871974863112
25;10;build;paulie;0.0006935290002729744
26;10;build;paulie;0.000618140009464696
27;10;build;paulie;0.0006341070111375302
28;10;build;paulie;0.0006236759945750237
29;10;build;paulie;0.000596054014749825
30;10;build;paulie;0.0006103580235503614
31;10;build;paulie;0.0006103439955040812
32;10;build;paulie;0.0006198879855219275
33;10;build;paulie;0.0006337979866657406
34;10;build;paulie;0.000623811996774748
35;10;build;paulie;0.0006215040048118681
36;10;build;paulie;0.0006248769932426512
37;10;build;paulie;0.0006194219749886543
38;10;build;paulie;0.000623364991042763
39;10;build;paulie;0.0006299199885688722
40;10;build;paulie;0.00062059800256975
41;10;build;paulie;0.0006237530033104122
42;10;build;paulie;0.000619852973613888
43;10;build;paulie;0.000619328988250345
44;10;build;paulie;0.0006279369990807027
45;10;build;paulie;0.0006251160230021924
46;10;build;paulie;0.0006271589954849333
47;10;build;paulie;0.000627886998699978
48;10;build;paulie;0.0006296170176938176
49;10;build;paulie;0.0006206580146681517
50;10;build;paulie;0.0006277920037973672
51;10;build;paulie;0.0006205819954629987
52;10;build;paulie;0.0006295570055954158
53;10;build;paulie;0.0006218980124685913
54;10;build;paulie;0.012727399007417262
55;10;build;paulie;0.000622847001068294
56;10;build;paulie;0.000626389984972775
57;10;build;paulie;0.0006157360039651394
58;10;build;paulie;0.000623966014245525
59;10;build;paulie;0.0006257880013436079
60;10;build;paulie;0.0006243790267035365
61;10;build;paulie;0.0006239319918677211
62;10;build;paulie;0.0006205460231285542
63;10;build;paulie;0.0006401200080290437
64;10;build;paulie;0.0006256229826249182
65;10;build;paulie;0.0006261209782678634
66;10;build;paulie;0.0006219040078576654
67;10;build;paulie;0.0006271839956752956
68;10;build;paulie;0.0005999919958412647
69;10;build;paulie;0.0006252809835132211
70;10;build;paulie;0.0006242769886739552
71;10;build;paulie;0.0006347669987007976
72;10;build;paulie;0.0006228699930943549
73;10;build;paulie;0.0006252849998418242
74;10;build;paulie;0.0006133770220912993
75;10;build;paulie;0.0006242659874260426
76;10;build;paulie;0.0006216600013431162
77;10;build;paulie;0.0006245730037335306
78;10;build;paulie;0.0006267080025281757
79;10;build;paulie;0.0006154820148367435
80;10;build;paulie;0.0006184339872561395
81;10;build;paulie;0.0006148729880806059
82;10;build;paulie;0.000629268994089216
83;10;build;paulie;0.000625009008217603
84;10;build;paulie;0.0006233759922906756
85;10;build;paulie;0.0005904179997742176
86;10;build;paulie;0.0006229249993339181
87;10;build;paulie;0.0006314920028671622
88;10;build;paulie;0.0006213710003066808
89;10;build;paulie;0.0006202780059538782
90;10;build;paulie;0.0006235659820958972
91;10;build;paulie;0.0008435029885731637
92;10;build;paulie;0.0006255100015550852
93;10;build;paulie;0.0006190800049807876
94;10;build;paulie;0.0006295710045378655
95;10;build;paulie;0.0006234470056369901
96;10;build;paulie;0.0006229809951037169
97;10;build;paulie;0.0006234949978534132
98;10;build;paulie;0.0006219939969014376
99;10;build;paulie;0.000628937006695196
100;10;build;paulie;0.000624784006504342
1;100;build;paulie;0.001314405002631247
2;100;build;paulie;0.0013473760045599192
3;100;build;paulie;0.0013403900084085763
4;100;build;paulie;0.0013524829992093146
5;100;build;paulie;0.0013478210021276027
6;100;build;paulie;0.0013464259973261505
7;100;build;paulie;0.001345452998066321
8;100;build;paulie;0.0013537270133383572
9;100;build;paulie;0.0013546150003094226
10;100;build;paulie;0.0013581080129370093
11;100;build;paulie;0.0013560199877247214
12;100;build;paulie;0.0013605699932668358
13;100;build;paulie;0.0013617349904961884
14;100;build;paulie;0.001361115020699799
15;100;build;paulie;0.0013561980158556253
16;100;build;paulie;0.0013537520135287195
17;100;build;paulie;0.0013586379936896265
18;100;build;paulie;0.0013552159944083542
19;100;build;paulie;0.0013580219820141792
20;100;build;paulie;0.0013616250071208924
21;100;build;paulie;0.0013552000164054334
22;100;build;paulie;0.0013705030141863972
23;100;build;paulie;0.0013602290127892047
24;100;build;paulie;0.0013678449904546142
25;100;build;paulie;0.0013621289981529117
26;100;build;paulie;0.0013581800158135593
27;100;build;paulie;0.0013652389752678573
28;100;build;paulie;0.0013554340112023056
29;100;build;paulie;0.0013597460056189448
30;100;build;paulie;0.0013593350013252348
31;100;build;paulie;0.0013534660101868212
32;100;build;paulie;0.0013553080207202584
33;100;build;paulie;0.001359690009849146
34;100;build;paulie;0.0013504050148185343
35;100;build;paulie;0.0013534780009649694
36;100;build;paulie;0.001361697999527678
37;100;build;paulie;0.0013575679913628846
38;100;build;paulie;0.0013549170107580721
39;100;build;paulie;0.001360509020742029
40;100;build;paulie;0.0013547359849326313
41;100;build;paulie;0.0013635180075652897
42;100;build;paulie;0.0013544549874495715
43;100;build;paulie;0.0013672130007762462
44;100;build;paulie;0.0013699480041395873
45;100;build;paulie;0.0013492459838744253
46;100;build;paulie;0.0013582170067820698
47;100;build;paulie;0.0013591180031653494
48;100;build;paulie;0.0013637540105264634
49;100;build;paulie;0.0013530839933082461
50;100;build;paulie;0.0013551540032494813
51;100;build;paulie;0.0013521309883799404
52;100;build;paulie;0.00135610401048325
53;100;build;paulie;0.0013578229991253465
54;100;build;paulie;0.0013504679955076426
55;100;build;paulie;0.0013515559840016067
56;100;build;paulie;0.0013600990059785545
57;100;build;paulie;0.0013590659946203232
58;100;build;paulie;0.0013583720137830824
59;100;build;paulie;0.0013639929820783436
60;100;build;paulie;0.0013492739817593247
61;100;build;paulie;0.0013556400081142783
62;100;build;paulie;0.0013637660013046116
63;100;build;paulie;0.0013502950023394078
64;100;build;paulie;0.0015030560025479645
65;100;build;paulie;0.0013647130108438432
66;100;build;paulie;0.0013610199966933578
67;100;build;paulie;0.0013539200008381158
68;100;build;paulie;0.0013657989911735058
69;100;build;paulie;0.0013594040065072477
70;100;build;paulie;0.0013571949966717511
71;100;build;paulie;0.0013606120191980153
72;100;build;paulie;0.001354417996481061
73;100;build;paulie;0.0013711419887840748
74;100;build;paulie;0.001366560987662524
75;100;build;paulie;0.0013612110051326454
76;100;build;paulie;0.001364994008326903
77;100;build;paulie;0.0013649030006490648
78;100;build;paulie;0.00135894599952735
79;100;build;paulie;0.0013590189919341356
80;100;build;paulie;0.001347017998341471
81;100;build;paulie;0.0013597359939012676
82;100;build;paulie;0.0013568460126407444
83;100;build;paulie;0.0013527559931389987
84;100;build;paulie;0.0013526499969884753
85;100;build;paulie;0.0013537899940274656
86;100;build;paulie;0.0013574280019383878
87;100;build;paulie;0.0013478480104822665
88;100;build;paulie;0.0013576770143117756
89;100;build;paulie;0.001352480991045013
90;100;build;paulie;0.0015967490035109222
91;100;build;paulie;0.0017275059944950044
92;100;build;paulie;0.001356855995254591
93;100;build;paulie;0.001360694004688412
94;100;build;paulie;0.001356360997306183
95;100;build;paulie;0.0013615820207633078
96;100;build;paulie;0.0014362710062414408
97;100;build;paulie;0.0013557079946622252
98;100;build;paulie;0.0013605839922092855
99;100;build;paulie;0.001356805005343631
100;100;build;paulie;0.001355957007035613
1;1000;build;paulie;0.008646543981740251
2;1000;build;paulie;0.00868408102542162
3;1000;build;paulie;0.008627055009128526
4;1000;build;paulie;0.008645856025395915
5;1000;build;paulie;0.008604834991274402
6;1000;build;paulie;0.008646569011034444
7;1000;build;paulie;0.008653646014863625
8;1000;build;paulie;0.008630839991383255
9;1000;build;paulie;0.008751824992941692
10;1000;build;paulie;0.00867025600746274
11;1000;build;paulie;0.008651259006001055
12;1000;build;paulie;0.008661014988319948
13;1000;build;paulie;0.008658114005811512
14;1000;build;paulie;0.008678483020048589
15;1000;build;paulie;0.008668149006552994
16;1000;build;paulie;0.008681406994583085
17;1000;build;paulie;0.008675546006998047
18;1000;build;paulie;0.008649844996398315
19;1000;build;paulie;0.008628880023024976
20;1000;build;paulie;0.008610769989900291
21;1000;build;paulie;0.008631247997982427
22;1000;build;paulie;0.008638146973680705
23;1000;build;paulie;0.008642984990729019
24;1000;build;paulie;0.008693676005350426
25;1000;build;paulie;0.008652787015307695
26;1000;build;paulie;0.008675244025653228
27;1000;build;paulie;0.008670411014463753
28;1000;build;paulie;0.008625782007584348
29;1000;build;paulie;0.008654066972667351
30;1000;build;paulie;0.010119041980942711
31;1000;build;paulie;0.00866287900134921
32;1000;build;paulie;0.008689837995916605
33;1000;build;paulie;0.008675163990119472
34;1000;build;paulie;0.008685325010446832
35;1000;build;paulie;0.008718902012333274
36;1000;build;paulie;0.008661115018185228
37;1000;build;paulie;0.00866268901154399
38;1000;build;paulie;0.010065479000331834
39;1000;build;paulie;0.008656950987642631
40;1000;build;paulie;0.008646941016195342
41;1000;build;paulie;0.008675416989717633
42;1000;build;paulie;0.00867542898049578
43;1000;build;paulie;0.008669826987897977
44;1000;build;paulie;0.008671684976434335
45;1000;build;paulie;0.008648185001220554
46;1000;build;paulie;0.008675713004777208
47;1000;build;paulie;0.0086455830023624
48;1000;build;paulie;0.008695818018168211
49;1000;build;paulie;0.008664445980684832
50;1000;build;paulie;0.008627439994597808
51;1000;build;paulie;0.008658267994178459
52;1000;build;paulie;0.00867438901332207
53;1000;build;paulie;0.008654370991280302
54;1000;build;paulie;0.008633939985884354
55;1000;build;paulie;0.008667481015436351
56;1000;build;paulie;0.00867782099521719
57;1000;build;paulie;0.00868393899872899
58;1000;build;paulie;0.008641480992082506
59;1000;build;paulie;0.00865388399688527
60;1000;build;paulie;0.008616642997367308
61;1000;build;paulie;0.008628537994809449
62;1000;build;paulie;0.00868921700748615
63;1000;build;paulie;0.00868300799629651
64;1000;build;paulie;0.008648877002997324
65;1000;build;paulie;0.00870509201195091
66;1000;build;paulie;0.008658178994664922
67;1000;build;paulie;0.008659837010782212
68;1000;build;paulie;0.008653758006403223
69;1000;build;paulie;0.008657395985210314
70;1000;build;paulie;0.008658900012960657
71;1000;build;paulie;0.008654418983496726
72;1000;build;paulie;0.00865601800614968
73;1000;build;paulie;0.008806758996797726
74;1000;build;paulie;0.008691277995239943
75;1000;build;paulie;0.008716826007002965
76;1000;build;paulie;0.008648438000818714
77;1000;build;paulie;0.00865151101606898
78;1000;build;paulie;0.008641232998343185
79;1000;build;paulie;0.00861269299639389
80;1000;build;paulie;0.008657355007017031
81;1000;build;paulie;0.00865243500447832
82;1000;build;paulie;0.008628790004877374
83;1000;build;paulie;0.008658516977448016
84;1000;build;paulie;0.00862701699952595
85;1000;build;paulie;0.008693526993738487
86;1000;build;paulie;0.008631947013782337
87;1000;build;paulie;0.008626262017060071
88;1000;build;paulie;0.0086252499895636
89;1000;build;paulie;0.008710750000318512
90;1000;build;paulie;0.008669739996548742
91;1000;build;paulie;0.010135691001778468
92;1000;build;paulie;0.00865533499745652
93;1000;build;paulie;0.008638425992103294
94;1000;build;paulie;0.008678677986608818
95;1000;build;paulie;0.008640795014798641
96;1000;build;paulie;0.008653943979879841
97;1000;build;paulie;0.008668253984069452
98;1000;build;paulie;0.008620036009233445
99;1000;build;paulie;0.008674634009366855
100;1000;build;paulie;0.008653806988149881
1;3000;build;paulie;0.024818923993734643
2;3000;build;paulie;0.024883279023924842
3;3000;build;paulie;0.024933256005169824
4;3000;build;paulie;0.024913406989071518
5;3000;build;paulie;0.02482046899967827
6;3000;build;paulie;0.024882802012143657
7;3000;build;paulie;0.024910420004744083
8;3000;build;paulie;0.025079600018216297
9;3000;build;paulie;0.024839285004418343
10;3000;build;paulie;0.02492103198892437
11;3000;build;paulie;0.02491815300891176
12;3000;build;paulie;0.024877435993403196
13;3000;build;paulie;0.02485163600067608
14;3000;build;paulie;0.024854488001437858
15;3000;build;paulie;0.024834415991790593
16;3000;build;paulie;0.024857289012288675
17;3000;build;paulie;0.024854003015207127
18;3000;build;paulie;0.024950386985437945
19;3000;build;paulie;0.024897119001252577
20;3000;build;paulie;0.024891626002499834
21;3000;build;paulie;0.02491197601193562
22;3000;build;paulie;0.024866519001079723
23;3000;build;paulie;0.024957098998129368
24;3000;build;paulie;0.02497896199929528
25;3000;build;paulie;0.02488376499968581
26;3000;build;paulie;0.025021462002769113
27;3000;build;paulie;0.02488412900129333
28;3000;build;paulie;0.02498198498506099
29;3000;build;paulie;0.024881391000235453
30;3000;build;paulie;0.024926294980105013
31;3000;build;paulie;0.02488377399276942
32;3000;build;paulie;0.024958516005426645
33;3000;build;paulie;0.024930873012635857
34;3000;build;paulie;0.024868756998330355
35;3000;build;paulie;0.02487734699388966
36;3000;build;paulie;0.024840303987730294
37;3000;build;paulie;0.025013125996338204
38;3000;build;paulie;0.030149608995998278
39;3000;build;paulie;0.024892799003282562
40;3000;build;paulie;0.024873882008250803
41;3000;build;paulie;0.024913343018852174
42;3000;build;paulie;0.024843016028171405
43;3000;build;paulie;0.024926632991991937
44;3000;build;paulie;0.024891826993552968
45;3000;build;paulie;0.02490614799899049
46;3000;build;paulie;0.024992544000269845
47;3000;build;paulie;0.02492410599370487
48;3000;build;paulie;0.024927207006840035
49;3000;build;paulie;0.024885179998818785
50;3000;build;paulie;0.02481586701469496
51;3000;build;paulie;0.024867082975106314
52;3000;build;paulie;0.024908280989620835
53;3000;build;paulie;0.02498424399527721
54;3000;build;paulie;0.02486397000029683
55;3000;build;paulie;0.025004302995512262
56;3000;build;paulie;0.024839249992510304
57;3000;build;paulie;0.024884334998205304
58;3000;build;paulie;0.024911234999308363
59;3000;build;paulie;0.02487910698982887
60;3000;build;paulie;0.02490728400880471
61;3000;build;paulie;0.024961412011180073
62;3000;build;paulie;0.024888212996302173
63;3000;build;paulie;0.02494972600834444
64;3000;build;paulie;0.02491731199552305
65;3000;build;paulie;0.024868072010576725
66;3000;build;paulie;0.02490085398312658
67;3000;build;paulie;0.02491350899799727
68;3000;build;paulie;0.024874966009519994
69;3000;build;paulie;0.0249296159890946
70;3000;build;paulie;0.024940008006524295
71;3000;build;paulie;0.02488193300087005
72;3000;build;paulie;0.025013439997565
73;3000;build;paulie;0.024903122015530244
74;3000;build;paulie;0.024845767999067903
75;3000;build;paulie;0.024901440017856658
76;3000;build;paulie;0.024860656005330384
77;3000;build;paulie;0.024902386008761823
78;3000;build;paulie;0.02495016998727806
79;3000;build;paulie;0.02486310200765729
80;3000;build;paulie;0.0248540390166454
81;3000;build;paulie;0.024988586985273287
82;3000;build;paulie;0.024893355992389843
83;3000;build;paulie;0.024909139989176765
84;3000;build;paulie;0.02485853200778365
85;3000;build;paulie;0.024933611013693735
86;3000;build;paulie;0.024980974005302414
87;3000;build;paulie;0.024848894972819835
88;3000;build;paulie;0.024900694988900796
89;3000;build;paulie;0.02487920201383531
90;3000;build;paulie;0.024842461978551
91;3000;build;paulie;0.029786874016281217
92;3000;build;paulie;0.024866541993105784
93;3000;build;paulie;0.024863461003405973
94;3000;build;paulie;0.024953731015557423
95;3000;build;paulie;0.024996463005663827
96;3000;build;paulie;0.024840284982929006
97;3000;build;paulie;0.024834549985826015
98;3000;build;paulie;0.025025098002515733
99;3000;build;paulie;0.02487067799665965
100;3000;build;paulie;0.02491461599129252
1;6000;build;paulie;0.04916685598436743
2;6000;build;paulie;0.04911451099906117
3;6000;build;paulie;0.04906121900421567
4;6000;build;paulie;0.04914050400839187
5;6000;build;paulie;0.049122363998321816
6;6000;build;paulie;0.04932305502006784
7;6000;build;paulie;0.04907543701119721
8;6000;build;paulie;0.04921273500076495
9;6000;build;paulie;0.049126992002129555
10;6000;build;paulie;0.04913575600949116
11;6000;build;paulie;0.04917378499521874
12;6000;build;paulie;0.049147526995511726
13;6000;build;paulie;0.04917725798441097
14;6000;build;paulie;0.04913147698971443
15;6000;build;paulie;0.050591801991686225
16;6000;build;paulie;0.049166493001393974
17;6000;build;paulie;0.049132826999993995
18;6000;build;paulie;0.04912146198330447
19;6000;build;paulie;0.049239954008953646
20;6000;build;paulie;0.049206258001504466
21;6000;build;paulie;0.04927991598378867
22;6000;build;paulie;0.04909984799451195
23;6000;build;paulie;0.049120737006887794
24;6000;build;paulie;0.04926760200760327
25;6000;build;paulie;0.04919391899602488
26;6000;build;paulie;0.04917604802176356
27;6000;build;paulie;0.049023819010471925
28;6000;build;paulie;0.0492311849957332
29;6000;build;paulie;0.04925808002008125
30;6000;build;paulie;0.049085730977822095
31;6000;build;paulie;0.049409186001867056
32;6000;build;paulie;0.04911551298573613
33;6000;build;paulie;0.049093923007603735
34;6000;build;paulie;0.04921522899530828
35;6000;build;paulie;0.04921255799126811
36;6000;build;paulie;0.049394369998481125
37;6000;build;paulie;0.05503337402478792
38;6000;build;paulie;0.05670727201504633
39;6000;build;paulie;0.049165354983415455
40;6000;build;paulie;0.04922910899040289
41;6000;build;paulie;0.04922907898435369
42;6000;build;paulie;0.04921859301975928
43;6000;build;paulie;0.0491832020052243
44;6000;build;paulie;0.0491247019963339
45;6000;build;paulie;0.049290085007669404
46;6000;build;paulie;0.04923421499552205
47;6000;build;paulie;0.049108227976830676
48;6000;build;paulie;0.04919169200002216
49;6000;build;paulie;0.04921071001444943
50;6000;build;paulie;0.04911328700836748
51;6000;build;paulie;0.04923887102631852
52;6000;build;paulie;0.04912119699292816
53;6000;build;paulie;0.049247337999986485
54;6000;build;paulie;0.04922899798839353
55;6000;build;paulie;0.049022540013538674
56;6000;build;paulie;0.04918362700846046
57;6000;build;paulie;0.04954757200903259
58;6000;build;paulie;0.04922566399909556
59;6000;build;paulie;0.04910080801346339
60;6000;build;paulie;0.049053593014832586
61;6000;build;paulie;0.049082443001680076
62;6000;build;paulie;0.049021019018255174
63;6000;build;paulie;0.04919211601372808
64;6000;build;paulie;0.0491289850033354
65;6000;build;paulie;0.04918138001812622
66;6000;build;paulie;0.04937951502506621
67;6000;build;paulie;0.04924849802046083
68;6000;build;paulie;0.049149099009810016
69;6000;build;paulie;0.04903608400491066
70;6000;build;paulie;0.049326720007229596
71;6000;build;paulie;0.04906126100104302
72;6000;build;paulie;0.049250376992858946
73;6000;build;paulie;0.04914714102051221
74;6000;build;paulie;0.04922736799926497
75;6000;build;paulie;0.04920800498803146
76;6000;build;paulie;0.04914010097854771
77;6000;build;paulie;0.04919704800704494
78;6000;build;paulie;0.04925441701197997
79;6000;build;paulie;0.049097010982222855
80;6000;build;paulie;0.049399072013329715
81;6000;build;paulie;0.04928456898778677
82;6000;build;paulie;0.0493462790036574
83;6000;build;paulie;0.04917091500828974
84;6000;build;paulie;0.04907711301348172
85;6000;build;paulie;0.049125319987069815
86;6000;build;paulie;0.04915863700443879
87;6000;build;paulie;0.04920355702051893
88;6000;build;paulie;0.04900071999873035
89;6000;build;paulie;0.049164790980285034
90;6000;build;paulie;0.04915515301399864
91;6000;build;paulie;0.054233387025306
92;6000;build;paulie;0.04921679801191203
93;6000;build;paulie;0.04919275801512413
94;6000;build;paulie;0.04905874500400387
95;6000;build;paulie;0.05588589099352248
96;6000;build;paulie;0.049318885983666405
97;6000;build;paulie;0.049246832000790164
98;6000;build;paulie;0.04942733299685642
99;6000;build;paulie;0.04933770198840648
100;6000;build;paulie;0.049202709982637316
1;8000;build;paulie;0.06534600901068188
2;8000;build;paulie;0.06537444199784659
3;8000;build;paulie;0.06540961799328215
4;8000;build;paulie;0.0782088820124045
5;8000;build;paulie;0.0651364510122221
6;8000;build;paulie;0.06541967001976445
7;8000;build;paulie;0.06538619098137133
8;8000;build;paulie;0.06528480400447734
9;8000;build;paulie;0.06538384497980587
10;8000;build;paulie;0.06526098400354385
11;8000;build;paulie;0.06521591698401608
12;8000;build;paulie;0.06538240899681114
13;8000;build;paulie;0.06534159299917519
14;8000;build;paulie;0.0654008659766987
15;8000;build;paulie;0.06528588401852176
16;8000;build;paulie;0.06526532699353993
17;8000;build;paulie;0.06548683097935282
18;8000;build;paulie;0.06544304400449619
19;8000;build;paulie;0.06542933898163028
20;8000;build;paulie;0.06516063600429334
21;8000;build;paulie;0.06561725097708404
22;8000;build;paulie;0.06528627499938011
23;8000;build;paulie;0.06516354699851945
24;8000;build;paulie;0.06533371299155988
25;8000;build;paulie;0.06535423200693913
26;8000;build;paulie;0.06512172098155133
27;8000;build;paulie;0.06535617599729449
28;8000;build;paulie;0.06530244598980062
29;8000;build;paulie;0.06519628499518149
30;8000;build;paulie;0.06524871199508198
31;8000;build;paulie;0.0655597560107708
32;8000;build;paulie;0.06539641399285756
33;8000;build;paulie;0.06535732699558139
34;8000;build;paulie;0.06531003199052066
35;8000;build;paulie;0.06534162801108323
36;8000;build;paulie;0.06536596702062525
37;8000;build;paulie;0.06521113400231116
38;8000;build;paulie;0.0730502110091038
39;8000;build;paulie;0.06521359601174481
40;8000;build;paulie;0.06536807998782024
41;8000;build;paulie;0.06526411700178869
42;8000;build;paulie;0.0654236149857752
43;8000;build;paulie;0.06509493698831648
44;8000;build;paulie;0.06525931699434295
45;8000;build;paulie;0.0654466690029949
46;8000;build;paulie;0.0653890919929836
47;8000;build;paulie;0.0652665399829857
48;8000;build;paulie;0.07356537302257493
49;8000;build;paulie;0.07632344402372837
50;8000;build;paulie;0.06523522999486886
51;8000;build;paulie;0.06511059799231589
52;8000;build;paulie;0.0653224239940755
53;8000;build;paulie;0.08050156300305389
54;8000;build;paulie;0.06531835498753935
55;8000;build;paulie;0.06518697898718528
56;8000;build;paulie;0.06547319900710136
57;8000;build;paulie;0.06814766000024974
58;8000;build;paulie;0.06523819299764
59;8000;build;paulie;0.06526950700208545
60;8000;build;paulie;0.06536236297688447
61;8000;build;paulie;0.06531795201590285
62;8000;build;paulie;0.06524975600768812
63;8000;build;paulie;0.06533154702628963
64;8000;build;paulie;0.06532989998231642
65;8000;build;paulie;0.06558226200286299
66;8000;build;paulie;0.0654621519788634
67;8000;build;paulie;0.06549984597950242
68;8000;build;paulie;0.0652940709842369
69;8000;build;paulie;0.06527820701012388
70;8000;build;paulie;0.06535572500433773
71;8000;build;paulie;0.06531363702379167
72;8000;build;paulie;0.06638114000088535
73;8000;build;paulie;0.06526333399233408
74;8000;build;paulie;0.06526177600608207
75;8000;build;paulie;0.07112020201748237
76;8000;build;paulie;0.06546715399599634
77;8000;build;paulie;0.06543510002666153
78;8000;build;paulie;0.06528018301469274
79;8000;build;paulie;0.06533839501207694
80;8000;build;paulie;0.06537851001485251
81;8000;build;paulie;0.06540166601189412
82;8000;build;paulie;0.06527044100221246
83;8000;build;paulie;0.06646334799006581
84;8000;build;paulie;0.06528386101126671
85;8000;build;paulie;0.06527605798328295
86;8000;build;paulie;0.06518659001449123
87;8000;build;paulie;0.0652564310003072
88;8000;build;paulie;0.06533938701613806
89;8000;build;paulie;0.0654494829941541
90;8000;build;paulie;0.06515768999815919
91;8000;build;paulie;0.07259641500422731
92;8000;build;paulie;0.06547095999121666
93;8000;build;paulie;0.06550067299394868
94;8000;build;paulie;0.06531818700022995
95;8000;build;paulie;0.06527367699891329
96;8000;build;paulie;0.06526318399119191
97;8000;build;paulie;0.0652909170021303
98;8000;build;paulie;0.06542082098894753
99;8000;build;paulie;0.06549614100367762
100;8000;build;paulie;0.065265242010355
1;10000;build;paulie;0.08174918999429792
2;10000;build;paulie;0.08147921398631297
3;10000;build;paulie;0.08160647301701829
4;10000;build;paulie;0.08142937999218702
5;10000;build;paulie;0.08179494700743817
6;10000;build;paulie;0.08147804197506048
7;10000;build;paulie;0.08157549498719163
8;10000;build;paulie;0.08161444001598284
9;10000;build;paulie;0.08147201899555512
10;10000;build;paulie;0.08141007201629691
11;10000;build;paulie;0.08119108100072481
12;10000;build;paulie;0.08148756698938087
13;10000;build;paulie;0.0814490370103158
14;10000;build;paulie;0.08148628700291738
15;10000;build;paulie;0.0814546880137641
16;10000;build;paulie;0.08174302597763017
17;10000;build;paulie;0.0816031820140779
18;10000;build;paulie;0.08130125000025146
19;10000;build;paulie;0.09618038198095746
20;10000;build;paulie;0.0815385059977416
21;10000;build;paulie;0.0815385919995606
22;10000;build;paulie;0.08153436798602343
23;10000;build;paulie;0.08149777099606581
24;10000;build;paulie;0.08147328600171022
25;10000;build;paulie;0.08155851700576022
26;10000;build;paulie;0.0817764539970085
27;10000;build;paulie;0.08162377000553533
28;10000;build;paulie;0.08161394702619873
29;10000;build;paulie;0.08142860099906102
30;10000;build;paulie;0.08141764500760473
31;10000;build;paulie;0.081517858983716
32;10000;build;paulie;0.08383219299139455
33;10000;build;paulie;0.08149255200987682
34;10000;build;paulie;0.08147262301645242
35;10000;build;paulie;0.08145716600120068
36;10000;build;paulie;0.08169092101161368
37;10000;build;paulie;0.08144726400496438
38;10000;build;paulie;0.0814162699971348
39;10000;build;paulie;0.08144453298882581
40;10000;build;paulie;0.08155125498888083
41;10000;build;paulie;0.08167184301419184
42;10000;build;paulie;0.0813476030016318
43;10000;build;paulie;0.08163440600037575
44;10000;build;paulie;0.08158190801623277
45;10000;build;paulie;0.0831134390027728
46;10000;build;paulie;0.08162426698254421
47;10000;build;paulie;0.08766705199377611
48;10000;build;paulie;0.08161896502133459
49;10000;build;paulie;0.08155928898486309
50;10000;build;paulie;0.08150005101924762
51;10000;build;paulie;0.08146230201236904
52;10000;build;paulie;0.0817449770111125
53;10000;build;paulie;0.08159038500161842
54;10000;build;paulie;0.08155640499899164
55;10000;build;paulie;0.0815419549762737
56;10000;build;paulie;0.08161152200773358
57;10000;build;paulie;0.0817075939849019
58;10000;build;paulie;0.08402318001026288
59;10000;build;paulie;0.08164018299430609
60;10000;build;paulie;0.08171969797695056
61;10000;build;paulie;0.08147990598808974
62;10000;build;paulie;0.08146380897960626
63;10000;build;paulie;0.08150439398013987
64;10000;build;paulie;0.08819878398207948
65;10000;build;paulie;0.08162656700005755
66;10000;build;paulie;0.08163327901274897
67;10000;build;paulie;0.08137446400360204
68;10000;build;paulie;0.08153042400954291
69;10000;build;paulie;0.08177501798490994
70;10000;build;paulie;0.08146146798389964
71;10000;build;paulie;0.08150731600471772
72;10000;build;paulie;0.0815779120021034
73;10000;build;paulie;0.08130618900759146
74;10000;build;paulie;0.0815153399889823
75;10000;build;paulie;0.08171190600842237
76;10000;build;paulie;0.0814575349795632
77;10000;build;paulie;0.08175162499537691
78;10000;build;paulie;0.08161667399690486
79;10000;build;paulie;0.0814418260124512
80;10000;build;paulie;0.08148649398935959
81;10000;build;paulie;0.08140355697833002
82;10000;build;paulie;0.08162182199885137
83;10000;build;paulie;0.08128571399720386
84;10000;build;paulie;0.08148252102546394
85;10000;build;paulie;0.08157588198082522
86;10000;build;paulie;0.08153940798365511
87;10000;build;paulie;0.0845000639965292
88;10000;build;paulie;0.0815611389989499
89;10000;build;paulie;0.08156420799787156
90;10000;build;paulie;0.08145934098865837
91;10000;build;paulie;0.08880731998942792
92;10000;build;paulie;0.08152402201085351
93;10000;build;paulie;0.08144672098569572
94;10000;build;paulie;0.08161778800422326
95;10000;build;paulie;0.08163814598810859
96;10000;build;paulie;0.08168107600067742
97;10000;build;paulie;0.08151199802523479
98;10000;build;paulie;0.08156856198911555
99;10000;build;paulie;0.08168268299777992
100;10000;build;paulie;0.08163117099320516
1;12000;build;paulie;0.09831054898677394
2;12000;build;paulie;0.0977512690005824
3;12000;build;paulie;0.09795764597947709
4;12000;build;paulie;0.0978547080012504
5;12000;build;paulie;0.09763998602284119
6;12000;build;paulie;0.09834344001137652
7;12000;build;paulie;0.09794580598827451
8;12000;build;paulie;0.09754328499548137
9;12000;build;paulie;0.09752111497800797
10;12000;build;paulie;0.09767988801468164
11;12000;build;paulie;0.09772567302570678
12;12000;build;paulie;0.09784272199613042
13;12000;build;paulie;0.09788193801068701
14;12000;build;paulie;0.09764754999196157
15;12000;build;paulie;0.0973837040073704
16;12000;build;paulie;0.09787264297483489
17;12000;build;paulie;0.09788732999004424
18;12000;build;paulie;0.09785980300512165
19;12000;build;paulie;0.09761536499718204
20;12000;build;paulie;0.097362914995756
21;12000;build;paulie;0.09770841701538302
22;12000;build;paulie;0.097913948004134
23;12000;build;paulie;0.09826953601441346
24;12000;build;paulie;0.0973676580179017
25;12000;build;paulie;0.09790836297906935
26;12000;build;paulie;0.09789480897597969
27;12000;build;paulie;0.09765947298728861
28;12000;build;paulie;0.09782322600949556
29;12000;build;paulie;0.09747556698857807
30;12000;build;paulie;0.09732616899418645
31;12000;build;paulie;0.09775754300062545
32;12000;build;paulie;0.09757507900940254
33;12000;build;paulie;0.09776342500117607
34;12000;build;paulie;0.09793605899903923
35;12000;build;paulie;0.09777213900815696
36;12000;build;paulie;0.09741654200479388
37;12000;build;paulie;0.09761836100369692
38;12000;build;paulie;0.09759776198188774
39;12000;build;paulie;0.09825450100470334
40;12000;build;paulie;0.09766119701089337
41;12000;build;paulie;0.0976501900004223
42;12000;build;paulie;0.09780471297563054
43;12000;build;paulie;0.09755589900305495
44;12000;build;paulie;0.10169884897186421
45;12000;build;paulie;0.09761655700276606
46;12000;build;paulie;0.09762892199796624
47;12000;build;paulie;0.09776021100697108
48;12000;build;paulie;0.09759188399766572
49;12000;build;paulie;0.09798351200879551
50;12000;build;paulie;0.09800499799894169
51;12000;build;paulie;0.09757607700885274
52;12000;build;paulie;0.09788585701608099
53;12000;build;paulie;0.09783047300879844
54;12000;build;paulie;0.09757088299375027
55;12000;build;paulie;0.09756846801610664
56;12000;build;paulie;0.09775833899038844
57;12000;build;paulie;0.0978373329853639
58;12000;build;paulie;0.09736509202048182
59;12000;build;paulie;0.09759118797956035
60;12000;build;paulie;0.09771101700607687
61;12000;build;paulie;0.09749222800019197
62;12000;build;paulie;0.09767929100780748
63;12000;build;paulie;0.09768105202238075
64;12000;build;paulie;0.09789535601157695
65;12000;build;paulie;0.09742637400631793
66;12000;build;paulie;0.09772828698623925
67;12000;build;paulie;0.09783266598242335
68;12000;build;paulie;0.09777216098154895
69;12000;build;paulie;0.09764009702485055
70;12000;build;paulie;0.09788022097200155
71;12000;build;paulie;0.09773822998977266
72;12000;build;paulie;0.09762635099468753
73;12000;build;paulie;0.09766058000968769
74;12000;build;paulie;0.09752725801081397
75;12000;build;paulie;0.09761677600909024
76;12000;build;paulie;0.09767690801527351
77;12000;build;paulie;0.09782468900084496
78;12000;build;paulie;0.09775476099457592
79;12000;build;paulie;0.09775812202133238
80;12000;build;paulie;0.09750281300512142
81;12000;build;paulie;0.11310597899137065
82;12000;build;paulie;0.11105489399051294
83;12000;build;paulie;0.09752727800514549
84;12000;build;paulie;0.09767785199801438
85;12000;build;paulie;0.0979606960027013
86;12000;build;paulie;0.09773759599192999
87;12000;build;paulie;0.0977606549859047
88;12000;build;paulie;0.09743578601046465
89;12000;build;paulie;0.09765892699942924
90;12000;build;paulie;0.09781876098713838
91;12000;build;paulie;0.0976298630121164
92;12000;build;paulie;0.09864910898613743
93;12000;build;paulie;0.09779681501095183
94;12000;build;paulie;0.09763296000892296
95;12000;build;paulie;0.09744774500722997
96;12000;build;paulie;0.1071744810033124
97;12000;build;paulie;0.09753883900702931
98;12000;build;paulie;0.09773269898141734
99;12000;build;paulie;0.10253136800020002
100;12000;build;paulie;0.0978314169915393
1;10;build;pauliarray;0.007650309009477496
2;10;build;pauliarray;0.00758445801329799
3;10;build;pauliarray;0.007748730015009642
4;10;build;pauliarray;0.007600912009365857
5;10;build;pauliarray;0.007594377995701507
6;10;build;pauliarray;0.007580737001262605
7;10;build;pauliarray;0.007651860010810196
8;10;build;pauliarray;0.007582904014270753
9;10;build;pauliarray;0.007566118991235271
10;10;build;pauliarray;0.007740583008853719
11;10;build;pauliarray;0.00759326500701718
12;10;build;pauliarray;0.007837226992705837
13;10;build;pauliarray;0.007566482003312558
14;10;build;pauliarray;0.007595481991302222
15;10;build;pauliarray;0.0075313640118110925
16;10;build;pauliarray;0.007528224989073351
17;10;build;pauliarray;0.007509416987886652
18;10;build;pauliarray;0.007559151999885216
19;10;build;pauliarray;0.007646889018360525
20;10;build;pauliarray;0.007620460994075984
21;10;build;pauliarray;0.0075379449990578
22;10;build;pauliarray;0.007607523002661765
23;10;build;pauliarray;0.007569863024400547
24;10;build;pauliarray;0.007594531984068453
25;10;build;pauliarray;0.007584267994388938
26;10;build;pauliarray;0.007558744982816279
27;10;build;pauliarray;0.007612834015162662
28;10;build;pauliarray;0.007519992999732494
29;10;build;pauliarray;0.007591411005705595
30;10;build;pauliarray;0.007657086011022329
31;10;build;pauliarray;0.0076051250216551125
32;10;build;pauliarray;0.007588582986500114
33;10;build;pauliarray;0.007602649013279006
34;10;build;pauliarray;0.007683898002142087
35;10;build;pauliarray;0.00761811199481599
36;10;build;pauliarray;0.007630281994352117
37;10;build;pauliarray;0.007557842007372528
38;10;build;pauliarray;0.0076380770187824965
39;10;build;pauliarray;0.007582110993098468
40;10;build;pauliarray;0.007501562999095768
41;10;build;pauliarray;0.007545625994680449
42;10;build;pauliarray;0.007584828010294586
43;10;build;pauliarray;0.007560057012597099
44;10;build;pauliarray;0.0170554619980976
45;10;build;pauliarray;0.007563817984191701
46;10;build;pauliarray;0.007621367985848337
47;10;build;pauliarray;0.007656735979253426
48;10;build;pauliarray;0.007625624974025413
49;10;build;pauliarray;0.007570251997094601
50;10;build;pauliarray;0.007547902001533657
51;10;build;pauliarray;0.007603715028380975
52;10;build;pauliarray;0.007552921015303582
53;10;build;pauliarray;0.007561375998193398
54;10;build;pauliarray;0.0075672719976864755
55;10;build;pauliarray;0.007602270023198798
56;10;build;pauliarray;0.007671229017432779
57;10;build;pauliarray;0.007571646012365818
58;10;build;pauliarray;0.007573580020107329
59;10;build;pauliarray;0.007619949989020824
60;10;build;pauliarray;0.007560372992884368
61;10;build;pauliarray;0.007524432003265247
62;10;build;pauliarray;0.007627699000295252
63;10;build;pauliarray;0.007582733000162989
64;10;build;pauliarray;0.0075757580052595586
65;10;build;pauliarray;0.0076182400225661695
66;10;build;pauliarray;0.007635693997144699
67;10;build;pauliarray;0.007658347021788359
68;10;build;pauliarray;0.007633848988916725
69;10;build;pauliarray;0.007583459024317563
70;10;build;pauliarray;0.007613693014718592
71;10;build;pauliarray;0.007572328002424911
72;10;build;pauliarray;0.007630517007783055
73;10;build;pauliarray;0.0075541900005191565
74;10;build;pauliarray;0.007637689006514847
75;10;build;pauliarray;0.007589044020278379
76;10;build;pauliarray;0.00755173500510864
77;10;build;pauliarray;0.007702852017246187
78;10;build;pauliarray;0.007521002989960834
79;10;build;pauliarray;0.007612154993694276
80;10;build;pauliarray;0.007577250013127923
81;10;build;pauliarray;0.007639660005224869
82;10;build;pauliarray;0.007571713998913765
83;10;build;pauliarray;0.007608050014823675
84;10;build;pauliarray;0.007556970987934619
85;10;build;pauliarray;0.007566246000351384
86;10;build;pauliarray;0.007570871995994821
87;10;build;pauliarray;0.007600875978823751
88;10;build;pauliarray;0.007771116012008861
89;10;build;pauliarray;0.00824341899715364
90;10;build;pauliarray;0.007648528000572696
91;10;build;pauliarray;0.018646865006303415
92;10;build;pauliarray;0.007577849988592789
93;10;build;pauliarray;0.007551496004452929
94;10;build;pauliarray;0.007560484984423965
95;10;build;pauliarray;0.007513810996897519
96;10;build;pauliarray;0.007640275987796485
97;10;build;pauliarray;0.007627698010765016
98;10;build;pauliarray;0.007548325025709346
99;10;build;pauliarray;0.00756312400335446
100;10;build;pauliarray;0.007621236989507452
1;100;build;pauliarray;0.015094269008841366
2;100;build;pauliarray;0.014959349995478988
3;100;build;pauliarray;0.015007689013145864
4;100;build;pauliarray;0.014983468019636348
5;100;build;pauliarray;0.015097230003448203
6;100;build;pauliarray;0.01510448200860992
7;100;build;pauliarray;0.015101420984137803
8;100;build;pauliarray;0.015104960999451578
9;100;build;pauliarray;0.01499432700802572
10;100;build;pauliarray;0.015070023975567892
11;100;build;pauliarray;0.015202049020444974
12;100;build;pauliarray;0.01507335202768445
13;100;build;pauliarray;0.01526166099938564
14;100;build;pauliarray;0.014974720019381493
15;100;build;pauliarray;0.015245302027324215
16;100;build;pauliarray;0.015046719985548407
17;100;build;pauliarray;0.015082521014846861
18;100;build;pauliarray;0.015015896002296358
19;100;build;pauliarray;0.015061505982885137
20;100;build;pauliarray;0.01510530902305618
21;100;build;pauliarray;0.015124128985917196
22;100;build;pauliarray;0.015301377978175879
23;100;build;pauliarray;0.015045701002236456
24;100;build;pauliarray;0.015062249003676698
25;100;build;pauliarray;0.01500575797399506
26;100;build;pauliarray;0.01502277998952195
27;100;build;pauliarray;0.015008488000603393
28;100;build;pauliarray;0.015132067986996844
29;100;build;pauliarray;0.014972029021009803
30;100;build;pauliarray;0.01512928502052091
31;100;build;pauliarray;0.01507653298904188
32;100;build;pauliarray;0.015017209982033819
33;100;build;pauliarray;0.015090946020791307
34;100;build;pauliarray;0.015129859006265178
35;100;build;pauliarray;0.015018054022220895
36;100;build;pauliarray;0.014972428005421534
37;100;build;pauliarray;0.01499166400753893
38;100;build;pauliarray;0.014981974003603682
39;100;build;pauliarray;0.01504636401659809
40;100;build;pauliarray;0.014928204007446766
41;100;build;pauliarray;0.014964868983952329
42;100;build;pauliarray;0.015195173997199163
43;100;build;pauliarray;0.01509183700545691
44;100;build;pauliarray;0.015106638020370156
45;100;build;pauliarray;0.01508878599270247
46;100;build;pauliarray;0.01506447300198488
47;100;build;pauliarray;0.015045754989841953
48;100;build;pauliarray;0.014923317998182029
49;100;build;pauliarray;0.015061437006806955
50;100;build;pauliarray;0.015107512997929007
51;100;build;pauliarray;0.01501933200052008
52;100;build;pauliarray;0.014999809005530551
53;100;build;pauliarray;0.014941789995646104
54;100;build;pauliarray;0.014975390979088843
55;100;build;pauliarray;0.015032416995381936
56;100;build;pauliarray;0.015297158999601379
57;100;build;pauliarray;0.014935560000594705
58;100;build;pauliarray;0.015049248991999775
59;100;build;pauliarray;0.015013254014775157
60;100;build;pauliarray;0.015107162995263934
61;100;build;pauliarray;0.014957765000872314
62;100;build;pauliarray;0.015094784001121297
63;100;build;pauliarray;0.015175262000411749
64;100;build;pauliarray;0.015110528009245172
65;100;build;pauliarray;0.015056839998578653
66;100;build;pauliarray;0.01526989697595127
67;100;build;pauliarray;0.01504638500045985
68;100;build;pauliarray;0.015077732998179272
69;100;build;pauliarray;0.015044790983665735
70;100;build;pauliarray;0.014959325984818861
71;100;build;pauliarray;0.014933981001377106
72;100;build;pauliarray;0.01508305300376378
73;100;build;pauliarray;0.015075822011567652
74;100;build;pauliarray;0.015046318003442138
75;100;build;pauliarray;0.01503506800509058
76;100;build;pauliarray;0.015116903989110142
77;100;build;pauliarray;0.015145216981181875
78;100;build;pauliarray;0.015060531994095072
79;100;build;pauliarray;0.01497048101737164
80;100;build;pauliarray;0.015007379988674074
81;100;build;pauliarray;0.014979535015299916
82;100;build;pauliarray;0.015082314988831058
83;100;build;pauliarray;0.015203436982119456
84;100;build;pauliarray;0.015178838017163798
85;100;build;pauliarray;0.015130654006497934
86;100;build;pauliarray;0.014940394001314417
87;100;build;pauliarray;0.015003634995082393
88;100;build;pauliarray;0.015050974005134776
89;100;build;pauliarray;0.01509738399181515
90;100;build;pauliarray;0.01500243999180384
91;100;build;pauliarray;0.029188232001615688
92;100;build;pauliarray;0.015037878998555243
93;100;build;pauliarray;0.01507178699830547
94;100;build;pauliarray;0.015033825999125838
95;100;build;pauliarray;0.015092353016370907
96;100;build;pauliarray;0.015059969009598717
97;100;build;pauliarray;0.015025438013253734
98;100;build;pauliarray;0.015077636984642595
99;100;build;pauliarray;0.014968905015848577
100;100;build;pauliarray;0.01504345002467744
1;1000;build;pauliarray;0.095848693017615
2;1000;build;pauliarray;0.09419951200834475
3;1000;build;pauliarray;0.09428684401791543
4;1000;build;pauliarray;0.09473124399664812
5;1000;build;pauliarray;0.09373494100873359
6;1000;build;pauliarray;0.09432143298909068
7;1000;build;pauliarray;0.09400880098110065
8;1000;build;pauliarray;0.09375120999175124
9;1000;build;pauliarray;0.09413044797838666
10;1000;build;pauliarray;0.09461524698417634
11;1000;build;pauliarray;0.09377605599001981
12;1000;build;pauliarray;0.09503960199072026
13;1000;build;pauliarray;0.09452029599924572
14;1000;build;pauliarray;0.09427943598711863
15;1000;build;pauliarray;0.09401203400921077
16;1000;build;pauliarray;0.09427043798496015
17;1000;build;pauliarray;0.0948754179989919
18;1000;build;pauliarray;0.09394062397768721
19;1000;build;pauliarray;0.0943384819838684
20;1000;build;pauliarray;0.09318857299513184
21;1000;build;pauliarray;0.09539994099759497
22;1000;build;pauliarray;0.09425808099331334
23;1000;build;pauliarray;0.09559131099376827
24;1000;build;pauliarray;0.09543380298418924
25;1000;build;pauliarray;0.0938403720210772
26;1000;build;pauliarray;0.09558049199404195
27;1000;build;pauliarray;0.09428360598394647
28;1000;build;pauliarray;0.09427287100697868
29;1000;build;pauliarray;0.10841687000356615
30;1000;build;pauliarray;0.09432891200412996
31;1000;build;pauliarray;0.09438224500627257
32;1000;build;pauliarray;0.09545041900128126
33;1000;build;pauliarray;0.0944856809801422
34;1000;build;pauliarray;0.09514729501097463
35;1000;build;pauliarray;0.09516175399767235
36;1000;build;pauliarray;0.09463392701582052
37;1000;build;pauliarray;0.09515287500107661
38;1000;build;pauliarray;0.15087744398624636
39;1000;build;pauliarray;0.09533558899420314
40;1000;build;pauliarray;0.09390568698290735
41;1000;build;pauliarray;0.0950847869971767
42;1000;build;pauliarray;0.09361716400599107
43;1000;build;pauliarray;0.09640990998013876
44;1000;build;pauliarray;0.09439972299151123
45;1000;build;pauliarray;0.09360819702851586
46;1000;build;pauliarray;0.09507683300762437
47;1000;build;pauliarray;0.09429556099348702
48;1000;build;pauliarray;0.09378734201891348
49;1000;build;pauliarray;0.09543219199986197
50;1000;build;pauliarray;0.09496415601461194
51;1000;build;pauliarray;0.09419511401210912
52;1000;build;pauliarray;0.09459478798089549
53;1000;build;pauliarray;0.09476629699929617
54;1000;build;pauliarray;0.095027923991438
55;1000;build;pauliarray;0.09453528397716582
56;1000;build;pauliarray;0.09396574398851953
57;1000;build;pauliarray;0.09488743799738586
58;1000;build;pauliarray;0.09415744699072093
59;1000;build;pauliarray;0.09461449799709953
60;1000;build;pauliarray;0.09467882598983124
61;1000;build;pauliarray;0.09476684499531984
62;1000;build;pauliarray;0.09447876701597124
63;1000;build;pauliarray;0.09443222198751755
64;1000;build;pauliarray;0.09433429900673218
65;1000;build;pauliarray;0.09417076798854396
66;1000;build;pauliarray;0.0942845160025172
67;1000;build;pauliarray;0.09373192800558172
68;1000;build;pauliarray;0.09442176899756305
69;1000;build;pauliarray;0.0938671919866465
70;1000;build;pauliarray;0.09448897500988096
71;1000;build;pauliarray;0.09377867000875995
72;1000;build;pauliarray;0.09434321097796783
73;1000;build;pauliarray;0.09443175900378264
74;1000;build;pauliarray;0.09454797202488407
75;1000;build;pauliarray;0.09490469802403823
76;1000;build;pauliarray;0.09986660000868142
77;1000;build;pauliarray;0.09403598299832083
78;1000;build;pauliarray;0.09431291400687769
79;1000;build;pauliarray;0.0947669580054935
80;1000;build;pauliarray;0.09397076899767853
81;1000;build;pauliarray;0.09372979498584755
82;1000;build;pauliarray;0.09511074499459937
83;1000;build;pauliarray;0.09380919401883148
84;1000;build;pauliarray;0.0941526620008517
85;1000;build;pauliarray;0.09474405000219122
86;1000;build;pauliarray;0.09424356100498699
87;1000;build;pauliarray;0.09470395799144171
88;1000;build;pauliarray;0.09535557599156164
89;1000;build;pauliarray;0.0940191039990168
90;1000;build;pauliarray;0.09411212298437022
91;1000;build;pauliarray;0.1513988380029332
92;1000;build;pauliarray;0.09372331399936229
93;1000;build;pauliarray;0.09508735101553611
94;1000;build;pauliarray;0.09556484501808882
95;1000;build;pauliarray;0.09478296400629915
96;1000;build;pauliarray;0.09409168001729995
97;1000;build;pauliarray;0.09470430100918747
98;1000;build;pauliarray;0.09380259099998511
99;1000;build;pauliarray;0.09408904402516782
100;1000;build;pauliarray;0.09485633400618099
1;3000;build;pauliarray;0.27551574699464254
2;3000;build;pauliarray;0.2715761389990803
3;3000;build;pauliarray;0.27037805900909007
4;3000;build;pauliarray;0.27135229599662125
5;3000;build;pauliarray;0.27415408301749267
6;3000;build;pauliarray;0.28197553698555566
7;3000;build;pauliarray;0.2744828760041855
8;3000;build;pauliarray;0.2757406380260363
9;3000;build;pauliarray;0.27246932400157675
10;3000;build;pauliarray;0.2705743210099172
11;3000;build;pauliarray;0.2699264620023314
12;3000;build;pauliarray;0.2713303059863392
13;3000;build;pauliarray;0.27296584998839535
14;3000;build;pauliarray;0.2702728500007652
15;3000;build;pauliarray;0.27250444699893706
16;3000;build;pauliarray;0.27177628298522905
17;3000;build;pauliarray;0.27456542997970246
18;3000;build;pauliarray;0.27449865100788884
19;3000;build;pauliarray;0.2715907419915311
20;3000;build;pauliarray;0.27446111300378107
21;3000;build;pauliarray;0.27394215800450183
22;3000;build;pauliarray;0.2697006280068308
23;3000;build;pauliarray;0.27381629499723203
24;3000;build;pauliarray;0.27597637500730343
25;3000;build;pauliarray;0.2728837230242789
26;3000;build;pauliarray;0.2736706859723199
27;3000;build;pauliarray;0.27175660801003687
28;3000;build;pauliarray;0.27289634200860746
29;3000;build;pauliarray;0.2724860630114563
30;3000;build;pauliarray;0.27275933101191185
31;3000;build;pauliarray;0.2718060199986212
32;3000;build;pauliarray;0.27397000798373483
33;3000;build;pauliarray;0.2738122970040422
34;3000;build;pauliarray;0.2722771739936434
35;3000;build;pauliarray;0.2727046250074636
36;3000;build;pauliarray;0.27228245299193077
37;3000;build;pauliarray;0.27127707499312237
38;3000;build;pauliarray;0.4166535649856087
39;3000;build;pauliarray;0.27329332000226714
40;3000;build;pauliarray;0.2729536380211357
41;3000;build;pauliarray;0.2714059720165096
42;3000;build;pauliarray;0.2736986679956317
43;3000;build;pauliarray;0.27047393401153386
44;3000;build;pauliarray;0.27061820999369957
45;3000;build;pauliarray;0.27220735599985346
46;3000;build;pauliarray;0.27193540398729965
47;3000;build;pauliarray;0.2707814259920269
48;3000;build;pauliarray;0.27186411002185196
49;3000;build;pauliarray;0.2721047530067153
50;3000;build;pauliarray;0.27328923498862423
51;3000;build;pauliarray;0.28205066599184647
52;3000;build;pauliarray;0.27384779299609363
53;3000;build;pauliarray;0.2742634479945991
54;3000;build;pauliarray;0.27153133298270404
55;3000;build;pauliarray;0.2702500849845819
56;3000;build;pauliarray;0.2721218979859259
57;3000;build;pauliarray;0.2734908730199095
58;3000;build;pauliarray;0.27275810900027864
59;3000;build;pauliarray;0.2742603349906858
60;3000;build;pauliarray;0.27008865698007867
61;3000;build;pauliarray;0.2727778439875692
62;3000;build;pauliarray;0.2736087389930617
63;3000;build;pauliarray;0.2704729840043001
64;3000;build;pauliarray;0.27144690000568517
65;3000;build;pauliarray;0.27108949699322693
66;3000;build;pauliarray;0.2718539579946082
67;3000;build;pauliarray;0.27028804799192585
68;3000;build;pauliarray;0.26994086999911815
69;3000;build;pauliarray;0.27116253098938614
70;3000;build;pauliarray;0.27352463800343685
71;3000;build;pauliarray;0.27024403898394667
72;3000;build;pauliarray;0.2754754990164656
73;3000;build;pauliarray;0.27101760799996555
74;3000;build;pauliarray;0.270981739013223
75;3000;build;pauliarray;0.27186486998107284
76;3000;build;pauliarray;0.27016543300123885
77;3000;build;pauliarray;0.27052891900530085
78;3000;build;pauliarray;0.2699768909951672
79;3000;build;pauliarray;0.27319747998262756
80;3000;build;pauliarray;0.27658557798713446
81;3000;build;pauliarray;0.2714855560043361
82;3000;build;pauliarray;0.27231113699963316
83;3000;build;pauliarray;0.2713164949964266
84;3000;build;pauliarray;0.2737261860165745
85;3000;build;pauliarray;0.2727159509959165
86;3000;build;pauliarray;0.27222651400370523
87;3000;build;pauliarray;0.27290469998843037
88;3000;build;pauliarray;0.27425506099825725
89;3000;build;pauliarray;0.27314831397961825
90;3000;build;pauliarray;0.27211787601117976
91;3000;build;pauliarray;0.4212346379936207
92;3000;build;pauliarray;0.2726005509903189
93;3000;build;pauliarray;0.2706936069880612
94;3000;build;pauliarray;0.27291931601939723
95;3000;build;pauliarray;0.2730160770006478
96;3000;build;pauliarray;0.2733017889840994
97;3000;build;pauliarray;0.27296956299687736
98;3000;build;pauliarray;0.27149611597997136
99;3000;build;pauliarray;0.2711129719973542
100;3000;build;pauliarray;0.28115709699341096
1;6000;build;pauliarray;0.5395245760155376
2;6000;build;pauliarray;0.5341290479991585
3;6000;build;pauliarray;0.5400077649974264
4;6000;build;pauliarray;0.5326956660137512
5;6000;build;pauliarray;0.5363024209800642
6;6000;build;pauliarray;0.5379709060071036
7;6000;build;pauliarray;0.5408647310105152
8;6000;build;pauliarray;0.5397595969843678
9;6000;build;pauliarray;0.5343734249763656
10;6000;build;pauliarray;0.5383735919895116
11;6000;build;pauliarray;0.5315965570043772
12;6000;build;pauliarray;0.5331640469958074
13;6000;build;pauliarray;0.5428964040183928
14;6000;build;pauliarray;0.5299929679895286
15;6000;build;pauliarray;0.5341714880196378
16;6000;build;pauliarray;0.5415655490069184
17;6000;build;pauliarray;0.5398204259981867
18;6000;build;pauliarray;0.5339429790037684
19;6000;build;pauliarray;0.5336071449855808
20;6000;build;pauliarray;0.5339130100037437
21;6000;build;pauliarray;0.5350383050099481
22;6000;build;pauliarray;0.5350204749847762
23;6000;build;pauliarray;0.5363656449771952
24;6000;build;pauliarray;0.5361296190239955
25;6000;build;pauliarray;0.5394699389871676
26;6000;build;pauliarray;0.5346938970033079
27;6000;build;pauliarray;0.5396249879850075
28;6000;build;pauliarray;0.53525611400255
29;6000;build;pauliarray;0.539862028992502
30;6000;build;pauliarray;0.536639154976001
31;6000;build;pauliarray;0.5349182990030386
32;6000;build;pauliarray;0.5476156240038108
33;6000;build;pauliarray;0.536507482000161
34;6000;build;pauliarray;0.536323162028566
35;6000;build;pauliarray;0.5390054120216519
36;6000;build;pauliarray;0.537733651988674
37;6000;build;pauliarray;0.802380473993253
38;6000;build;pauliarray;0.8093595420068596
39;6000;build;pauliarray;0.5371043649793137
40;6000;build;pauliarray;0.5379694850125816
41;6000;build;pauliarray;0.5367165190109517
42;6000;build;pauliarray;0.5375385580118746
43;6000;build;pauliarray;0.5347063319932204
44;6000;build;pauliarray;0.5399648570164572
45;6000;build;pauliarray;0.5368277609813958
46;6000;build;pauliarray;0.5374610600119922
47;6000;build;pauliarray;0.5346286749991123
48;6000;build;pauliarray;0.5407925480103586
49;6000;build;pauliarray;0.533475340984296
50;6000;build;pauliarray;0.5423073589918204
51;6000;build;pauliarray;0.5396593979967292
52;6000;build;pauliarray;0.5338087690179236
53;6000;build;pauliarray;0.5367155710118823
54;6000;build;pauliarray;0.5347787740174681
55;6000;build;pauliarray;0.5401120700116735
56;6000;build;pauliarray;0.5385562930023298
57;6000;build;pauliarray;0.5343867979827337
58;6000;build;pauliarray;0.5327797950012609
59;6000;build;pauliarray;0.538284031994408
60;6000;build;pauliarray;0.5354472260223702
61;6000;build;pauliarray;0.5426297369995154
62;6000;build;pauliarray;0.5343106929794885
63;6000;build;pauliarray;0.5348039150121622
64;6000;build;pauliarray;0.5366889699944295
65;6000;build;pauliarray;0.5338759020087309
66;6000;build;pauliarray;0.5376981610024814
67;6000;build;pauliarray;0.5456939799769316
68;6000;build;pauliarray;0.5436543200048618
69;6000;build;pauliarray;0.5333617510041222
70;6000;build;pauliarray;0.5406059359956998
71;6000;build;pauliarray;0.542783883982338
72;6000;build;pauliarray;0.541170851996867
73;6000;build;pauliarray;0.545348689018283
74;6000;build;pauliarray;0.5376685710216407
75;6000;build;pauliarray;0.536585424997611
76;6000;build;pauliarray;0.5383766640152317
77;6000;build;pauliarray;0.5333430600003339
78;6000;build;pauliarray;0.5341158250230365
79;6000;build;pauliarray;0.5335642430000007
80;6000;build;pauliarray;0.5363999849942047
81;6000;build;pauliarray;0.5386481269961223
82;6000;build;pauliarray;0.5346216960169841
83;6000;build;pauliarray;0.5407090169901494
84;6000;build;pauliarray;0.5402223120036069
85;6000;build;pauliarray;0.5348609900102019
86;6000;build;pauliarray;0.5350776489940472
87;6000;build;pauliarray;0.5372431959840469
88;6000;build;pauliarray;0.5397707640076987
89;6000;build;pauliarray;0.5354910690221004
90;6000;build;pauliarray;0.5421760400058702
91;6000;build;pauliarray;0.809374262986239
92;6000;build;pauliarray;0.5369062370155007
93;6000;build;pauliarray;0.5329198460094631
94;6000;build;pauliarray;0.5372456139884889
95;6000;build;pauliarray;0.812752603989793
96;6000;build;pauliarray;0.5349267379788216
97;6000;build;pauliarray;0.5330102099978831
98;6000;build;pauliarray;0.537100052984897
99;6000;build;pauliarray;0.5381950250011869
100;6000;build;pauliarray;0.6264671400131192
1;8000;build;pauliarray;0.7130080839851871
2;8000;build;pauliarray;0.7238867929845583
3;8000;build;pauliarray;0.8466203459829558
4;8000;build;pauliarray;0.7185749140044209
5;8000;build;pauliarray;0.7184225739911199
6;8000;build;pauliarray;0.7210795689898077
7;8000;build;pauliarray;0.7143268419895321
8;8000;build;pauliarray;0.7214394649781752
9;8000;build;pauliarray;0.7247438839985989
10;8000;build;pauliarray;0.7242568860237952
11;8000;build;pauliarray;0.7176809799857438
12;8000;build;pauliarray;0.7144209629914258
13;8000;build;pauliarray;0.975516175996745
14;8000;build;pauliarray;0.7188221619871911
15;8000;build;pauliarray;0.7265350059897173
16;8000;build;pauliarray;0.7238538450037595
17;8000;build;pauliarray;0.7146378609759267
18;8000;build;pauliarray;0.7170972989988513
19;8000;build;pauliarray;0.7173409479728434
20;8000;build;pauliarray;0.7264593840227462
21;8000;build;pauliarray;0.7136099999770522
22;8000;build;pauliarray;0.7267266850103624
23;8000;build;pauliarray;0.720468104002066
24;8000;build;pauliarray;0.7399456790008117
25;8000;build;pauliarray;0.7183246760105249
26;8000;build;pauliarray;0.7200939909962472
27;8000;build;pauliarray;0.7200213970209006
28;8000;build;pauliarray;0.7175580109760631
29;8000;build;pauliarray;0.7152937199862208
30;8000;build;pauliarray;0.7171979850099888
31;8000;build;pauliarray;0.714913298987085
32;8000;build;pauliarray;0.7310194969759323
33;8000;build;pauliarray;0.7161844350048341
34;8000;build;pauliarray;0.7413142590085045
35;8000;build;pauliarray;0.7131872969912365
36;8000;build;pauliarray;0.7132244570238981
37;8000;build;pauliarray;0.7185351359948982
38;8000;build;pauliarray;1.0906449710018933
39;8000;build;pauliarray;0.7233146479993593
40;8000;build;pauliarray;0.7212951809924562
41;8000;build;pauliarray;0.713442128006136
42;8000;build;pauliarray;0.7155243630113546
43;8000;build;pauliarray;0.7183737510058563
44;8000;build;pauliarray;0.7168202839966398
45;8000;build;pauliarray;0.7329702179995365
46;8000;build;pauliarray;0.7142901259940118
47;8000;build;pauliarray;0.7184071480005514
48;8000;build;pauliarray;0.7232965520233847
49;8000;build;pauliarray;0.7133664000139106
50;8000;build;pauliarray;0.7351406920060981
51;8000;build;pauliarray;0.713289851002628
52;8000;build;pauliarray;0.7171847509744111
53;8000;build;pauliarray;1.0570865809859242
54;8000;build;pauliarray;0.7176526160037611
55;8000;build;pauliarray;0.7133047360111959
56;8000;build;pauliarray;0.7218028059869539
57;8000;build;pauliarray;0.7168895560025703
58;8000;build;pauliarray;0.7316585230000783
59;8000;build;pauliarray;0.7133302189758979
60;8000;build;pauliarray;0.7184774150082376
61;8000;build;pauliarray;0.7209501299948897
62;8000;build;pauliarray;0.7260560060094576
63;8000;build;pauliarray;0.7154292690102011
64;8000;build;pauliarray;0.7199315089965239
65;8000;build;pauliarray;0.8087508250027895
66;8000;build;pauliarray;0.7192108029848896
67;8000;build;pauliarray;0.7142480030015577
68;8000;build;pauliarray;0.7191349389904644
69;8000;build;pauliarray;0.7168081859999802
70;8000;build;pauliarray;0.7214565490139648
71;8000;build;pauliarray;0.7198105840070639
72;8000;build;pauliarray;0.7247139029786922
73;8000;build;pauliarray;0.7331998449808452
74;8000;build;pauliarray;0.7152642699948046
75;8000;build;pauliarray;0.7474693389958702
76;8000;build;pauliarray;0.7208734169835225
77;8000;build;pauliarray;0.7142917839810252
78;8000;build;pauliarray;0.7327633689856157
79;8000;build;pauliarray;0.717517287004739
80;8000;build;pauliarray;0.7227939729928039
81;8000;build;pauliarray;0.713688440999249
82;8000;build;pauliarray;0.72039880201919
83;8000;build;pauliarray;0.7159574850229546
84;8000;build;pauliarray;0.723552561015822
85;8000;build;pauliarray;0.7137184840103146
86;8000;build;pauliarray;0.7179357270069886
87;8000;build;pauliarray;0.7196025989833288
88;8000;build;pauliarray;0.7213546049897559
89;8000;build;pauliarray;0.7173766030173283
90;8000;build;pauliarray;0.7210661749995779
91;8000;build;pauliarray;1.089092045003781
92;8000;build;pauliarray;0.7554617419955321
93;8000;build;pauliarray;0.7160760760016274
94;8000;build;pauliarray;0.7138740450027399
95;8000;build;pauliarray;0.7163986999948975
96;8000;build;pauliarray;0.71914762200322
97;8000;build;pauliarray;0.7169677740021143
98;8000;build;pauliarray;0.7163133580179419
99;8000;build;pauliarray;0.719616260001203
100;8000;build;pauliarray;0.7192265900084749
1;10000;build;pauliarray;0.9032151440042071
2;10000;build;pauliarray;0.9361429180135019
3;10000;build;pauliarray;0.9033177309902385
4;10000;build;pauliarray;0.9066396169946529
5;10000;build;pauliarray;0.8905760539928451
6;10000;build;pauliarray;0.8929180020058993
7;10000;build;pauliarray;0.9031388309958857
8;10000;build;pauliarray;0.8947710639913566
9;10000;build;pauliarray;0.8879313440120313
10;10000;build;pauliarray;0.9005761349981185
11;10000;build;pauliarray;0.897980417998042
12;10000;build;pauliarray;0.8907528349955101
13;10000;build;pauliarray;0.8902155579999089
14;10000;build;pauliarray;0.890713272994617
15;10000;build;pauliarray;0.8972665220208
16;10000;build;pauliarray;0.9144875650235917
17;10000;build;pauliarray;0.8942253260174766
18;10000;build;pauliarray;0.8986877650022507
19;10000;build;pauliarray;0.9065284990065265
20;10000;build;pauliarray;0.900218244001735
21;10000;build;pauliarray;0.8998343480052426
22;10000;build;pauliarray;0.9075694259954616
23;10000;build;pauliarray;0.8983000950247515
24;10000;build;pauliarray;0.9886431179766078
25;10000;build;pauliarray;0.8976821660180576
26;10000;build;pauliarray;0.8912945720076095
27;10000;build;pauliarray;0.89478608299396
28;10000;build;pauliarray;0.9087541940098163
29;10000;build;pauliarray;0.8933178129955195
30;10000;build;pauliarray;0.9248414080066141
31;10000;build;pauliarray;0.8972541379916947
32;10000;build;pauliarray;0.8984589760075323
33;10000;build;pauliarray;0.897507999005029
34;10000;build;pauliarray;0.8939807080023456
35;10000;build;pauliarray;0.8978349970129784
36;10000;build;pauliarray;0.899072181986412
37;10000;build;pauliarray;0.905096747999778
38;10000;build;pauliarray;0.8897410990030039
39;10000;build;pauliarray;0.8914173349912744
40;10000;build;pauliarray;0.8997836159833241
41;10000;build;pauliarray;0.8897930150269531
42;10000;build;pauliarray;0.90866265798104
43;10000;build;pauliarray;0.8965842229954433
44;10000;build;pauliarray;0.9060052270069718
45;10000;build;pauliarray;0.9242346410173923
46;10000;build;pauliarray;0.8936981089937035
47;10000;build;pauliarray;0.9026991639984772
48;10000;build;pauliarray;0.8967856260132976
49;10000;build;pauliarray;0.8975507190043572
50;10000;build;pauliarray;0.8964720530202612
51;10000;build;pauliarray;0.9038182419899385
52;10000;build;pauliarray;0.89685235300567
53;10000;build;pauliarray;0.8995401750144083
54;10000;build;pauliarray;0.8922978779883124
55;10000;build;pauliarray;0.8941292829986196
56;10000;build;pauliarray;0.8942960770218633
57;10000;build;pauliarray;0.8952603510115296
58;10000;build;pauliarray;0.8891580830095336
59;10000;build;pauliarray;0.8970301699882839
60;10000;build;pauliarray;0.8939531139913015
61;10000;build;pauliarray;0.9110036960046273
62;10000;build;pauliarray;0.890523045003647
63;10000;build;pauliarray;0.8927761859958991
64;10000;build;pauliarray;0.9133227800193708
65;10000;build;pauliarray;0.8975711189850699
66;10000;build;pauliarray;0.8999623200215865
67;10000;build;pauliarray;0.8977775709936395
68;10000;build;pauliarray;0.9002840890025254
69;10000;build;pauliarray;0.8904788359941449
70;10000;build;pauliarray;0.8931450070231222
71;10000;build;pauliarray;0.8889490980072878
72;10000;build;pauliarray;0.8970027519972064
73;10000;build;pauliarray;0.89183703600429
74;10000;build;pauliarray;0.8947738010028843
75;10000;build;pauliarray;0.8925529429980088
76;10000;build;pauliarray;0.9018664339964744
77;10000;build;pauliarray;0.8932329819945153
78;10000;build;pauliarray;0.9173201369994786
79;10000;build;pauliarray;0.8942874499771278
80;10000;build;pauliarray;0.8993452809809241
81;10000;build;pauliarray;0.9295547759975307
82;10000;build;pauliarray;0.9014729570189957
83;10000;build;pauliarray;0.8909945799969137
84;10000;build;pauliarray;0.9118841929885093
85;10000;build;pauliarray;0.8936727720138151
86;10000;build;pauliarray;0.9043484720168635
87;10000;build;pauliarray;0.9018608200130984
88;10000;build;pauliarray;0.8961933620157652
89;10000;build;pauliarray;0.8972871310252231
90;10000;build;pauliarray;0.8949767310114112
91;10000;build;pauliarray;1.3489685580134392
92;10000;build;pauliarray;0.8925677340012044
93;10000;build;pauliarray;0.8971553040028084
94;10000;build;pauliarray;0.9049736130109522
95;10000;build;pauliarray;0.8904190540197305
96;10000;build;pauliarray;1.2502313920122106
97;10000;build;pauliarray;0.8880187850154471
98;10000;build;pauliarray;0.8879747579921968
99;10000;build;pauliarray;0.8948415750055574
100;10000;build;pauliarray;0.8935207280155737
1;12000;build;pauliarray;1.0716061849961989
2;12000;build;pauliarray;1.0719799210201018
3;12000;build;pauliarray;1.065446548978798
4;12000;build;pauliarray;1.1053771389997564
5;12000;build;pauliarray;1.0737278889864683
6;12000;build;pauliarray;1.070008652022807
7;12000;build;pauliarray;1.0730562179815024
8;12000;build;pauliarray;1.0668052860128228
9;12000;build;pauliarray;1.0770238440018147
10;12000;build;pauliarray;1.074152941990178
11;12000;build;pauliarray;1.0927089589822572
12;12000;build;pauliarray;1.0761063839890994
13;12000;build;pauliarray;1.0737254279956687
14;12000;build;pauliarray;1.0763259249797557
15;12000;build;pauliarray;1.0753249650006182
16;12000;build;pauliarray;1.0820345139945857
17;12000;build;pauliarray;1.0783401949738618
18;12000;build;pauliarray;1.0773098659992684
19;12000;build;pauliarray;1.067221111006802
20;12000;build;pauliarray;1.0690249369945377
21;12000;build;pauliarray;1.0763809229829349
22;12000;build;pauliarray;1.0626399210013915
23;12000;build;pauliarray;1.0731935309886467
24;12000;build;pauliarray;1.0641058100154623
25;12000;build;pauliarray;1.0701456250099
26;12000;build;pauliarray;1.067618296976434
27;12000;build;pauliarray;1.0755043090030085
28;12000;build;pauliarray;1.0705494160065427
29;12000;build;pauliarray;1.0757398619898595
30;12000;build;pauliarray;1.0693974349997006
31;12000;build;pauliarray;1.0746153809886891
32;12000;build;pauliarray;1.0747563000186346
33;12000;build;pauliarray;1.0662981540081091
34;12000;build;pauliarray;1.076248873025179
35;12000;build;pauliarray;1.0641602179966867
36;12000;build;pauliarray;1.0684690000198316
37;12000;build;pauliarray;1.0694246960047167
38;12000;build;pauliarray;1.0722738080075942
39;12000;build;pauliarray;1.0686310569872148
40;12000;build;pauliarray;1.0777242539916188
41;12000;build;pauliarray;1.066642537014559
42;12000;build;pauliarray;1.075174381985562
43;12000;build;pauliarray;1.0797017459990457
44;12000;build;pauliarray;1.0666200130071957
45;12000;build;pauliarray;1.0793008839827962
46;12000;build;pauliarray;1.0691117160022259
47;12000;build;pauliarray;1.0775035510014277
48;12000;build;pauliarray;1.0776385030185338
49;12000;build;pauliarray;1.0665140820201486
50;12000;build;pauliarray;1.0955365659901872
51;12000;build;pauliarray;1.073189173010178
52;12000;build;pauliarray;1.0874141310050618
53;12000;build;pauliarray;1.0713679830078036
54;12000;build;pauliarray;1.1445678880263586
55;12000;build;pauliarray;1.0655738360073883
56;12000;build;pauliarray;1.087315925018629
57;12000;build;pauliarray;1.0740987269964535
58;12000;build;pauliarray;1.0670917429961264
59;12000;build;pauliarray;1.063164585008053
60;12000;build;pauliarray;1.082165422005346
61;12000;build;pauliarray;1.0717563910002355
62;12000;build;pauliarray;1.06448217300931
63;12000;build;pauliarray;1.1461641539935954
64;12000;build;pauliarray;1.0683669309946708
65;12000;build;pauliarray;1.081744383991463
66;12000;build;pauliarray;1.0629338040016592
67;12000;build;pauliarray;1.0667530880018603
68;12000;build;pauliarray;1.07052809902234
69;12000;build;pauliarray;1.0744902600126807
70;12000;build;pauliarray;1.0669162330159452
71;12000;build;pauliarray;1.0775056069833227
72;12000;build;pauliarray;1.0703436019830406
73;12000;build;pauliarray;1.0814149760117289
74;12000;build;pauliarray;1.071110860008048
75;12000;build;pauliarray;1.0889197009964846
76;12000;build;pauliarray;1.0713846439903136
77;12000;build;pauliarray;1.0668143949878868
78;12000;build;pauliarray;1.0760592820006423
79;12000;build;pauliarray;1.0675259319832548
80;12000;build;pauliarray;1.0762390260060783
81;12000;build;pauliarray;1.616368560004048
82;12000;build;pauliarray;1.071116033999715
83;12000;build;pauliarray;1.0721701199945528
84;12000;build;pauliarray;1.07057607700699
85;12000;build;pauliarray;1.0779287189943716
86;12000;build;pauliarray;1.0775656350015197
87;12000;build;pauliarray;1.1410148850118276
88;12000;build;pauliarray;1.0632322729798034
89;12000;build;pauliarray;1.066744709998602
90;12000;build;pauliarray;1.0763996629975736
91;12000;build;pauliarray;1.1953177929972298
92;12000;build;pauliarray;1.0798857070039958
93;12000;build;pauliarray;1.0774263739876915
94;12000;build;pauliarray;1.0671645920083392
95;12000;build;pauliarray;1.0796066010079812
96;12000;build;pauliarray;1.6099411449977197
97;12000;build;pauliarray;1.0806187800189946
98;12000;build;pauliarray;1.0654074189951643
99;12000;build;pauliarray;1.0786103339924011
100;12000;build;pauliarray;1.079013708018465
1;10;commutes_with;stim;0.12131359099294059
2;10;commutes_with;stim;0.12088745800429024
3;10;commutes_with;stim;0.12168903299607337
4;10;commutes_with;stim;0.12111333198845387
5;10;commutes_with;stim;0.12156193400733173
6;10;commutes_with;stim;0.12132701199152507
7;10;commutes_with;stim;0.12096451802062802
8;10;commutes_with;stim;0.12096496700542048
9;10;commutes_with;stim;0.121013548981864
10;10;commutes_with;stim;0.12114617601037025
11;10;commutes_with;stim;0.12146418198244646
12;10;commutes_with;stim;0.12136064199148677
13;10;commutes_with;stim;0.12100614098017104
14;10;commutes_with;stim;0.12106845300877467
15;10;commutes_with;stim;0.12147459300467744
16;10;commutes_with;stim;0.12127059299382381
17;10;commutes_with;stim;0.12143453099997714
18;10;commutes_with;stim;0.12139984898385592
19;10;commutes_with;stim;0.12078878298052587
20;10;commutes_with;stim;0.12097523899865337
21;10;commutes_with;stim;0.12139645402203314
22;10;commutes_with;stim;0.12123363299178891
23;10;commutes_with;stim;0.12115291398367845
24;10;commutes_with;stim;0.12085130799096078
25;10;commutes_with;stim;0.12085042099351995
26;10;commutes_with;stim;0.1212494529900141
27;10;commutes_with;stim;0.12150924300658517
28;10;commutes_with;stim;0.12116844701813534
29;10;commutes_with;stim;0.12127950700232759
30;10;commutes_with;stim;0.12097490599262528
31;10;commutes_with;stim;0.12107527299667709
32;10;commutes_with;stim;0.12083951599197462
33;10;commutes_with;stim;0.12069265800528228
34;10;commutes_with;stim;0.12114256899803877
35;10;commutes_with;stim;0.12082672398537397
36;10;commutes_with;stim;0.12105936100124381
37;10;commutes_with;stim;0.12080113499541767
38;10;commutes_with;stim;0.12121211699559353
39;10;commutes_with;stim;0.12121557598584332
40;10;commutes_with;stim;0.12145412198151462
41;10;commutes_with;stim;0.12048557098023593
42;10;commutes_with;stim;0.12117731999023817
43;10;commutes_with;stim;0.12132671900326386
44;10;commutes_with;stim;0.12131369399139658
45;10;commutes_with;stim;0.12091325101209804
46;10;commutes_with;stim;0.12093266399460845
47;10;commutes_with;stim;0.12130903301294893
48;10;commutes_with;stim;0.12079871300375089
49;10;commutes_with;stim;0.12089376701624133
50;10;commutes_with;stim;0.12124496899195947
51;10;commutes_with;stim;0.1205922870140057
52;10;commutes_with;stim;0.12086629300029017
53;10;commutes_with;stim;0.12098254100419581
54;10;commutes_with;stim;0.12076165300095454
55;10;commutes_with;stim;0.12115489700227045
56;10;commutes_with;stim;0.12078693299554288
57;10;commutes_with;stim;0.1210171109996736
58;10;commutes_with;stim;0.12123386000166647
59;10;commutes_with;stim;0.12129078400903381
60;10;commutes_with;stim;0.12105729198083282
61;10;commutes_with;stim;0.1210108180239331
62;10;commutes_with;stim;0.12127767599304207
63;10;commutes_with;stim;0.12139936801395379
64;10;commutes_with;stim;0.12080171299749054
65;10;commutes_with;stim;0.12096232801559381
66;10;commutes_with;stim;0.12072460900526494
67;10;commutes_with;stim;0.12124815298011526
68;10;commutes_with;stim;0.1199372129922267
69;10;commutes_with;stim;0.12116024599527009
70;10;commutes_with;stim;0.12199360301019624
71;10;commutes_with;stim;0.12026648301980458
72;10;commutes_with;stim;0.12112761699245311
73;10;commutes_with;stim;0.12059258201043122
74;10;commutes_with;stim;0.12080827102181502
75;10;commutes_with;stim;0.12095586498617195
76;10;commutes_with;stim;0.12581360701005906
77;10;commutes_with;stim;0.1207381269778125
78;10;commutes_with;stim;0.12071985000511631
79;10;commutes_with;stim;0.1207656750048045
80;10;commutes_with;stim;0.12089499499415979
81;10;commutes_with;stim;0.12119281498598866
82;10;commutes_with;stim;0.12109160199179314
83;10;commutes_with;stim;0.12071957101579756
84;10;commutes_with;stim;0.12045250899973325
85;10;commutes_with;stim;0.12052578301518224
86;10;commutes_with;stim;0.12106918101198971
87;10;commutes_with;stim;0.12125875399215147
88;10;commutes_with;stim;0.12155765600618906
89;10;commutes_with;stim;0.12157149100676179
90;10;commutes_with;stim;0.12125425197882578
91;10;commutes_with;stim;0.17236750101437792
92;10;commutes_with;stim;0.12121299002319574
93;10;commutes_with;stim;0.12120990001130849
94;10;commutes_with;stim;0.12099642399698496
95;10;commutes_with;stim;0.12138749400037341
96;10;commutes_with;stim;0.12185950798448175
97;10;commutes_with;stim;0.1223532680014614
98;10;commutes_with;stim;0.12191544400411658
99;10;commutes_with;stim;0.12094946100842208
100;10;commutes_with;stim;0.12126340699614957
1;100;commutes_with;stim;0.12059380699065514
2;100;commutes_with;stim;0.1207974870048929
3;100;commutes_with;stim;0.12091630301438272
4;100;commutes_with;stim;0.12110600899904966
5;100;commutes_with;stim;0.12078194000059739
6;100;commutes_with;stim;0.12069203201099299
7;100;commutes_with;stim;0.12143481799284928
8;100;commutes_with;stim;0.12062878900906071
9;100;commutes_with;stim;0.1216167010134086
10;100;commutes_with;stim;0.12140882899984717
11;100;commutes_with;stim;0.12156674099969678
12;100;commutes_with;stim;0.12115301500307396
13;100;commutes_with;stim;0.12065469400840811
14;100;commutes_with;stim;0.12117078297887929
15;100;commutes_with;stim;0.1211187320004683
16;100;commutes_with;stim;0.12105850302032195
17;100;commutes_with;stim;0.12091228499775752
18;100;commutes_with;stim;0.12101054299273528
19;100;commutes_with;stim;0.1212397119961679
20;100;commutes_with;stim;0.12099950099946
21;100;commutes_with;stim;0.12099542000214569
22;100;commutes_with;stim;0.12134043799596839
23;100;commutes_with;stim;0.12067000099341385
24;100;commutes_with;stim;0.12069648498436436
25;100;commutes_with;stim;0.12117936898721382
26;100;commutes_with;stim;0.12109433900332078
27;100;commutes_with;stim;0.12088583200238645
28;100;commutes_with;stim;0.12135463498998433
29;100;commutes_with;stim;0.12100533698685467
30;100;commutes_with;stim;0.12091541598783806
31;100;commutes_with;stim;0.1210095839924179
32;100;commutes_with;stim;0.12090399701264687
33;100;commutes_with;stim;0.1209065429866314
34;100;commutes_with;stim;0.120584243995836
35;100;commutes_with;stim;0.12086817400995642
36;100;commutes_with;stim;0.12081197299994528
37;100;commutes_with;stim;0.1206692729901988
38;100;commutes_with;stim;0.12076925599831156
39;100;commutes_with;stim;0.12045147700700909
40;100;commutes_with;stim;0.12077695500920527
41;100;commutes_with;stim;0.12090930101112463
42;100;commutes_with;stim;0.12096784100867808
43;100;commutes_with;stim;0.12111812399234623
44;100;commutes_with;stim;0.12138179200701416
45;100;commutes_with;stim;0.12050875500426628
46;100;commutes_with;stim;0.12061133800307289
47;100;commutes_with;stim;0.12096907399245538
48;100;commutes_with;stim;0.1208610360044986
49;100;commutes_with;stim;0.12101405402063392
50;100;commutes_with;stim;0.1207902200112585
51;100;commutes_with;stim;0.12077913599205203
52;100;commutes_with;stim;0.12131762300850824
53;100;commutes_with;stim;0.12104276797617786
54;100;commutes_with;stim;0.12077068799408153
55;100;commutes_with;stim;0.12056633099564351
56;100;commutes_with;stim;0.12065584500669502
57;100;commutes_with;stim;0.12206760700792074
58;100;commutes_with;stim;0.12071230498258956
59;100;commutes_with;stim;0.12088714700075798
60;100;commutes_with;stim;0.1208208340103738
61;100;commutes_with;stim;0.12087634301860817
62;100;commutes_with;stim;0.12074049899820238
63;100;commutes_with;stim;0.12079960299888626
64;100;commutes_with;stim;0.12071028701029718
65;100;commutes_with;stim;0.12112739801523276
66;100;commutes_with;stim;0.12098124498152174
67;100;commutes_with;stim;0.1207629709970206
68;100;commutes_with;stim;0.12075467201066203
69;100;commutes_with;stim;0.12114043001201935
70;100;commutes_with;stim;0.12151065899524838
71;100;commutes_with;stim;0.12076235000859015
72;100;commutes_with;stim;0.12209135800367221
73;100;commutes_with;stim;0.12066845499793999
74;100;commutes_with;stim;0.12063732399838045
75;100;commutes_with;stim;0.120628829987254
76;100;commutes_with;stim;0.12083130801329389
77;100;commutes_with;stim;0.12070651800604537
78;100;commutes_with;stim;0.12184180898475461
79;100;commutes_with;stim;0.12109023300581612
80;100;commutes_with;stim;0.121413876011502
81;100;commutes_with;stim;0.12016645699623041
82;100;commutes_with;stim;0.12136150200967677
83;100;commutes_with;stim;0.12074581297929399
84;100;commutes_with;stim;0.12111118898610584
85;100;commutes_with;stim;0.12094289599917829
86;100;commutes_with;stim;0.12092867901083082
87;100;commutes_with;stim;0.12055635699653067
88;100;commutes_with;stim;0.12131130098714493
89;100;commutes_with;stim;0.1207545830111485
90;100;commutes_with;stim;0.12175797898089513
91;100;commutes_with;stim;0.1767223839997314
92;100;commutes_with;stim;0.1206744420051109
93;100;commutes_with;stim;0.12072869599796832
94;100;commutes_with;stim;0.12047518900362775
95;100;commutes_with;stim;0.12057203700533137
96;100;commutes_with;stim;0.12151368401828222
97;100;commutes_with;stim;0.12063506702543236
98;100;commutes_with;stim;0.12095562799368054
99;100;commutes_with;stim;0.12081356800626963
100;100;commutes_with;stim;0.12060245699831285
1;1000;commutes_with;stim;0.12351697499980219
2;1000;commutes_with;stim;0.12322406101156957
3;1000;commutes_with;stim;0.12372478900942951
4;1000;commutes_with;stim;0.12422608101041988
5;1000;commutes_with;stim;0.12374993899720721
6;1000;commutes_with;stim;0.12393627199344337
7;1000;commutes_with;stim;0.12403172100312077
8;1000;commutes_with;stim;0.12420148297678679
9;1000;commutes_with;stim;0.12389663798967376
10;1000;commutes_with;stim;0.12418392999097705
11;1000;commutes_with;stim;0.12394859900814481
12;1000;commutes_with;stim;0.12352955102687702
13;1000;commutes_with;stim;0.12340655800653622
14;1000;commutes_with;stim;0.12415606499416754
15;1000;commutes_with;stim;0.12401873298222199
16;1000;commutes_with;stim;0.12345866500982083
17;1000;commutes_with;stim;0.1240499019913841
18;1000;commutes_with;stim;0.12333697199937887
19;1000;commutes_with;stim;0.12386701899231412
20;1000;commutes_with;stim;0.12323177899816073
21;1000;commutes_with;stim;0.12434671400114894
22;1000;commutes_with;stim;0.12296998899546452
23;1000;commutes_with;stim;0.12360098300268874
24;1000;commutes_with;stim;0.12365184200461954
25;1000;commutes_with;stim;0.12346757701016031
26;1000;commutes_with;stim;0.12376064699492417
27;1000;commutes_with;stim;0.12355341599322855
28;1000;commutes_with;stim;0.12378793800598942
29;1000;commutes_with;stim;0.12416577100520954
30;1000;commutes_with;stim;0.12756562500726432
31;1000;commutes_with;stim;0.1241863339964766
32;1000;commutes_with;stim;0.12309980500140227
33;1000;commutes_with;stim;0.1233588460017927
34;1000;commutes_with;stim;0.1232139210042078
35;1000;commutes_with;stim;0.12330272499821149
36;1000;commutes_with;stim;0.12293643099837936
37;1000;commutes_with;stim;0.1279945140122436
38;1000;commutes_with;stim;0.18118374701589346
39;1000;commutes_with;stim;0.12329716002568603
40;1000;commutes_with;stim;0.12309004800044931
41;1000;commutes_with;stim;0.12306866500875913
42;1000;commutes_with;stim;0.12361187397618778
43;1000;commutes_with;stim;0.12331303901737556
44;1000;commutes_with;stim;0.12291871701017953
45;1000;commutes_with;stim;0.12310055698617361
46;1000;commutes_with;stim;0.1231339450168889
47;1000;commutes_with;stim;0.12419383399537764
48;1000;commutes_with;stim;0.12389022999559529
49;1000;commutes_with;stim;0.12316447802004404
50;1000;commutes_with;stim;0.12357888399856165
51;1000;commutes_with;stim;0.12372708698967472
52;1000;commutes_with;stim;0.12306859699310735
53;1000;commutes_with;stim;0.12384912499692291
54;1000;commutes_with;stim;0.12322398100513965
55;1000;commutes_with;stim;0.12249201600207016
56;1000;commutes_with;stim;0.12355660999310203
57;1000;commutes_with;stim;0.12395870400359854
58;1000;commutes_with;stim;0.12319490598747507
59;1000;commutes_with;stim;0.12286577399936505
60;1000;commutes_with;stim;0.1236656479886733
61;1000;commutes_with;stim;0.12369067899999209
62;1000;commutes_with;stim;0.12341862797620706
63;1000;commutes_with;stim;0.12298035100684501
64;1000;commutes_with;stim;0.12363104801625013
65;1000;commutes_with;stim;0.12340895799570717
66;1000;commutes_with;stim;0.12373994800145738
67;1000;commutes_with;stim;0.12480400200001895
68;1000;commutes_with;stim;0.1243847339937929
69;1000;commutes_with;stim;0.12340570602100343
70;1000;commutes_with;stim;0.12245154299307615
71;1000;commutes_with;stim;0.12412753500393592
72;1000;commutes_with;stim;0.12367312601418234
73;1000;commutes_with;stim;0.12343167199287564
74;1000;commutes_with;stim;0.12308079400099814
75;1000;commutes_with;stim;0.12382207499467768
76;1000;commutes_with;stim;0.1281524630030617
77;1000;commutes_with;stim;0.12401177099673077
78;1000;commutes_with;stim;0.12305026498506777
79;1000;commutes_with;stim;0.12377395998919383
80;1000;commutes_with;stim;0.12336943799164146
81;1000;commutes_with;stim;0.12381220399402082
82;1000;commutes_with;stim;0.12290000502252951
83;1000;commutes_with;stim;0.12360330100636929
84;1000;commutes_with;stim;0.12304873199900612
85;1000;commutes_with;stim;0.12312393399770372
86;1000;commutes_with;stim;0.12364946902380325
87;1000;commutes_with;stim;0.1233895999903325
88;1000;commutes_with;stim;0.12343173701083288
89;1000;commutes_with;stim;0.12327809000271372
90;1000;commutes_with;stim;0.12326212599873543
91;1000;commutes_with;stim;0.17759615599061362
92;1000;commutes_with;stim;0.12298056299914606
93;1000;commutes_with;stim;0.12394158297684044
94;1000;commutes_with;stim;0.12324606301262975
95;1000;commutes_with;stim;0.12405268699512817
96;1000;commutes_with;stim;0.12350295498617925
97;1000;commutes_with;stim;0.12310145501396619
98;1000;commutes_with;stim;0.12371357399388216
99;1000;commutes_with;stim;0.12282175701693632
100;1000;commutes_with;stim;0.12337428398313932
1;3000;commutes_with;stim;0.12772186199435964
2;3000;commutes_with;stim;0.12735763101954944
3;3000;commutes_with;stim;0.12816881301114336
4;3000;commutes_with;stim;0.12778352899476886
5;3000;commutes_with;stim;0.12738822001847439
6;3000;commutes_with;stim;0.12740663599106483
7;3000;commutes_with;stim;0.12813995199394412
8;3000;commutes_with;stim;0.12752580700907856
9;3000;commutes_with;stim;0.12797238698112778
10;3000;commutes_with;stim;0.1281121339998208
11;3000;commutes_with;stim;0.12846136800362729
12;3000;commutes_with;stim;0.12778880397672765
13;3000;commutes_with;stim;0.12714851900818758
14;3000;commutes_with;stim;0.12782315598451532
15;3000;commutes_with;stim;0.12730216098134406
16;3000;commutes_with;stim;0.12821813399204984
17;3000;commutes_with;stim;0.12753657301072963
18;3000;commutes_with;stim;0.12739173602312803
19;3000;commutes_with;stim;0.1270421399967745
20;3000;commutes_with;stim;0.12714038899866864
21;3000;commutes_with;stim;0.12777077601640485
22;3000;commutes_with;stim;0.1281944070069585
23;3000;commutes_with;stim;0.127390234003542
24;3000;commutes_with;stim;0.12802655098494142
25;3000;commutes_with;stim;0.12772748098359443
26;3000;commutes_with;stim;0.1279342999914661
27;3000;commutes_with;stim;0.1277203380013816
28;3000;commutes_with;stim;0.1279986980080139
29;3000;commutes_with;stim;0.1276026490086224
30;3000;commutes_with;stim;0.1271735230111517
31;3000;commutes_with;stim;0.12755721097346395
32;3000;commutes_with;stim;0.12741506702150218
33;3000;commutes_with;stim;0.12825462900218554
34;3000;commutes_with;stim;0.12720092199742794
35;3000;commutes_with;stim;0.1273476380156353
36;3000;commutes_with;stim;0.12802031901082955
37;3000;commutes_with;stim;0.126801817008527
38;3000;commutes_with;stim;0.1982935849810019
39;3000;commutes_with;stim;0.1273647890193388
40;3000;commutes_with;stim;0.12730199299403466
41;3000;commutes_with;stim;0.1272517199977301
42;3000;commutes_with;stim;0.12722627801122144
43;3000;commutes_with;stim;0.1278455599967856
44;3000;commutes_with;stim;0.13239879100001417
45;3000;commutes_with;stim;0.12765035501797684
46;3000;commutes_with;stim;0.12709290799102746
47;3000;commutes_with;stim;0.1274243849911727
48;3000;commutes_with;stim;0.12720613600686193
49;3000;commutes_with;stim;0.12783237197436392
50;3000;commutes_with;stim;0.12663599097868428
51;3000;commutes_with;stim;0.1269559649808798
52;3000;commutes_with;stim;0.12799939600517973
53;3000;commutes_with;stim;0.12822239700471982
54;3000;commutes_with;stim;0.1279117809899617
55;3000;commutes_with;stim;0.12820601000566967
56;3000;commutes_with;stim;0.12765685498015955
57;3000;commutes_with;stim;0.12723345999256708
58;3000;commutes_with;stim;0.12737440800992772
59;3000;commutes_with;stim;0.12764375199913047
60;3000;commutes_with;stim;0.12777041699155234
61;3000;commutes_with;stim;0.1270513279887382
62;3000;commutes_with;stim;0.1275575619947631
63;3000;commutes_with;stim;0.12769477601977997
64;3000;commutes_with;stim;0.1280587259971071
65;3000;commutes_with;stim;0.12748664201353677
66;3000;commutes_with;stim;0.12766126700444147
67;3000;commutes_with;stim;0.12850684800650924
68;3000;commutes_with;stim;0.12770844099577516
69;3000;commutes_with;stim;0.1276445830008015
70;3000;commutes_with;stim;0.12846730498131365
71;3000;commutes_with;stim;0.1277315609913785
72;3000;commutes_with;stim;0.1276417130138725
73;3000;commutes_with;stim;0.12828445801278576
74;3000;commutes_with;stim;0.1271390540059656
75;3000;commutes_with;stim;0.12719019601354375
76;3000;commutes_with;stim;0.12761069199768826
77;3000;commutes_with;stim;0.12682148901512846
78;3000;commutes_with;stim;0.12687267799628899
79;3000;commutes_with;stim;0.12713349700788967
80;3000;commutes_with;stim;0.12730237399227917
81;3000;commutes_with;stim;0.12756795299355872
82;3000;commutes_with;stim;0.12900339098996483
83;3000;commutes_with;stim;0.12868490899563767
84;3000;commutes_with;stim;0.12827334098983556
85;3000;commutes_with;stim;0.12771422398509458
86;3000;commutes_with;stim;0.1276136290107388
87;3000;commutes_with;stim;0.12774050599546172
88;3000;commutes_with;stim;0.12759386000107042
89;3000;commutes_with;stim;0.12822211600723676
90;3000;commutes_with;stim;0.13369516300735995
91;3000;commutes_with;stim;0.19189092400483787
92;3000;commutes_with;stim;0.12720355700002983
93;3000;commutes_with;stim;0.1275205010024365
94;3000;commutes_with;stim;0.12761141802184284
95;3000;commutes_with;stim;0.13040784699842334
96;3000;commutes_with;stim;0.12763074098620564
97;3000;commutes_with;stim;0.12685881499783136
98;3000;commutes_with;stim;0.12777177500538528
99;3000;commutes_with;stim;0.12788113098940812
100;3000;commutes_with;stim;0.12726120601291768
1;6000;commutes_with;stim;0.15513575097429566
2;6000;commutes_with;stim;0.1338106069888454
3;6000;commutes_with;stim;0.13425353000639006
4;6000;commutes_with;stim;0.13417875801678747
5;6000;commutes_with;stim;0.13393909099977463
6;6000;commutes_with;stim;0.134188677999191
7;6000;commutes_with;stim;0.13491374198929407
8;6000;commutes_with;stim;0.1340615260123741
9;6000;commutes_with;stim;0.13486134901177138
10;6000;commutes_with;stim;0.13468310801545158
11;6000;commutes_with;stim;0.13383657700615004
12;6000;commutes_with;stim;0.1339562849898357
13;6000;commutes_with;stim;0.1343119960220065
14;6000;commutes_with;stim;0.13354558701394126
15;6000;commutes_with;stim;0.1341312069853302
16;6000;commutes_with;stim;0.13340531298308633
17;6000;commutes_with;stim;0.1333965350058861
18;6000;commutes_with;stim;0.13493667700095102
19;6000;commutes_with;stim;0.13400390997412615
20;6000;commutes_with;stim;0.133739788987441
21;6000;commutes_with;stim;0.13746409697341733
22;6000;commutes_with;stim;0.1348848819907289
23;6000;commutes_with;stim;0.13381851601297967
24;6000;commutes_with;stim;0.13327174200094305
25;6000;commutes_with;stim;0.13443523101159371
26;6000;commutes_with;stim;0.13835763599490747
27;6000;commutes_with;stim;0.13494302201434039
28;6000;commutes_with;stim;0.13389393599936739
29;6000;commutes_with;stim;0.13407443999312818
30;6000;commutes_with;stim;0.13362291699741036
31;6000;commutes_with;stim;0.13388804599526338
32;6000;commutes_with;stim;0.1332974240067415
33;6000;commutes_with;stim;0.13414869297412224
34;6000;commutes_with;stim;0.1339064860076178
35;6000;commutes_with;stim;0.13409014500211924
36;6000;commutes_with;stim;0.13361708499724045
37;6000;commutes_with;stim;0.1886682800250128
38;6000;commutes_with;stim;0.19648461998440325
39;6000;commutes_with;stim;0.13326988799963146
40;6000;commutes_with;stim;0.13321672199526802
41;6000;commutes_with;stim;0.1339175309985876
42;6000;commutes_with;stim;0.13307966399588622
43;6000;commutes_with;stim;0.13330648199189454
44;6000;commutes_with;stim;0.13374926502001472
45;6000;commutes_with;stim;0.13371268499759026
46;6000;commutes_with;stim;0.1338185599888675
47;6000;commutes_with;stim;0.1339177310001105
48;6000;commutes_with;stim;0.133603027992649
49;6000;commutes_with;stim;0.13355459700687788
50;6000;commutes_with;stim;0.13336665098904632
51;6000;commutes_with;stim;0.1334281750023365
52;6000;commutes_with;stim;0.13382611199631356
53;6000;commutes_with;stim;0.13423409301321954
54;6000;commutes_with;stim;0.1326979050063528
55;6000;commutes_with;stim;0.1335445209988393
56;6000;commutes_with;stim;0.13328716999967583
57;6000;commutes_with;stim;0.13915337901562452
58;6000;commutes_with;stim;0.13352448400110006
59;6000;commutes_with;stim;0.13391658800537698
60;6000;commutes_with;stim;0.13461346199619584
61;6000;commutes_with;stim;0.13406167598441243
62;6000;commutes_with;stim;0.1333230499876663
63;6000;commutes_with;stim;0.13346117601031438
64;6000;commutes_with;stim;0.1332858619862236
65;6000;commutes_with;stim;0.1349062410008628
66;6000;commutes_with;stim;0.13484691301709972
67;6000;commutes_with;stim;0.1343851809797343
68;6000;commutes_with;stim;0.13336021700524725
69;6000;commutes_with;stim;0.13362989298184402
70;6000;commutes_with;stim;0.1344699279870838
71;6000;commutes_with;stim;0.13350267897476442
72;6000;commutes_with;stim;0.13379169401014224
73;6000;commutes_with;stim;0.13324964899220504
74;6000;commutes_with;stim;0.1337204540031962
75;6000;commutes_with;stim;0.1334834979788866
76;6000;commutes_with;stim;0.1336522219935432
77;6000;commutes_with;stim;0.13404516701120883
78;6000;commutes_with;stim;0.1335267029935494
79;6000;commutes_with;stim;0.13400822001858614
80;6000;commutes_with;stim;0.134027040010551
81;6000;commutes_with;stim;0.13336997901205905
82;6000;commutes_with;stim;0.13322076300391927
83;6000;commutes_with;stim;0.13412122201407328
84;6000;commutes_with;stim;0.13393408799311146
85;6000;commutes_with;stim;0.13303457299480215
86;6000;commutes_with;stim;0.1334777889715042
87;6000;commutes_with;stim;0.1332647519884631
88;6000;commutes_with;stim;0.13472437602467835
89;6000;commutes_with;stim;0.13554412900703028
90;6000;commutes_with;stim;0.13370472399401478
91;6000;commutes_with;stim;0.18520440900465474
92;6000;commutes_with;stim;0.13296516000991687
93;6000;commutes_with;stim;0.133403334999457
94;6000;commutes_with;stim;0.13331328402273357
95;6000;commutes_with;stim;0.19810842498554848
96;6000;commutes_with;stim;0.13365586698637344
97;6000;commutes_with;stim;0.13869397298549302
98;6000;commutes_with;stim;0.13494070401065983
99;6000;commutes_with;stim;0.1336404309840873
100;6000;commutes_with;stim;0.13419743900885805
1;8000;commutes_with;stim;0.1397136190207675
2;8000;commutes_with;stim;0.1419625660055317
3;8000;commutes_with;stim;0.13926237099803984
4;8000;commutes_with;stim;0.14078139999764971
5;8000;commutes_with;stim;0.1391078200249467
6;8000;commutes_with;stim;0.13907159099471755
7;8000;commutes_with;stim;0.14033594200736843
8;8000;commutes_with;stim;0.13989371102070436
9;8000;commutes_with;stim;0.14289667599950917
10;8000;commutes_with;stim;0.13978377598687075
11;8000;commutes_with;stim;0.13950858698808588
12;8000;commutes_with;stim;0.13996140798553824
13;8000;commutes_with;stim;0.13926654399256222
14;8000;commutes_with;stim;0.1392597049998585
15;8000;commutes_with;stim;0.14014155400218442
16;8000;commutes_with;stim;0.13932913698954508
17;8000;commutes_with;stim;0.13999345601769164
18;8000;commutes_with;stim;0.13948379902285524
19;8000;commutes_with;stim;0.139900876005413
20;8000;commutes_with;stim;0.13871204099268652
21;8000;commutes_with;stim;0.14037517699762248
22;8000;commutes_with;stim;0.14005048098624684
23;8000;commutes_with;stim;0.13927747699199244
24;8000;commutes_with;stim;0.1392006609821692
25;8000;commutes_with;stim;0.1394415230024606
26;8000;commutes_with;stim;0.13902940499247052
27;8000;commutes_with;stim;0.15004471599240787
28;8000;commutes_with;stim;0.13991246299701743
29;8000;commutes_with;stim;0.13938149399473332
30;8000;commutes_with;stim;0.13871880000806414
31;8000;commutes_with;stim;0.13903292000759393
32;8000;commutes_with;stim;0.1397854379902128
33;8000;commutes_with;stim;0.13940429998910986
34;8000;commutes_with;stim;0.13944611698389053
35;8000;commutes_with;stim;0.14630332897650078
36;8000;commutes_with;stim;0.14023383398307487
37;8000;commutes_with;stim;0.13892048399429768
38;8000;commutes_with;stim;0.20172353798989207
39;8000;commutes_with;stim;0.1391274569905363
40;8000;commutes_with;stim;0.13818145901313983
41;8000;commutes_with;stim;0.13894401598372497
42;8000;commutes_with;stim;0.13924344500992447
43;8000;commutes_with;stim;0.13858430698746815
44;8000;commutes_with;stim;0.13848767202580348
45;8000;commutes_with;stim;0.13910215100622736
46;8000;commutes_with;stim;0.13871289099915884
47;8000;commutes_with;stim;0.13863052299711853
48;8000;commutes_with;stim;0.13883371200063266
49;8000;commutes_with;stim;0.13832959099090658
50;8000;commutes_with;stim;0.13973900699056685
51;8000;commutes_with;stim;0.13939084199955687
52;8000;commutes_with;stim;0.138868698006263
53;8000;commutes_with;stim;0.1396267770032864
54;8000;commutes_with;stim;0.14094014299917035
55;8000;commutes_with;stim;0.13879061801708303
56;8000;commutes_with;stim;0.1390571829979308
57;8000;commutes_with;stim;0.14289044600445777
58;8000;commutes_with;stim;0.1389132600161247
59;8000;commutes_with;stim;0.13857551800902002
60;8000;commutes_with;stim;0.139550585008692
61;8000;commutes_with;stim;0.1387021660048049
62;8000;commutes_with;stim;0.13957240799209103
63;8000;commutes_with;stim;0.13821907300734892
64;8000;commutes_with;stim;0.13954527501482517
65;8000;commutes_with;stim;0.139900720998412
66;8000;commutes_with;stim;0.1411052479816135
67;8000;commutes_with;stim;0.13964947799104266
68;8000;commutes_with;stim;0.14001919399015605
69;8000;commutes_with;stim;0.13999010898987763
70;8000;commutes_with;stim;0.1397617569891736
71;8000;commutes_with;stim;0.13972129600006156
72;8000;commutes_with;stim;0.13864196199574508
73;8000;commutes_with;stim;0.1385544599907007
74;8000;commutes_with;stim;0.13955001599970274
75;8000;commutes_with;stim;0.1390865900029894
76;8000;commutes_with;stim;0.13914132700301707
77;8000;commutes_with;stim;0.13918078699498437
78;8000;commutes_with;stim;0.138678212009836
79;8000;commutes_with;stim;0.1394012050004676
80;8000;commutes_with;stim;0.13913088402478024
81;8000;commutes_with;stim;0.13926500399247743
82;8000;commutes_with;stim;0.13922468200325966
83;8000;commutes_with;stim;0.14001514401752502
84;8000;commutes_with;stim;0.13931795800453983
85;8000;commutes_with;stim;0.13940584199735895
86;8000;commutes_with;stim;0.13924007199238986
87;8000;commutes_with;stim;0.14020369399804622
88;8000;commutes_with;stim;0.13991826699930243
89;8000;commutes_with;stim;0.1398561050009448
90;8000;commutes_with;stim;0.14216449001105502
91;8000;commutes_with;stim;0.19997576001333073
92;8000;commutes_with;stim;0.13923426700057462
93;8000;commutes_with;stim;0.1390529600030277
94;8000;commutes_with;stim;0.1398439789772965
95;8000;commutes_with;stim;0.13961580500472337
96;8000;commutes_with;stim;0.13968572398880497
97;8000;commutes_with;stim;0.1385707959998399
98;8000;commutes_with;stim;0.14208001000224613
99;8000;commutes_with;stim;0.13926143798744306
100;8000;commutes_with;stim;0.13899244900676422
1;10000;commutes_with;stim;0.14829210500465706
2;10000;commutes_with;stim;0.14688996400218457
3;10000;commutes_with;stim;0.14633148501161486
4;10000;commutes_with;stim;0.14721158097381704
5;10000;commutes_with;stim;0.14686562199494801
6;10000;commutes_with;stim;0.1474822049785871
7;10000;commutes_with;stim;0.15723315201466903
8;10000;commutes_with;stim;0.1473550699884072
9;10000;commutes_with;stim;0.1475225200119894
10;10000;commutes_with;stim;0.14735281700268388
11;10000;commutes_with;stim;0.14717282701167278
12;10000;commutes_with;stim;0.14662146900082007
13;10000;commutes_with;stim;0.14654220300144516
14;10000;commutes_with;stim;0.14780114698805846
15;10000;commutes_with;stim;0.14776334699126892
16;10000;commutes_with;stim;0.1460296909790486
17;10000;commutes_with;stim;0.1470991339883767
18;10000;commutes_with;stim;0.2107780759979505
19;10000;commutes_with;stim;0.14617947200895287
20;10000;commutes_with;stim;0.14633943201624788
21;10000;commutes_with;stim;0.1469191390206106
22;10000;commutes_with;stim;0.14656244200887159
23;10000;commutes_with;stim;0.14714413799811155
24;10000;commutes_with;stim;0.1461493770184461
25;10000;commutes_with;stim;0.14725694499793462
26;10000;commutes_with;stim;0.14706080299220048
27;10000;commutes_with;stim;0.14703821801231243
28;10000;commutes_with;stim;0.14755928301019594
29;10000;commutes_with;stim;0.14597219100687653
30;10000;commutes_with;stim;0.14610939199337736
31;10000;commutes_with;stim;0.15373846900183707
32;10000;commutes_with;stim;0.14895849701133557
33;10000;commutes_with;stim;0.15154281901777722
34;10000;commutes_with;stim;0.14670220299740322
35;10000;commutes_with;stim;0.20843304300797172
36;10000;commutes_with;stim;0.14709417399717495
37;10000;commutes_with;stim;0.14661676200921647
38;10000;commutes_with;stim;0.14672143300413154
39;10000;commutes_with;stim;0.14668113400693983
40;10000;commutes_with;stim;0.14565133600262925
41;10000;commutes_with;stim;0.1455965029890649
42;10000;commutes_with;stim;0.14547552799922414
43;10000;commutes_with;stim;0.14643951097968966
44;10000;commutes_with;stim;0.1459406949870754
45;10000;commutes_with;stim;0.14661882299697027
46;10000;commutes_with;stim;0.1463429459836334
47;10000;commutes_with;stim;0.14746387500781566
48;10000;commutes_with;stim;0.1464440829877276
49;10000;commutes_with;stim;0.14578382798936218
50;10000;commutes_with;stim;0.14650236800662242
51;10000;commutes_with;stim;0.14666342898271978
52;10000;commutes_with;stim;0.14683779599727131
53;10000;commutes_with;stim;0.14650715299649164
54;10000;commutes_with;stim;0.14628185701440088
55;10000;commutes_with;stim;0.14927064499352127
56;10000;commutes_with;stim;0.15474066798924468
57;10000;commutes_with;stim;0.1459327670163475
58;10000;commutes_with;stim;0.1462959970231168
59;10000;commutes_with;stim;0.14828021000721492
60;10000;commutes_with;stim;0.14673251600470394
61;10000;commutes_with;stim;0.14583131900872104
62;10000;commutes_with;stim;0.14923651999561116
63;10000;commutes_with;stim;0.14772779599297792
64;10000;commutes_with;stim;0.2007079639879521
65;10000;commutes_with;stim;0.1469707319920417
66;10000;commutes_with;stim;0.14749885801575147
67;10000;commutes_with;stim;0.14732496099895798
68;10000;commutes_with;stim;0.14694160100771114
69;10000;commutes_with;stim;0.1466051939933095
70;10000;commutes_with;stim;0.14804672601167113
71;10000;commutes_with;stim;0.1467883419827558
72;10000;commutes_with;stim;0.14680311302072369
73;10000;commutes_with;stim;0.14720632301759906
74;10000;commutes_with;stim;0.14899240000522695
75;10000;commutes_with;stim;0.14674747301614843
76;10000;commutes_with;stim;0.14818446201388724
77;10000;commutes_with;stim;0.14627414601272903
78;10000;commutes_with;stim;0.1472321900073439
79;10000;commutes_with;stim;0.15198148100171238
80;10000;commutes_with;stim;0.14670731400838122
81;10000;commutes_with;stim;0.14576941000996158
82;10000;commutes_with;stim;0.14670722401933745
83;10000;commutes_with;stim;0.14678953698603436
84;10000;commutes_with;stim;0.14778826301335357
85;10000;commutes_with;stim;0.16073823199258186
86;10000;commutes_with;stim;0.14715904498007149
87;10000;commutes_with;stim;0.14649319398449734
88;10000;commutes_with;stim;0.14831623699865304
89;10000;commutes_with;stim;0.1472981660044752
90;10000;commutes_with;stim;0.14546898199478164
91;10000;commutes_with;stim;0.20589430298423395
92;10000;commutes_with;stim;0.14658085399423726
93;10000;commutes_with;stim;0.1462947309773881
94;10000;commutes_with;stim;0.1460683649929706
95;10000;commutes_with;stim;0.14631411799928173
96;10000;commutes_with;stim;0.14762752401293255
97;10000;commutes_with;stim;0.14682727301260456
98;10000;commutes_with;stim;0.14771924298838712
99;10000;commutes_with;stim;0.14663378498516977
100;10000;commutes_with;stim;0.14628239499870688
1;12000;commutes_with;stim;0.15430533600738272
2;12000;commutes_with;stim;0.15179897099733353
3;12000;commutes_with;stim;0.15236136299790815
4;12000;commutes_with;stim;0.15146798902424052
5;12000;commutes_with;stim;0.15324260600027628
6;12000;commutes_with;stim;0.15566515200771391
7;12000;commutes_with;stim;0.1538791930070147
8;12000;commutes_with;stim;0.15448293500230648
9;12000;commutes_with;stim;0.1535251940076705
10;12000;commutes_with;stim;0.15365212899632752
11;12000;commutes_with;stim;0.15379646301153116
12;12000;commutes_with;stim;0.15292514499742538
13;12000;commutes_with;stim;0.15448185100103728
14;12000;commutes_with;stim;0.1532002579770051
15;12000;commutes_with;stim;0.15249293600209057
16;12000;commutes_with;stim;0.1520489779941272
17;12000;commutes_with;stim;0.15956669801380485
18;12000;commutes_with;stim;0.15319226300925948
19;12000;commutes_with;stim;0.15133413398871198
20;12000;commutes_with;stim;0.15176829902338795
21;12000;commutes_with;stim;0.1520311509957537
22;12000;commutes_with;stim;0.15540332399541512
23;12000;commutes_with;stim;0.15325794499949552
24;12000;commutes_with;stim;0.15221893301350065
25;12000;commutes_with;stim;0.15251838500262238
26;12000;commutes_with;stim;0.1523702270060312
27;12000;commutes_with;stim;0.15232859799289145
28;12000;commutes_with;stim;0.15217051000217907
29;12000;commutes_with;stim;0.15305954200448468
30;12000;commutes_with;stim;0.15204439999070019
31;12000;commutes_with;stim;0.1514689309988171
32;12000;commutes_with;stim;0.15264102799119428
33;12000;commutes_with;stim;0.15198195702396333
34;12000;commutes_with;stim;0.15157386899227276
35;12000;commutes_with;stim;0.15228225200553425
36;12000;commutes_with;stim;0.15318687798571773
37;12000;commutes_with;stim;0.15116652598953806
38;12000;commutes_with;stim;0.1517696360242553
39;12000;commutes_with;stim;0.17135679800412618
40;12000;commutes_with;stim;0.15260334699996747
41;12000;commutes_with;stim;0.15209263400174677
42;12000;commutes_with;stim;0.15321650900295936
43;12000;commutes_with;stim;0.15220958602731116
44;12000;commutes_with;stim;0.15143424799316563
45;12000;commutes_with;stim;0.15484934402047656
46;12000;commutes_with;stim;0.15112751800916158
47;12000;commutes_with;stim;0.15661217900924385
48;12000;commutes_with;stim;0.15246438200119883
49;12000;commutes_with;stim;0.1525991290109232
50;12000;commutes_with;stim;0.21559184297802858
51;12000;commutes_with;stim;0.21889639098662883
52;12000;commutes_with;stim;0.1531135209952481
53;12000;commutes_with;stim;0.1524910090083722
54;12000;commutes_with;stim;0.1520425869966857
55;12000;commutes_with;stim;0.15134599801967852
56;12000;commutes_with;stim;0.15285778799443506
57;12000;commutes_with;stim;0.15184755899826996
58;12000;commutes_with;stim;0.15216182899894193
59;12000;commutes_with;stim;0.15305969398468733
60;12000;commutes_with;stim;0.15141229701112024
61;12000;commutes_with;stim;0.15140133499517106
62;12000;commutes_with;stim;0.1516203720238991
63;12000;commutes_with;stim;0.15254020699649118
64;12000;commutes_with;stim;0.15183507101028226
65;12000;commutes_with;stim;0.15356112600420602
66;12000;commutes_with;stim;0.15242445000330918
67;12000;commutes_with;stim;0.15221334600937553
68;12000;commutes_with;stim;0.15362551697762683
69;12000;commutes_with;stim;0.16278095499728806
70;12000;commutes_with;stim;0.1542821840266697
71;12000;commutes_with;stim;0.15331879997393116
72;12000;commutes_with;stim;0.15451170899905264
73;12000;commutes_with;stim;0.15234933700412512
74;12000;commutes_with;stim;0.15254726901184767
75;12000;commutes_with;stim;0.16380335198482499
76;12000;commutes_with;stim;0.15372467000270262
77;12000;commutes_with;stim;0.15127393801230937
78;12000;commutes_with;stim;0.15147204499226063
79;12000;commutes_with;stim;0.15349356198566966
80;12000;commutes_with;stim;0.1537268319807481
81;12000;commutes_with;stim;0.21010207801009528
82;12000;commutes_with;stim;0.1525220169860404
83;12000;commutes_with;stim;0.1539646800083574
84;12000;commutes_with;stim;0.15199112499249168
85;12000;commutes_with;stim;0.15220833200146444
86;12000;commutes_with;stim;0.15711519398610108
87;12000;commutes_with;stim;0.15453271300066262
88;12000;commutes_with;stim;0.1545074250025209
89;12000;commutes_with;stim;0.1533503539976664
90;12000;commutes_with;stim;0.15218174498295411
91;12000;commutes_with;stim;0.21710056302254088
92;12000;commutes_with;stim;0.15395292898756452
93;12000;commutes_with;stim;0.15129040498868562
94;12000;commutes_with;stim;0.15145633099018596
95;12000;commutes_with;stim;0.15244115600944497
96;12000;commutes_with;stim;0.2147425780131016
97;12000;commutes_with;stim;0.15202265701373108
98;12000;commutes_with;stim;0.15153413300868124
99;12000;commutes_with;stim;0.15370502800215036
100;12000;commutes_with;stim;0.15224505998776294
1;10;commutes_with;paulie;0.11613711700192653
2;10;commutes_with;paulie;0.11628501198720187
3;10;commutes_with;paulie;0.11691784398863092
4;10;commutes_with;paulie;0.11722246298450045
5;10;commutes_with;paulie;0.1164704290276859
6;10;commutes_with;paulie;0.11670557101024315
7;10;commutes_with;paulie;0.11617386699072085
8;10;commutes_with;paulie;0.11641212299582548
9;10;commutes_with;paulie;0.11687031999463215
10;10;commutes_with;paulie;0.11604417199851014
11;10;commutes_with;paulie;0.11654139799065888
12;10;commutes_with;paulie;0.11704379200818948
13;10;commutes_with;paulie;0.1172414569882676
14;10;commutes_with;paulie;0.11713604198303074
15;10;commutes_with;paulie;0.1177005129866302
16;10;commutes_with;paulie;0.11651184799848124
17;10;commutes_with;paulie;0.11625205900054425
18;10;commutes_with;paulie;0.11712511701625772
19;10;commutes_with;paulie;0.11745653601246886
20;10;commutes_with;paulie;0.11717186900204979
21;10;commutes_with;paulie;0.11637820000760257
22;10;commutes_with;paulie;0.11583678098395467
23;10;commutes_with;paulie;0.11741492900182493
24;10;commutes_with;paulie;0.11691041800077073
25;10;commutes_with;paulie;0.11763030898873694
26;10;commutes_with;paulie;0.1167329529998824
27;10;commutes_with;paulie;0.12004936599987559
28;10;commutes_with;paulie;0.11700011100037955
29;10;commutes_with;paulie;0.11554462698404677
30;10;commutes_with;paulie;0.11685463698813692
31;10;commutes_with;paulie;0.11552876300993375
32;10;commutes_with;paulie;0.11699899501400068
33;10;commutes_with;paulie;0.11727953699300997
34;10;commutes_with;paulie;0.11631783400662243
35;10;commutes_with;paulie;0.11639136201119982
36;10;commutes_with;paulie;0.12005871799192391
37;10;commutes_with;paulie;0.11702616701950319
38;10;commutes_with;paulie;0.11786567498347722
39;10;commutes_with;paulie;0.11803786898963153
40;10;commutes_with;paulie;0.11713877998408861
41;10;commutes_with;paulie;0.11658401100430638
42;10;commutes_with;paulie;0.11706007199245505
43;10;commutes_with;paulie;0.11657756299246103
44;10;commutes_with;paulie;0.11746485900948755
45;10;commutes_with;paulie;0.11665566501324065
46;10;commutes_with;paulie;0.11605937100830488
47;10;commutes_with;paulie;0.1174580109945964
48;10;commutes_with;paulie;0.11672869900939986
49;10;commutes_with;paulie;0.11746950898668729
50;10;commutes_with;paulie;0.11744084901874885
51;10;commutes_with;paulie;0.11854686599690467
52;10;commutes_with;paulie;0.1165261350106448
53;10;commutes_with;paulie;0.11732502898667008
54;10;commutes_with;paulie;0.11889307899400592
55;10;commutes_with;paulie;0.11800994101213291
56;10;commutes_with;paulie;0.11685857799602672
57;10;commutes_with;paulie;0.11802308601909317
58;10;commutes_with;paulie;0.11763325898209587
59;10;commutes_with;paulie;0.11735588297597133
60;10;commutes_with;paulie;0.11899727300624363
61;10;commutes_with;paulie;0.11751649898360483
62;10;commutes_with;paulie;0.11818960501113907
63;10;commutes_with;paulie;0.1171738289995119
64;10;commutes_with;paulie;0.11766974700731225
65;10;commutes_with;paulie;0.11795562200131826
66;10;commutes_with;paulie;0.11707801002194174
67;10;commutes_with;paulie;0.11922376998700202
68;10;commutes_with;paulie;0.11778429598780349
69;10;commutes_with;paulie;0.11768912899424322
70;10;commutes_with;paulie;0.11708033800823614
71;10;commutes_with;paulie;0.11739700098405592
72;10;commutes_with;paulie;0.11776861301041208
73;10;commutes_with;paulie;0.1184127620072104
74;10;commutes_with;paulie;0.1174991330190096
75;10;commutes_with;paulie;0.11805817700223997
76;10;commutes_with;paulie;0.11709715600591153
77;10;commutes_with;paulie;0.11708769699907862
78;10;commutes_with;paulie;0.11773663997882977
79;10;commutes_with;paulie;0.11608448100741953
80;10;commutes_with;paulie;0.11746823799330741
81;10;commutes_with;paulie;0.11653692199615762
82;10;commutes_with;paulie;0.11652098799822852
83;10;commutes_with;paulie;0.11748021701350808
84;10;commutes_with;paulie;0.11659911501919851
85;10;commutes_with;paulie;0.11606670200126246
86;10;commutes_with;paulie;0.11674750200472772
87;10;commutes_with;paulie;0.11632480300613679
88;10;commutes_with;paulie;0.11647751400596462
89;10;commutes_with;paulie;0.11730524300946854
90;10;commutes_with;paulie;0.1160048810124863
91;10;commutes_with;paulie;0.19605125399539247
92;10;commutes_with;paulie;0.1174852040130645
93;10;commutes_with;paulie;0.11718762299278751
94;10;commutes_with;paulie;0.11722016497515142
95;10;commutes_with;paulie;0.11685321800177917
96;10;commutes_with;paulie;0.11740976499277167
97;10;commutes_with;paulie;0.11760284099727869
98;10;commutes_with;paulie;0.11660073700477369
99;10;commutes_with;paulie;0.1163737430179026
100;10;commutes_with;paulie;0.11642760899849236
1;100;commutes_with;paulie;0.11741576998610981
2;100;commutes_with;paulie;0.11757986899465322
3;100;commutes_with;paulie;0.11903761900612153
4;100;commutes_with;paulie;0.11820667600841261
5;100;commutes_with;paulie;0.11851759001729079
6;100;commutes_with;paulie;0.11787026000092737
7;100;commutes_with;paulie;0.11799911400885321
8;100;commutes_with;paulie;0.1179009240004234
9;100;commutes_with;paulie;0.11830140999518335
10;100;commutes_with;paulie;0.11893596200388856
11;100;commutes_with;paulie;0.11900868598604575
12;100;commutes_with;paulie;0.1193303830223158
13;100;commutes_with;paulie;0.11854503798531368
14;100;commutes_with;paulie;0.11880435698549263
15;100;commutes_with;paulie;0.11916767997900024
16;100;commutes_with;paulie;0.11928443700890057
17;100;commutes_with;paulie;0.11636145200463943
18;100;commutes_with;paulie;0.11931826701038517
19;100;commutes_with;paulie;0.11786346900044009
20;100;commutes_with;paulie;0.11766062301467173
21;100;commutes_with;paulie;0.11821765301283449
22;100;commutes_with;paulie;0.11760983499698341
23;100;commutes_with;paulie;0.1180445950012654
24;100;commutes_with;paulie;0.11888648601598106
25;100;commutes_with;paulie;0.11918433001847006
26;100;commutes_with;paulie;0.11704530601855367
27;100;commutes_with;paulie;0.11839184802374803
28;100;commutes_with;paulie;0.12010895099956542
29;100;commutes_with;paulie;0.11825441100518219
30;100;commutes_with;paulie;0.1184166879975237
31;100;commutes_with;paulie;0.1181633610103745
32;100;commutes_with;paulie;0.11888282399741001
33;100;commutes_with;paulie;0.11878096501459368
34;100;commutes_with;paulie;0.11792397499084473
35;100;commutes_with;paulie;0.11792851600330323
36;100;commutes_with;paulie;0.1180363169987686
37;100;commutes_with;paulie;0.11798418601392768
38;100;commutes_with;paulie;0.11891786599881016
39;100;commutes_with;paulie;0.11999618099071085
40;100;commutes_with;paulie;0.11908012500498444
41;100;commutes_with;paulie;0.1178604039887432
42;100;commutes_with;paulie;0.11966272699646652
43;100;commutes_with;paulie;0.11791096898377873
44;100;commutes_with;paulie;0.11776206200011075
45;100;commutes_with;paulie;0.11817677298677154
46;100;commutes_with;paulie;0.11821384701761417
47;100;commutes_with;paulie;0.1181351589912083
48;100;commutes_with;paulie;0.11896024501766078
49;100;commutes_with;paulie;0.11777060900931247
50;100;commutes_with;paulie;0.11809000701759942
51;100;commutes_with;paulie;0.11785304101067595
52;100;commutes_with;paulie;0.11766036599874496
53;100;commutes_with;paulie;0.11790302398731001
54;100;commutes_with;paulie;0.11917334998724982
55;100;commutes_with;paulie;0.11928191699553281
56;100;commutes_with;paulie;0.11830869899131358
57;100;commutes_with;paulie;0.1198965200164821
58;100;commutes_with;paulie;0.11804053699597716
59;100;commutes_with;paulie;0.1178728119994048
60;100;commutes_with;paulie;0.11934853097773157
61;100;commutes_with;paulie;0.11824187700403854
62;100;commutes_with;paulie;0.11877419400843792
63;100;commutes_with;paulie;0.11861564399441704
64;100;commutes_with;paulie;0.11974249599734321
65;100;commutes_with;paulie;0.11898557998938486
66;100;commutes_with;paulie;0.11928728301427327
67;100;commutes_with;paulie;0.11834346601972356
68;100;commutes_with;paulie;0.11927292900509201
69;100;commutes_with;paulie;0.11802508801338263
70;100;commutes_with;paulie;0.11790438002208248
71;100;commutes_with;paulie;0.11857386099291034
72;100;commutes_with;paulie;0.11849361198255792
73;100;commutes_with;paulie;0.11803405202226713
74;100;commutes_with;paulie;0.11880253700655885
75;100;commutes_with;paulie;0.11836283400771208
76;100;commutes_with;paulie;0.1184026239789091
77;100;commutes_with;paulie;0.11785306897945702
78;100;commutes_with;paulie;0.11957736097974703
79;100;commutes_with;paulie;0.1187121200200636
80;100;commutes_with;paulie;0.11951690298155881
81;100;commutes_with;paulie;0.1183734140067827
82;100;commutes_with;paulie;0.11872840800788254
83;100;commutes_with;paulie;0.11879418199532665
84;100;commutes_with;paulie;0.12448456100537442
85;100;commutes_with;paulie;0.11816515499958768
86;100;commutes_with;paulie;0.11942225298844278
87;100;commutes_with;paulie;0.11778345398488455
88;100;commutes_with;paulie;0.118445555010112
89;100;commutes_with;paulie;0.11892073802300729
90;100;commutes_with;paulie;0.20508558399160393
91;100;commutes_with;paulie;0.20711409900104627
92;100;commutes_with;paulie;0.11909090698463842
93;100;commutes_with;paulie;0.11776908399770036
94;100;commutes_with;paulie;0.11841050200746395
95;100;commutes_with;paulie;0.11829124600626528
96;100;commutes_with;paulie;0.11778788999072276
97;100;commutes_with;paulie;0.11866973602445796
98;100;commutes_with;paulie;0.11771287099691108
99;100;commutes_with;paulie;0.11791540400008671
100;100;commutes_with;paulie;0.12173802001052536
1;1000;commutes_with;paulie;0.1866497329901904
2;1000;commutes_with;paulie;0.18681697500869632
3;1000;commutes_with;paulie;0.18617928499588743
4;1000;commutes_with;paulie;0.18572244900860824
5;1000;commutes_with;paulie;0.18776090099709108
6;1000;commutes_with;paulie;0.18592356398585252
7;1000;commutes_with;paulie;0.18593329199939035
8;1000;commutes_with;paulie;0.18603036098647863
9;1000;commutes_with;paulie;0.18657686398364604
10;1000;commutes_with;paulie;0.18576930297422223
11;1000;commutes_with;paulie;0.18681700300658122
12;1000;commutes_with;paulie;0.1878657060151454
13;1000;commutes_with;paulie;0.18648864401620813
14;1000;commutes_with;paulie;0.18700137999258004
15;1000;commutes_with;paulie;0.18684005600516684
16;1000;commutes_with;paulie;0.18604384301579557
17;1000;commutes_with;paulie;0.18703410000307485
18;1000;commutes_with;paulie;0.18769635798525997
19;1000;commutes_with;paulie;0.18731466098688543
20;1000;commutes_with;paulie;0.18597916499129497
21;1000;commutes_with;paulie;0.20055361397680826
22;1000;commutes_with;paulie;0.1872664300026372
23;1000;commutes_with;paulie;0.18618134999996983
24;1000;commutes_with;paulie;0.1872039159934502
25;1000;commutes_with;paulie;0.18713630799902603
26;1000;commutes_with;paulie;0.18803197401575744
27;1000;commutes_with;paulie;0.18643203700776212
28;1000;commutes_with;paulie;0.188060206011869
29;1000;commutes_with;paulie;0.18653788202209398
30;1000;commutes_with;paulie;0.2395789600268472
31;1000;commutes_with;paulie;0.1874186130007729
32;1000;commutes_with;paulie;0.18569143299828283
33;1000;commutes_with;paulie;0.18559556399122812
34;1000;commutes_with;paulie;0.1869412480155006
35;1000;commutes_with;paulie;0.1865175170241855
36;1000;commutes_with;paulie;0.18586552600027062
37;1000;commutes_with;paulie;0.18669480801327154
38;1000;commutes_with;paulie;0.3027545730001293
39;1000;commutes_with;paulie;0.18707257299683988
40;1000;commutes_with;paulie;0.18605728101101704
41;1000;commutes_with;paulie;0.18571617698762566
42;1000;commutes_with;paulie;0.18521828201483004
43;1000;commutes_with;paulie;0.1861445659887977
44;1000;commutes_with;paulie;0.186041128996294
45;1000;commutes_with;paulie;0.18570723399170674
46;1000;commutes_with;paulie;0.18539338299888186
47;1000;commutes_with;paulie;0.18684359200415201
48;1000;commutes_with;paulie;0.18667104400810786
49;1000;commutes_with;paulie;0.1895123280119151
50;1000;commutes_with;paulie;0.1855391199933365
51;1000;commutes_with;paulie;0.18716070300433785
52;1000;commutes_with;paulie;0.18642237500171177
53;1000;commutes_with;paulie;0.18639223201898858
54;1000;commutes_with;paulie;0.18761657300638035
55;1000;commutes_with;paulie;0.18690066400449723
56;1000;commutes_with;paulie;0.1853768689907156
57;1000;commutes_with;paulie;0.18703756900504231
58;1000;commutes_with;paulie;0.18759444801253267
59;1000;commutes_with;paulie;0.18762203201185912
60;1000;commutes_with;paulie;0.18606574198929593
61;1000;commutes_with;paulie;0.18782016899785958
62;1000;commutes_with;paulie;0.18925589401624165
63;1000;commutes_with;paulie;0.18679745998815633
64;1000;commutes_with;paulie;0.18795111498911865
65;1000;commutes_with;paulie;0.18711330098449253
66;1000;commutes_with;paulie;0.18772260699188337
67;1000;commutes_with;paulie;0.18768087998614646
68;1000;commutes_with;paulie;0.1868679090111982
69;1000;commutes_with;paulie;0.18679952301317826
70;1000;commutes_with;paulie;0.18677776798722334
71;1000;commutes_with;paulie;0.18784341399441473
72;1000;commutes_with;paulie;0.18788721298915334
73;1000;commutes_with;paulie;0.18605570401996374
74;1000;commutes_with;paulie;0.18766202498227358
75;1000;commutes_with;paulie;0.18739733198890463
76;1000;commutes_with;paulie;0.19942312000785023
77;1000;commutes_with;paulie;0.1868077180115506
78;1000;commutes_with;paulie;0.18843106299755163
79;1000;commutes_with;paulie;0.18747232801979408
80;1000;commutes_with;paulie;0.1871989610081073
81;1000;commutes_with;paulie;0.18732501097838394
82;1000;commutes_with;paulie;0.18744328498723917
83;1000;commutes_with;paulie;0.18587392597692087
84;1000;commutes_with;paulie;0.18643120198976249
85;1000;commutes_with;paulie;0.18709672000841238
86;1000;commutes_with;paulie;0.185627339000348
87;1000;commutes_with;paulie;0.18671104099485092
88;1000;commutes_with;paulie;0.18673975998535752
89;1000;commutes_with;paulie;0.1862026339804288
90;1000;commutes_with;paulie;0.18612187099643052
91;1000;commutes_with;paulie;0.29448008799226955
92;1000;commutes_with;paulie;0.1865171830286272
93;1000;commutes_with;paulie;0.18730063497787341
94;1000;commutes_with;paulie;0.1873609589820262
95;1000;commutes_with;paulie;0.1856895670061931
96;1000;commutes_with;paulie;0.18626636298722588
97;1000;commutes_with;paulie;0.1872559339972213
98;1000;commutes_with;paulie;0.18716387602034956
99;1000;commutes_with;paulie;0.18572671100264415
100;1000;commutes_with;paulie;0.1863684940035455
1;3000;commutes_with;paulie;0.2805684829945676
2;3000;commutes_with;paulie;0.2796662450127769
3;3000;commutes_with;paulie;0.27944839900010265
4;3000;commutes_with;paulie;0.2792312569799833
5;3000;commutes_with;paulie;0.279557408997789
6;3000;commutes_with;paulie;0.2804970479919575
7;3000;commutes_with;paulie;0.2801144990080502
8;3000;commutes_with;paulie;0.2803058690042235
9;3000;commutes_with;paulie;0.28069388700532727
10;3000;commutes_with;paulie;0.2805898360093124
11;3000;commutes_with;paulie;0.2801837190054357
12;3000;commutes_with;paulie;0.28016723098699003
13;3000;commutes_with;paulie;0.2789185029978398
14;3000;commutes_with;paulie;0.27990573999704793
15;3000;commutes_with;paulie;0.2796279249887448
16;3000;commutes_with;paulie;0.279687931004446
17;3000;commutes_with;paulie;0.2808685080090072
18;3000;commutes_with;paulie;0.2814507120056078
19;3000;commutes_with;paulie;0.28204684000229463
20;3000;commutes_with;paulie;0.28006671799812466
21;3000;commutes_with;paulie;0.2817569100006949
22;3000;commutes_with;paulie;0.27943182399030775
23;3000;commutes_with;paulie;0.28039763899869286
24;3000;commutes_with;paulie;0.2802873600157909
25;3000;commutes_with;paulie;0.28052393498364836
26;3000;commutes_with;paulie;0.28116104399668984
27;3000;commutes_with;paulie;0.28086609399178997
28;3000;commutes_with;paulie;0.2799872159957886
29;3000;commutes_with;paulie;0.27926107798703015
30;3000;commutes_with;paulie;0.28000250199693255
31;3000;commutes_with;paulie;0.28008995100390166
32;3000;commutes_with;paulie;0.2800423959852196
33;3000;commutes_with;paulie;0.29123827200965025
34;3000;commutes_with;paulie;0.2801008240203373
35;3000;commutes_with;paulie;0.28216552300727926
36;3000;commutes_with;paulie;0.2793991529906634
37;3000;commutes_with;paulie;0.28180156799498945
38;3000;commutes_with;paulie;0.43721052299952134
39;3000;commutes_with;paulie;0.28036725998390466
40;3000;commutes_with;paulie;0.2805627750058193
41;3000;commutes_with;paulie;0.2795031809946522
42;3000;commutes_with;paulie;0.2812086129852105
43;3000;commutes_with;paulie;0.28051345801213756
44;3000;commutes_with;paulie;0.2812954190012533
45;3000;commutes_with;paulie;0.2801190839963965
46;3000;commutes_with;paulie;0.2844712910009548
47;3000;commutes_with;paulie;0.2805744119978044
48;3000;commutes_with;paulie;0.27953286599949934
49;3000;commutes_with;paulie;0.2815988599904813
50;3000;commutes_with;paulie;0.282988838996971
51;3000;commutes_with;paulie;0.2813406499917619
52;3000;commutes_with;paulie;0.28127426299033687
53;3000;commutes_with;paulie;0.27953054098179564
54;3000;commutes_with;paulie;0.2808142710127868
55;3000;commutes_with;paulie;0.28384696299326606
56;3000;commutes_with;paulie;0.28106432099593803
57;3000;commutes_with;paulie;0.2810349630017299
58;3000;commutes_with;paulie;0.28069032001076266
59;3000;commutes_with;paulie;0.2820760979957413
60;3000;commutes_with;paulie;0.27992961698328145
61;3000;commutes_with;paulie;0.2811837079934776
62;3000;commutes_with;paulie;0.2809259710193146
63;3000;commutes_with;paulie;0.2814519770035986
64;3000;commutes_with;paulie;0.28666992601938546
65;3000;commutes_with;paulie;0.2805832879967056
66;3000;commutes_with;paulie;0.2818891580100171
67;3000;commutes_with;paulie;0.2820627259789035
68;3000;commutes_with;paulie;0.28078797698253766
69;3000;commutes_with;paulie;0.28496075500152074
70;3000;commutes_with;paulie;0.28238228301052004
71;3000;commutes_with;paulie;0.28081658700830303
72;3000;commutes_with;paulie;0.28025421302299947
73;3000;commutes_with;paulie;0.2815489450003952
74;3000;commutes_with;paulie;0.28043371898820624
75;3000;commutes_with;paulie;0.2809559319866821
76;3000;commutes_with;paulie;0.28141141700325534
77;3000;commutes_with;paulie;0.280762415000936
78;3000;commutes_with;paulie;0.28001097598462366
79;3000;commutes_with;paulie;0.28093054800410755
80;3000;commutes_with;paulie;0.28361314500216395
81;3000;commutes_with;paulie;0.280254634009907
82;3000;commutes_with;paulie;0.27974964398890734
83;3000;commutes_with;paulie;0.279707331006648
84;3000;commutes_with;paulie;0.2799500910041388
85;3000;commutes_with;paulie;0.27897998999105766
86;3000;commutes_with;paulie;0.27911719999974594
87;3000;commutes_with;paulie;0.2799905620049685
88;3000;commutes_with;paulie;0.2796782010118477
89;3000;commutes_with;paulie;0.27959720001672395
90;3000;commutes_with;paulie;0.2802767159882933
91;3000;commutes_with;paulie;0.45303944798070006
92;3000;commutes_with;paulie;0.2800424169981852
93;3000;commutes_with;paulie;0.28026918100658804
94;3000;commutes_with;paulie;0.2796973880031146
95;3000;commutes_with;paulie;0.2801392080145888
96;3000;commutes_with;paulie;0.28009024998755194
97;3000;commutes_with;paulie;0.2812042500008829
98;3000;commutes_with;paulie;0.2800965500064194
99;3000;commutes_with;paulie;0.2799667429935653
100;3000;commutes_with;paulie;0.27876901099807583
1;6000;commutes_with;paulie;0.4060780389991123
2;6000;commutes_with;paulie;0.4059793369960971
3;6000;commutes_with;paulie;0.40660460700746626
4;6000;commutes_with;paulie;0.4061673399992287
5;6000;commutes_with;paulie;0.40630873799091205
6;6000;commutes_with;paulie;0.4084311600017827
7;6000;commutes_with;paulie;0.40645180898718536
8;6000;commutes_with;paulie;0.40689361398108304
9;6000;commutes_with;paulie;0.4055601250147447
10;6000;commutes_with;paulie;0.40686484699836
11;6000;commutes_with;paulie;0.40705172301386483
12;6000;commutes_with;paulie;0.40664682802162133
13;6000;commutes_with;paulie;0.40604127300321124
14;6000;commutes_with;paulie;0.4070153269858565
15;6000;commutes_with;paulie;0.417911002994515
16;6000;commutes_with;paulie;0.40598259700345807
17;6000;commutes_with;paulie;0.4056453340162989
18;6000;commutes_with;paulie;0.407775497995317
19;6000;commutes_with;paulie;0.40787951499805786
20;6000;commutes_with;paulie;0.40812916099093854
21;6000;commutes_with;paulie;0.407342450984288
22;6000;commutes_with;paulie;0.40911198599496856
23;6000;commutes_with;paulie;0.40675396998994984
24;6000;commutes_with;paulie;0.40666086701094173
25;6000;commutes_with;paulie;0.40806267198058777
26;6000;commutes_with;paulie;0.4073123650159687
27;6000;commutes_with;paulie;0.4066332199727185
28;6000;commutes_with;paulie;0.406379984022351
29;6000;commutes_with;paulie;0.40866712701972574
30;6000;commutes_with;paulie;0.40559030600707047
31;6000;commutes_with;paulie;0.40899238700512797
32;6000;commutes_with;paulie;0.4077241510094609
33;6000;commutes_with;paulie;0.40718214100343175
34;6000;commutes_with;paulie;0.40922914899419993
35;6000;commutes_with;paulie;0.40737196401460096
36;6000;commutes_with;paulie;0.4058927079895511
37;6000;commutes_with;paulie;0.6624422949971631
38;6000;commutes_with;paulie;0.659995630994672
39;6000;commutes_with;paulie;0.4072821370209567
40;6000;commutes_with;paulie;0.40649779900559224
41;6000;commutes_with;paulie;0.4087663830141537
42;6000;commutes_with;paulie;0.40677458699792624
43;6000;commutes_with;paulie;0.40703071499592625
44;6000;commutes_with;paulie;0.40675164500134997
45;6000;commutes_with;paulie;0.4237535550200846
46;6000;commutes_with;paulie;0.40576931700343266
47;6000;commutes_with;paulie;0.40709491999587044
48;6000;commutes_with;paulie;0.4061648049973883
49;6000;commutes_with;paulie;0.4061642370070331
50;6000;commutes_with;paulie;0.4060708899924066
51;6000;commutes_with;paulie;0.40647618199000135
52;6000;commutes_with;paulie;0.40731697401497513
53;6000;commutes_with;paulie;0.4066643090045545
54;6000;commutes_with;paulie;0.40868994500488043
55;6000;commutes_with;paulie;0.4067343689966947
56;6000;commutes_with;paulie;0.4081430000078399
57;6000;commutes_with;paulie;0.4080355690093711
58;6000;commutes_with;paulie;0.4066967039834708
59;6000;commutes_with;paulie;0.40639829100109637
60;6000;commutes_with;paulie;0.40594649000559
61;6000;commutes_with;paulie;0.40684063799562864
62;6000;commutes_with;paulie;0.4148226869874634
63;6000;commutes_with;paulie;0.41217309297644533
64;6000;commutes_with;paulie;0.40889658700325526
65;6000;commutes_with;paulie;0.4067862099909689
66;6000;commutes_with;paulie;0.407448303012643
67;6000;commutes_with;paulie;0.40787740200175904
68;6000;commutes_with;paulie;0.4518172889947891
69;6000;commutes_with;paulie;0.40688336701714434
70;6000;commutes_with;paulie;0.4133733009803109
71;6000;commutes_with;paulie;0.40837580800871365
72;6000;commutes_with;paulie;0.4082658819970675
73;6000;commutes_with;paulie;0.4074866180017125
74;6000;commutes_with;paulie;0.407880683982512
75;6000;commutes_with;paulie;0.40777535300003365
76;6000;commutes_with;paulie;0.40932732800138183
77;6000;commutes_with;paulie;0.40758049898431636
78;6000;commutes_with;paulie;0.40702847598004155
79;6000;commutes_with;paulie;0.4069139240018558
80;6000;commutes_with;paulie;0.40536939099547453
81;6000;commutes_with;paulie;0.405079869000474
82;6000;commutes_with;paulie;0.4055813010199927
83;6000;commutes_with;paulie;0.406372369005112
84;6000;commutes_with;paulie;0.4059687610133551
85;6000;commutes_with;paulie;0.40616161000798456
86;6000;commutes_with;paulie;0.40559184801531956
87;6000;commutes_with;paulie;0.41950451701995917
88;6000;commutes_with;paulie;0.40623168100137264
89;6000;commutes_with;paulie;0.4063590239966288
90;6000;commutes_with;paulie;0.40655182499904186
91;6000;commutes_with;paulie;0.6642490969970822
92;6000;commutes_with;paulie;0.40651206401525997
93;6000;commutes_with;paulie;0.41039714400540106
94;6000;commutes_with;paulie;0.4067128099850379
95;6000;commutes_with;paulie;0.6671519700030331
96;6000;commutes_with;paulie;0.40944445799686946
97;6000;commutes_with;paulie;0.40696876699803397
98;6000;commutes_with;paulie;0.40673229200183414
99;6000;commutes_with;paulie;0.4057213610212784
100;6000;commutes_with;paulie;0.407589298003586
1;8000;commutes_with;paulie;0.48199186800047755
2;8000;commutes_with;paulie;0.4841860440210439
3;8000;commutes_with;paulie;0.4829308390035294
4;8000;commutes_with;paulie;0.48226506798528135
5;8000;commutes_with;paulie;0.4820267120085191
6;8000;commutes_with;paulie;0.48280469098244794
7;8000;commutes_with;paulie;0.48432753400993533
8;8000;commutes_with;paulie;0.4839661909791175
9;8000;commutes_with;paulie;0.4839356729935389
10;8000;commutes_with;paulie;0.48253598500741646
11;8000;commutes_with;paulie;0.4833604530140292
12;8000;commutes_with;paulie;0.48480013498920016
13;8000;commutes_with;paulie;0.4969143040070776
14;8000;commutes_with;paulie;0.4826981009973679
15;8000;commutes_with;paulie;0.5073810830072034
16;8000;commutes_with;paulie;0.48277415698976256
17;8000;commutes_with;paulie;0.4821569320047274
18;8000;commutes_with;paulie;0.48395661302492954
19;8000;commutes_with;paulie;0.48475415402208455
20;8000;commutes_with;paulie;0.48283283298951574
21;8000;commutes_with;paulie;0.49638264800887555
22;8000;commutes_with;paulie;0.48280080102267675
23;8000;commutes_with;paulie;0.4836843489902094
24;8000;commutes_with;paulie;0.483184608980082
25;8000;commutes_with;paulie;0.4833819789928384
26;8000;commutes_with;paulie;0.48394867399474606
27;8000;commutes_with;paulie;0.48336749197915196
28;8000;commutes_with;paulie;0.48228445401764475
29;8000;commutes_with;paulie;0.4840299949864857
30;8000;commutes_with;paulie;0.48290769101004116
31;8000;commutes_with;paulie;0.4827931789914146
32;8000;commutes_with;paulie;0.4838555119931698
33;8000;commutes_with;paulie;0.48267003102228045
34;8000;commutes_with;paulie;0.4822349449968897
35;8000;commutes_with;paulie;0.4825095430132933
36;8000;commutes_with;paulie;0.48224932700395584
37;8000;commutes_with;paulie;0.4825705029943492
38;8000;commutes_with;paulie;0.8006281769776251
39;8000;commutes_with;paulie;0.4829387530044187
40;8000;commutes_with;paulie;0.48292431901791133
41;8000;commutes_with;paulie;0.4821716860169545
42;8000;commutes_with;paulie;0.48227117498754524
43;8000;commutes_with;paulie;0.4833617960102856
44;8000;commutes_with;paulie;0.4839179129921831
45;8000;commutes_with;paulie;0.484782349987654
46;8000;commutes_with;paulie;0.48503902700031176
47;8000;commutes_with;paulie;0.4826672399940435
48;8000;commutes_with;paulie;0.6992432450060733
49;8000;commutes_with;paulie;0.528293201001361
50;8000;commutes_with;paulie;0.4834452000213787
51;8000;commutes_with;paulie;0.48331239802064374
52;8000;commutes_with;paulie;0.48234149799100123
53;8000;commutes_with;paulie;0.7780821869964711
54;8000;commutes_with;paulie;0.483059210004285
55;8000;commutes_with;paulie;0.482981684996048
56;8000;commutes_with;paulie;0.48450399198918603
57;8000;commutes_with;paulie;0.4841157449991442
58;8000;commutes_with;paulie;0.48323211100068875
59;8000;commutes_with;paulie;0.4828880410059355
60;8000;commutes_with;paulie;0.48364588600816205
61;8000;commutes_with;paulie;0.48420877699390985
62;8000;commutes_with;paulie;0.4910453539923765
63;8000;commutes_with;paulie;0.48482420499203727
64;8000;commutes_with;paulie;0.4835723779979162
65;8000;commutes_with;paulie;0.48257382900919765
66;8000;commutes_with;paulie;0.48366206302307546
67;8000;commutes_with;paulie;0.4861334319866728
68;8000;commutes_with;paulie;0.48523077098070644
69;8000;commutes_with;paulie;0.4843496670073364
70;8000;commutes_with;paulie;0.4837752010207623
71;8000;commutes_with;paulie;0.4838639080116991
72;8000;commutes_with;paulie;0.48711444399668835
73;8000;commutes_with;paulie;0.48333978099981323
74;8000;commutes_with;paulie;0.48336522598401643
75;8000;commutes_with;paulie;0.6329812819894869
76;8000;commutes_with;paulie;0.4838588470011018
77;8000;commutes_with;paulie;0.48477534198900685
78;8000;commutes_with;paulie;0.48397159899468534
79;8000;commutes_with;paulie;0.4830966939916834
80;8000;commutes_with;paulie;0.4821025510027539
81;8000;commutes_with;paulie;0.4827791780116968
82;8000;commutes_with;paulie;0.48210241098422557
83;8000;commutes_with;paulie;0.4856386100000236
84;8000;commutes_with;paulie;0.4828438420081511
85;8000;commutes_with;paulie;0.48268005400313996
86;8000;commutes_with;paulie;0.4837029629852623
87;8000;commutes_with;paulie;0.4833647409977857
88;8000;commutes_with;paulie;0.48262437898665667
89;8000;commutes_with;paulie;0.48224418400786817
90;8000;commutes_with;paulie;0.48269518598681316
91;8000;commutes_with;paulie;0.7933429959812202
92;8000;commutes_with;paulie;0.48269268398871645
93;8000;commutes_with;paulie;0.48526603600475937
94;8000;commutes_with;paulie;0.4857749899965711
95;8000;commutes_with;paulie;0.48192808899329975
96;8000;commutes_with;paulie;0.48438528200495057
97;8000;commutes_with;paulie;0.48238293500617146
98;8000;commutes_with;paulie;0.48346932997810654
99;8000;commutes_with;paulie;0.4825163150089793
100;8000;commutes_with;paulie;0.48333682600059547
1;10000;commutes_with;paulie;0.5797442290058825
2;10000;commutes_with;paulie;0.5787978009902872
3;10000;commutes_with;paulie;0.5794224859855603
4;10000;commutes_with;paulie;0.5787425159942359
5;10000;commutes_with;paulie;0.5785325290053152
6;10000;commutes_with;paulie;0.5791732729994692
7;10000;commutes_with;paulie;0.5820121620199643
8;10000;commutes_with;paulie;0.5801376260060351
9;10000;commutes_with;paulie;0.5801269569783472
10;10000;commutes_with;paulie;0.5798974539793562
11;10000;commutes_with;paulie;0.5805710610002279
12;10000;commutes_with;paulie;0.5801355550065637
13;10000;commutes_with;paulie;0.579259464982897
14;10000;commutes_with;paulie;0.5811032260244247
15;10000;commutes_with;paulie;0.5799152120016515
16;10000;commutes_with;paulie;0.5799297149933409
17;10000;commutes_with;paulie;0.58011961801094
18;10000;commutes_with;paulie;0.5801537560182624
19;10000;commutes_with;paulie;0.8482817379990593
20;10000;commutes_with;paulie;0.579168505006237
21;10000;commutes_with;paulie;0.5800143240194302
22;10000;commutes_with;paulie;0.5877605860005133
23;10000;commutes_with;paulie;0.58375956400414
24;10000;commutes_with;paulie;0.5906515440146904
25;10000;commutes_with;paulie;0.5807826159871183
26;10000;commutes_with;paulie;0.581291130016325
27;10000;commutes_with;paulie;0.5844760799955111
28;10000;commutes_with;paulie;0.5822926840046421
29;10000;commutes_with;paulie;0.5906278190086596
30;10000;commutes_with;paulie;0.8303737440146506
31;10000;commutes_with;paulie;0.5809171820001211
32;10000;commutes_with;paulie;0.5859066210105084
33;10000;commutes_with;paulie;0.5792018760112114
34;10000;commutes_with;paulie;0.5812423070019577
35;10000;commutes_with;paulie;0.5784653919981793
36;10000;commutes_with;paulie;0.5802426809968892
37;10000;commutes_with;paulie;0.582840296003269
38;10000;commutes_with;paulie;0.6105606530036312
39;10000;commutes_with;paulie;0.5811095800017938
40;10000;commutes_with;paulie;0.5928056029952131
41;10000;commutes_with;paulie;0.5793328629806638
42;10000;commutes_with;paulie;0.5804709359945264
43;10000;commutes_with;paulie;0.5835710619867314
44;10000;commutes_with;paulie;0.5890636080002878
45;10000;commutes_with;paulie;0.6075757069920655
46;10000;commutes_with;paulie;0.5803320569975767
47;10000;commutes_with;paulie;0.7328928839997388
48;10000;commutes_with;paulie;0.6090228789835237
49;10000;commutes_with;paulie;0.5788370829832274
50;10000;commutes_with;paulie;0.5842876860115211
51;10000;commutes_with;paulie;0.5791790559887886
52;10000;commutes_with;paulie;0.5802868859900627
53;10000;commutes_with;paulie;0.5809929179958999
54;10000;commutes_with;paulie;0.580135643016547
55;10000;commutes_with;paulie;0.5832849410071503
56;10000;commutes_with;paulie;0.5811469859909266
57;10000;commutes_with;paulie;0.5802948359923903
58;10000;commutes_with;paulie;0.5888345050043426
59;10000;commutes_with;paulie;0.5794875840074383
60;10000;commutes_with;paulie;0.5810404029907659
61;10000;commutes_with;paulie;0.5811304950038902
62;10000;commutes_with;paulie;0.5807041810185183
63;10000;commutes_with;paulie;0.58139189198846
64;10000;commutes_with;paulie;0.5930149339837953
65;10000;commutes_with;paulie;0.5817395790072624
66;10000;commutes_with;paulie;0.580725273990538
67;10000;commutes_with;paulie;0.582039816014003
68;10000;commutes_with;paulie;0.5808037079987116
69;10000;commutes_with;paulie;0.5805816389911342
70;10000;commutes_with;paulie;0.5823103580041789
71;10000;commutes_with;paulie;0.580782625998836
72;10000;commutes_with;paulie;0.5811019290122204
73;10000;commutes_with;paulie;0.5803767369943671
74;10000;commutes_with;paulie;0.5921033050108235
75;10000;commutes_with;paulie;0.5816313789982814
76;10000;commutes_with;paulie;0.5805767029814888
77;10000;commutes_with;paulie;0.5813289630168583
78;10000;commutes_with;paulie;0.5809680050006136
79;10000;commutes_with;paulie;0.5798044629918877
80;10000;commutes_with;paulie;0.5790561810135841
81;10000;commutes_with;paulie;0.5788416580180638
82;10000;commutes_with;paulie;0.5797089260013308
83;10000;commutes_with;paulie;0.5807803760108072
84;10000;commutes_with;paulie;0.5795682810130529
85;10000;commutes_with;paulie;0.5789922990079504
86;10000;commutes_with;paulie;0.5834307790210005
87;10000;commutes_with;paulie;0.578076145000523
88;10000;commutes_with;paulie;0.581614817987429
89;10000;commutes_with;paulie;0.5785104750248138
90;10000;commutes_with;paulie;0.5793787599832285
91;10000;commutes_with;paulie;0.9648948590038344
92;10000;commutes_with;paulie;0.5808683399809524
93;10000;commutes_with;paulie;0.5794925469963346
94;10000;commutes_with;paulie;0.5792149899934884
95;10000;commutes_with;paulie;0.5792046560090967
96;10000;commutes_with;paulie;0.5790549279772677
97;10000;commutes_with;paulie;0.5807803170173429
98;10000;commutes_with;paulie;0.5798611780046485
99;10000;commutes_with;paulie;0.5893501059908886
100;10000;commutes_with;paulie;0.5808572919922881
1;12000;commutes_with;paulie;0.6611346919962671
2;12000;commutes_with;paulie;0.655792476987699
3;12000;commutes_with;paulie;0.6551854359859135
4;12000;commutes_with;paulie;0.6543720139889047
5;12000;commutes_with;paulie;0.6550280080118682
6;12000;commutes_with;paulie;0.6572486789955292
7;12000;commutes_with;paulie;0.6573088809964247
8;12000;commutes_with;paulie;0.6547316899814177
9;12000;commutes_with;paulie;0.6563657090009656
10;12000;commutes_with;paulie;0.6557077970064711
11;12000;commutes_with;paulie;0.657200544985244
12;12000;commutes_with;paulie;0.6552274679997936
13;12000;commutes_with;paulie;0.6555452780157793
14;12000;commutes_with;paulie;0.6565421689883806
15;12000;commutes_with;paulie;0.6561575999949127
16;12000;commutes_with;paulie;0.6555379570054356
17;12000;commutes_with;paulie;0.656261578988051
18;12000;commutes_with;paulie;0.6564139940019231
19;12000;commutes_with;paulie;0.6560398690053262
20;12000;commutes_with;paulie;0.8191633840033319
21;12000;commutes_with;paulie;0.6572238120133989
22;12000;commutes_with;paulie;0.7004617229977157
23;12000;commutes_with;paulie;0.6680009539995808
24;12000;commutes_with;paulie;0.6561551030026749
25;12000;commutes_with;paulie;0.6683512479939964
26;12000;commutes_with;paulie;0.6573588400206063
27;12000;commutes_with;paulie;0.6563793840177823
28;12000;commutes_with;paulie;0.6572894340206403
29;12000;commutes_with;paulie;0.6714775740110781
30;12000;commutes_with;paulie;0.6572129800042603
31;12000;commutes_with;paulie;0.6597770869848318
32;12000;commutes_with;paulie;0.6560410170059185
33;12000;commutes_with;paulie;0.6557368179783225
34;12000;commutes_with;paulie;0.6559198809845839
35;12000;commutes_with;paulie;0.65586639198591
36;12000;commutes_with;paulie;0.6559026049799286
37;12000;commutes_with;paulie;0.6579256690165494
38;12000;commutes_with;paulie;0.6552257189759985
39;12000;commutes_with;paulie;0.6558553109935019
40;12000;commutes_with;paulie;0.6568198350141756
41;12000;commutes_with;paulie;0.6554384790069889
42;12000;commutes_with;paulie;0.6559987300133798
43;12000;commutes_with;paulie;0.6573887529957574
44;12000;commutes_with;paulie;0.655849904025672
45;12000;commutes_with;paulie;0.6565663470246363
46;12000;commutes_with;paulie;0.6559140019817278
47;12000;commutes_with;paulie;0.6563801580050495
48;12000;commutes_with;paulie;0.6561889939766843
49;12000;commutes_with;paulie;0.6556026109901723
50;12000;commutes_with;paulie;0.656324699986726
51;12000;commutes_with;paulie;0.656798478012206
52;12000;commutes_with;paulie;0.6578466469945852
53;12000;commutes_with;paulie;0.6625301220046822
54;12000;commutes_with;paulie;0.6566103400255088
55;12000;commutes_with;paulie;0.6561348320101388
56;12000;commutes_with;paulie;0.6563804960169364
57;12000;commutes_with;paulie;0.6564413570158649
58;12000;commutes_with;paulie;0.6566125829995144
59;12000;commutes_with;paulie;0.6558242320024874
60;12000;commutes_with;paulie;0.6571990590018686
61;12000;commutes_with;paulie;0.6568862230051309
62;12000;commutes_with;paulie;0.6566164739779197
63;12000;commutes_with;paulie;0.704577133001294
64;12000;commutes_with;paulie;0.6560501719941385
65;12000;commutes_with;paulie;0.6567076459759846
66;12000;commutes_with;paulie;0.6565953239914961
67;12000;commutes_with;paulie;0.657222390989773
68;12000;commutes_with;paulie;0.6569593730091583
69;12000;commutes_with;paulie;0.6584605690150056
70;12000;commutes_with;paulie;0.6566259649989661
71;12000;commutes_with;paulie;0.6573255610128399
72;12000;commutes_with;paulie;0.6688232749875169
73;12000;commutes_with;paulie;0.6566425430064555
74;12000;commutes_with;paulie;0.6569871010142379
75;12000;commutes_with;paulie;0.6578299179964233
76;12000;commutes_with;paulie;0.6582891739963088
77;12000;commutes_with;paulie;0.6554897019814234
78;12000;commutes_with;paulie;0.6564139649854042
79;12000;commutes_with;paulie;0.6681085849995725
80;12000;commutes_with;paulie;0.6551616330107208
81;12000;commutes_with;paulie;1.0782213729980867
82;12000;commutes_with;paulie;0.6803222079761326
83;12000;commutes_with;paulie;0.6558708139928058
84;12000;commutes_with;paulie;0.65577170799952
85;12000;commutes_with;paulie;0.6546897899825126
86;12000;commutes_with;paulie;0.6628736469720025
87;12000;commutes_with;paulie;0.6564041810052004
88;12000;commutes_with;paulie;0.6561092030024156
89;12000;commutes_with;paulie;0.6559079859871417
90;12000;commutes_with;paulie;0.6982372620259412
91;12000;commutes_with;paulie;0.6558161379944067
92;12000;commutes_with;paulie;0.7223067150043789
93;12000;commutes_with;paulie;0.6564427819976117
94;12000;commutes_with;paulie;0.6550572760170326
95;12000;commutes_with;paulie;0.6553375060029794
96;12000;commutes_with;paulie;1.0922884159954265
97;12000;commutes_with;paulie;0.6803417159826495
98;12000;commutes_with;paulie;0.6559466899780091
99;12000;commutes_with;paulie;0.6860607270209584
100;12000;commutes_with;paulie;0.6563429090019781
1;10;commutes_with;pauliarray;2.5105096899787895
2;10;commutes_with;pauliarray;2.522574120986974
3;10;commutes_with;pauliarray;2.5284296050085686
4;10;commutes_with;pauliarray;2.5457647829898633
5;10;commutes_with;pauliarray;2.5180011829943396
6;10;commutes_with;pauliarray;2.5241832270112354
7;10;commutes_with;pauliarray;2.5273191039741505
8;10;commutes_with;pauliarray;2.5240941810188815
9;10;commutes_with;pauliarray;2.52820265799528
10;10;commutes_with;pauliarray;2.5171668480033986
11;10;commutes_with;pauliarray;2.5141763300052844
12;10;commutes_with;pauliarray;2.5249409069947433
13;10;commutes_with;pauliarray;2.5321484050073195
14;10;commutes_with;pauliarray;2.5324667310051154
15;10;commutes_with;pauliarray;2.5181039279850665
16;10;commutes_with;pauliarray;2.521703569975216
17;10;commutes_with;pauliarray;3.2088696740102023
18;10;commutes_with;pauliarray;2.516884743992705
19;10;commutes_with;pauliarray;2.5326119149976876
20;10;commutes_with;pauliarray;3.7492728719953448
21;10;commutes_with;pauliarray;2.5283030299760867
22;10;commutes_with;pauliarray;2.5269330889859702
23;10;commutes_with;pauliarray;2.516786713997135
24;10;commutes_with;pauliarray;2.5198103539878502
25;10;commutes_with;pauliarray;2.5168529769871384
26;10;commutes_with;pauliarray;2.518877049005823
27;10;commutes_with;pauliarray;2.538940084981732
28;10;commutes_with;pauliarray;2.7554432949982584
29;10;commutes_with;pauliarray;2.5149746040115133
30;10;commutes_with;pauliarray;2.522068209014833
31;10;commutes_with;pauliarray;2.5296954659861512
32;10;commutes_with;pauliarray;2.5388723189826123
33;10;commutes_with;pauliarray;2.5235674590221606
34;10;commutes_with;pauliarray;2.519779638008913
35;10;commutes_with;pauliarray;2.5161440090159886
36;10;commutes_with;pauliarray;2.545005505991867
37;10;commutes_with;pauliarray;2.5176320640021004
38;10;commutes_with;pauliarray;2.53073895900161
39;10;commutes_with;pauliarray;2.515627507993486
40;10;commutes_with;pauliarray;2.516481634986121
41;10;commutes_with;pauliarray;2.5146814920008183
42;10;commutes_with;pauliarray;2.525569663004717
43;10;commutes_with;pauliarray;5.783450281975092
44;10;commutes_with;pauliarray;2.5783742720086593
45;10;commutes_with;pauliarray;2.579880361998221
46;10;commutes_with;pauliarray;2.5651013670139946
47;10;commutes_with;pauliarray;2.5275693239818793
48;10;commutes_with;pauliarray;2.5275280460191425
49;10;commutes_with;pauliarray;2.5388747900142334
50;10;commutes_with;pauliarray;2.5291843120066915
51;10;commutes_with;pauliarray;2.519568779011024
52;10;commutes_with;pauliarray;2.6228511199878994
53;10;commutes_with;pauliarray;2.522251906018937
54;10;commutes_with;pauliarray;2.5254863270092756
55;10;commutes_with;pauliarray;2.53686183100217
56;10;commutes_with;pauliarray;2.5282032039831392
57;10;commutes_with;pauliarray;2.523854194005253
58;10;commutes_with;pauliarray;2.5259328999964055
59;10;commutes_with;pauliarray;2.5247265090001747
60;10;commutes_with;pauliarray;2.5293432300095446
61;10;commutes_with;pauliarray;2.7197313380020205
62;10;commutes_with;pauliarray;2.5327878879907075
63;10;commutes_with;pauliarray;2.52089895500103
64;10;commutes_with;pauliarray;2.5293407699791715
65;10;commutes_with;pauliarray;2.5306601420161314
66;10;commutes_with;pauliarray;2.532178786001168
67;10;commutes_with;pauliarray;2.5431241310143378
68;10;commutes_with;pauliarray;2.5883430280082393
69;10;commutes_with;pauliarray;2.5190770880144555
70;10;commutes_with;pauliarray;2.5251361260015983
71;10;commutes_with;pauliarray;2.5409783279756084
72;10;commutes_with;pauliarray;2.5363470230076928
73;10;commutes_with;pauliarray;2.5694902669929434
74;10;commutes_with;pauliarray;2.540735552989645
75;10;commutes_with;pauliarray;2.5292119669902604
76;10;commutes_with;pauliarray;2.5266269970161375
77;10;commutes_with;pauliarray;2.5490657780028414
78;10;commutes_with;pauliarray;2.52589034702396
79;10;commutes_with;pauliarray;2.523893359990325
80;10;commutes_with;pauliarray;2.520371802005684
81;10;commutes_with;pauliarray;2.5188218650000636
82;10;commutes_with;pauliarray;2.5229700909985695
83;10;commutes_with;pauliarray;2.544202759017935
84;10;commutes_with;pauliarray;2.521322331012925
85;10;commutes_with;pauliarray;2.5208089090010617
86;10;commutes_with;pauliarray;2.529479638003977
87;10;commutes_with;pauliarray;2.5259239459992386
88;10;commutes_with;pauliarray;2.519696022995049
89;10;commutes_with;pauliarray;2.617200923006749
90;10;commutes_with;pauliarray;2.5443637190037407
91;10;commutes_with;pauliarray;6.702374401997076
92;10;commutes_with;pauliarray;2.518111802986823
93;10;commutes_with;pauliarray;2.5209758519777097
94;10;commutes_with;pauliarray;2.561811273015337
95;10;commutes_with;pauliarray;2.5157459460024256
96;10;commutes_with;pauliarray;3.055384341016179
97;10;commutes_with;pauliarray;2.516484997991938
98;10;commutes_with;pauliarray;2.518877184978919
99;10;commutes_with;pauliarray;2.518621625000378
100;10;commutes_with;pauliarray;2.529781057004584
1;100;commutes_with;pauliarray;2.563069935014937
2;100;commutes_with;pauliarray;2.568640521989437
3;100;commutes_with;pauliarray;2.5659470859973226
4;100;commutes_with;pauliarray;2.571632682986092
5;100;commutes_with;pauliarray;2.5579275180061813
6;100;commutes_with;pauliarray;2.5857114210084546
7;100;commutes_with;pauliarray;2.5805757439811714
8;100;commutes_with;pauliarray;2.5681228110042866
9;100;commutes_with;pauliarray;2.568527322000591
10;100;commutes_with;pauliarray;2.5779459059995133
11;100;commutes_with;pauliarray;2.5753984859911725
12;100;commutes_with;pauliarray;2.5829293970018625
13;100;commutes_with;pauliarray;3.0612385120184626
14;100;commutes_with;pauliarray;2.563361017004354
15;100;commutes_with;pauliarray;2.564344501995947
16;100;commutes_with;pauliarray;2.5692030059872195
17;100;commutes_with;pauliarray;2.5675004459917545
18;100;commutes_with;pauliarray;2.5708090359985363
19;100;commutes_with;pauliarray;2.577747356001055
20;100;commutes_with;pauliarray;2.5730190009926446
21;100;commutes_with;pauliarray;2.5644020100007765
22;100;commutes_with;pauliarray;2.5657918239885475
23;100;commutes_with;pauliarray;2.564019637007732
24;100;commutes_with;pauliarray;2.5667652470001485
25;100;commutes_with;pauliarray;2.5535181640007067
26;100;commutes_with;pauliarray;2.5853649339987896
27;100;commutes_with;pauliarray;2.566064106009435
28;100;commutes_with;pauliarray;2.562766201008344
29;100;commutes_with;pauliarray;2.5615367620193865
30;100;commutes_with;pauliarray;2.550486546999309
31;100;commutes_with;pauliarray;2.58878632899723
32;100;commutes_with;pauliarray;2.569774907984538
33;100;commutes_with;pauliarray;2.5850001540093217
34;100;commutes_with;pauliarray;2.5710660580080003
35;100;commutes_with;pauliarray;2.572374914016109
36;100;commutes_with;pauliarray;2.5796112770040054
37;100;commutes_with;pauliarray;2.5767224630108103
38;100;commutes_with;pauliarray;3.7874172639858443
39;100;commutes_with;pauliarray;2.5809276179934386
40;100;commutes_with;pauliarray;2.5642008949944284
41;100;commutes_with;pauliarray;2.5731584560126066
42;100;commutes_with;pauliarray;2.5746784429939
43;100;commutes_with;pauliarray;2.568977864983026
44;100;commutes_with;pauliarray;2.6163523229770362
45;100;commutes_with;pauliarray;2.5607855530106463
46;100;commutes_with;pauliarray;2.5758619970001746
47;100;commutes_with;pauliarray;2.5762108310009353
48;100;commutes_with;pauliarray;3.36728061400936
49;100;commutes_with;pauliarray;2.56591197400121
50;100;commutes_with;pauliarray;2.5677868839993607
51;100;commutes_with;pauliarray;2.5709885570104234
52;100;commutes_with;pauliarray;2.5799182759947143
53;100;commutes_with;pauliarray;2.555737721006153
54;100;commutes_with;pauliarray;2.572638081997866
55;100;commutes_with;pauliarray;2.567891044978751
56;100;commutes_with;pauliarray;2.5765478530083783
57;100;commutes_with;pauliarray;2.5707423349958844
58;100;commutes_with;pauliarray;2.638596035016235
59;100;commutes_with;pauliarray;2.5800720659899525
60;100;commutes_with;pauliarray;2.575715303013567
61;100;commutes_with;pauliarray;2.571838223026134
62;100;commutes_with;pauliarray;2.611716255021747
63;100;commutes_with;pauliarray;2.5857739970088005
64;100;commutes_with;pauliarray;2.6093933130032383
65;100;commutes_with;pauliarray;2.58253548599896
66;100;commutes_with;pauliarray;2.5770761219901033
67;100;commutes_with;pauliarray;2.572074409981724
68;100;commutes_with;pauliarray;2.5743935120117385
69;100;commutes_with;pauliarray;2.599484570004279
70;100;commutes_with;pauliarray;2.5668885850172956
71;100;commutes_with;pauliarray;2.5810378580063116
72;100;commutes_with;pauliarray;2.5750556210114155
73;100;commutes_with;pauliarray;2.5903232500131708
74;100;commutes_with;pauliarray;2.583538205974037
75;100;commutes_with;pauliarray;2.5647849870147184
76;100;commutes_with;pauliarray;2.5854991440137383
77;100;commutes_with;pauliarray;2.5728671349934302
78;100;commutes_with;pauliarray;2.5762253050052095
79;100;commutes_with;pauliarray;2.5842047710029874
80;100;commutes_with;pauliarray;4.407342473015888
81;100;commutes_with;pauliarray;2.57825737199164
82;100;commutes_with;pauliarray;2.563336570019601
83;100;commutes_with;pauliarray;2.5697566180024296
84;100;commutes_with;pauliarray;2.5769805159943644
85;100;commutes_with;pauliarray;2.5711191349837463
86;100;commutes_with;pauliarray;2.5695914340030868
87;100;commutes_with;pauliarray;2.5649688559933566
88;100;commutes_with;pauliarray;2.572338819009019
89;100;commutes_with;pauliarray;2.5526569279900286
90;100;commutes_with;pauliarray;2.5824588170216884
91;100;commutes_with;pauliarray;6.813712491013575
92;100;commutes_with;pauliarray;2.574750954983756
93;100;commutes_with;pauliarray;2.5550263830227777
94;100;commutes_with;pauliarray;2.6115616710158065
95;100;commutes_with;pauliarray;2.5770175679936074
96;100;commutes_with;pauliarray;2.5641077019972727
97;100;commutes_with;pauliarray;2.5703554459905718
98;100;commutes_with;pauliarray;2.5573672509926837
99;100;commutes_with;pauliarray;2.5615600120218005
100;100;commutes_with;pauliarray;2.595591935008997
1;1000;commutes_with;pauliarray;3.1891690859920345
2;1000;commutes_with;pauliarray;3.232206063985359
3;1000;commutes_with;pauliarray;3.2279394490178674
4;1000;commutes_with;pauliarray;3.248975342983613
5;1000;commutes_with;pauliarray;3.216327686997829
6;1000;commutes_with;pauliarray;3.2381534219894093
7;1000;commutes_with;pauliarray;3.2795120650262106
8;1000;commutes_with;pauliarray;3.276559472986264
9;1000;commutes_with;pauliarray;3.245229474006919
10;1000;commutes_with;pauliarray;3.213578046008479
11;1000;commutes_with;pauliarray;3.2345537030196283
12;1000;commutes_with;pauliarray;3.330385862995172
13;1000;commutes_with;pauliarray;3.238212772994302
14;1000;commutes_with;pauliarray;3.2479390899825376
15;1000;commutes_with;pauliarray;3.2286154209868982
16;1000;commutes_with;pauliarray;3.2284882990061305
17;1000;commutes_with;pauliarray;3.360021958971629
18;1000;commutes_with;pauliarray;3.225255830999231
19;1000;commutes_with;pauliarray;3.2468686400097795
20;1000;commutes_with;pauliarray;3.2721593210007995
21;1000;commutes_with;pauliarray;3.2650396570097655
22;1000;commutes_with;pauliarray;3.2585275689780246
23;1000;commutes_with;pauliarray;3.2318913899944164
24;1000;commutes_with;pauliarray;3.238025971018942
25;1000;commutes_with;pauliarray;3.263044252002146
26;1000;commutes_with;pauliarray;3.2741175749979448
27;1000;commutes_with;pauliarray;3.251563468016684
28;1000;commutes_with;pauliarray;3.2322534550039563
29;1000;commutes_with;pauliarray;3.2454340350232087
30;1000;commutes_with;pauliarray;3.2289349990023766
31;1000;commutes_with;pauliarray;3.329342198994709
32;1000;commutes_with;pauliarray;3.229638535005506
33;1000;commutes_with;pauliarray;3.2228738220001105
34;1000;commutes_with;pauliarray;3.2279714310134295
35;1000;commutes_with;pauliarray;3.213350175996311
36;1000;commutes_with;pauliarray;3.2507000759942457
37;1000;commutes_with;pauliarray;3.3632420049980283
38;1000;commutes_with;pauliarray;8.395415206003236
39;1000;commutes_with;pauliarray;3.2270680429937784
40;1000;commutes_with;pauliarray;3.2329771840013564
41;1000;commutes_with;pauliarray;3.2387001600000076
42;1000;commutes_with;pauliarray;3.240811354975449
43;1000;commutes_with;pauliarray;3.265279854997061
44;1000;commutes_with;pauliarray;3.226235142996302
45;1000;commutes_with;pauliarray;3.2149996089865454
46;1000;commutes_with;pauliarray;3.219739106018096
47;1000;commutes_with;pauliarray;3.2333124309952836
48;1000;commutes_with;pauliarray;3.2344039689924102
49;1000;commutes_with;pauliarray;3.2617734560044482
50;1000;commutes_with;pauliarray;3.2624836369941477
51;1000;commutes_with;pauliarray;3.2234976360050496
52;1000;commutes_with;pauliarray;3.2431392519793008
53;1000;commutes_with;pauliarray;3.2578681540035177
54;1000;commutes_with;pauliarray;3.228421428008005
55;1000;commutes_with;pauliarray;3.234277240000665
56;1000;commutes_with;pauliarray;3.285076989996014
57;1000;commutes_with;pauliarray;3.2713066959986463
58;1000;commutes_with;pauliarray;3.267272638011491
59;1000;commutes_with;pauliarray;3.2416630790103227
60;1000;commutes_with;pauliarray;3.2341872619872447
61;1000;commutes_with;pauliarray;3.260486729006516
62;1000;commutes_with;pauliarray;3.2809740289812908
63;1000;commutes_with;pauliarray;3.2281335100124124
64;1000;commutes_with;pauliarray;3.2405884740001056
65;1000;commutes_with;pauliarray;3.3555058579950128
66;1000;commutes_with;pauliarray;3.278043479018379
67;1000;commutes_with;pauliarray;3.256181787000969
68;1000;commutes_with;pauliarray;3.2332514329755213
69;1000;commutes_with;pauliarray;3.2474619839922525
70;1000;commutes_with;pauliarray;3.228388376010116
71;1000;commutes_with;pauliarray;3.2570198100002017
72;1000;commutes_with;pauliarray;3.2574037949962076
73;1000;commutes_with;pauliarray;3.2368541159958113
74;1000;commutes_with;pauliarray;3.2541196510137524
75;1000;commutes_with;pauliarray;3.2963461769977584
76;1000;commutes_with;pauliarray;3.245536882983288
77;1000;commutes_with;pauliarray;3.2560458460066
78;1000;commutes_with;pauliarray;3.222028837975813
79;1000;commutes_with;pauliarray;3.2398522100120317
80;1000;commutes_with;pauliarray;3.2410006769932806
81;1000;commutes_with;pauliarray;3.229908011009684
82;1000;commutes_with;pauliarray;3.25425792101305
83;1000;commutes_with;pauliarray;3.2343004680005834
84;1000;commutes_with;pauliarray;3.246550927986391
85;1000;commutes_with;pauliarray;3.2165889909956604
86;1000;commutes_with;pauliarray;3.230637154978467
87;1000;commutes_with;pauliarray;3.227447735000169
88;1000;commutes_with;pauliarray;3.2297203979978804
89;1000;commutes_with;pauliarray;3.238015909999376
90;1000;commutes_with;pauliarray;3.261404954973841
91;1000;commutes_with;pauliarray;8.429566619015532
92;1000;commutes_with;pauliarray;3.2528810260118917
93;1000;commutes_with;pauliarray;3.2251448479946703
94;1000;commutes_with;pauliarray;3.2415718820120674
95;1000;commutes_with;pauliarray;3.2977004739805125
96;1000;commutes_with;pauliarray;3.2383728330023587
97;1000;commutes_with;pauliarray;3.2540619730134495
98;1000;commutes_with;pauliarray;3.2711037539993413
99;1000;commutes_with;pauliarray;3.237178240000503
100;1000;commutes_with;pauliarray;3.241944723005872
1;3000;commutes_with;pauliarray;4.046539775998099
2;3000;commutes_with;pauliarray;4.120980744017288
3;3000;commutes_with;pauliarray;4.10321462500724
4;3000;commutes_with;pauliarray;4.0953913439880125
5;3000;commutes_with;pauliarray;4.099327966978308
6;3000;commutes_with;pauliarray;4.093400740996003
7;3000;commutes_with;pauliarray;4.119235285004834
8;3000;commutes_with;pauliarray;4.112531721999403
9;3000;commutes_with;pauliarray;4.109478908008896
10;3000;commutes_with;pauliarray;4.099702045001322
11;3000;commutes_with;pauliarray;4.1092073320178315
12;3000;commutes_with;pauliarray;4.108086012012791
13;3000;commutes_with;pauliarray;4.121923187980428
14;3000;commutes_with;pauliarray;4.099095776997274
15;3000;commutes_with;pauliarray;4.101506570994388
16;3000;commutes_with;pauliarray;4.098586397012696
17;3000;commutes_with;pauliarray;4.281741826009238
18;3000;commutes_with;pauliarray;4.110822804999771
19;3000;commutes_with;pauliarray;4.100204362010118
20;3000;commutes_with;pauliarray;4.099150602007285
21;3000;commutes_with;pauliarray;4.126638636982534
22;3000;commutes_with;pauliarray;3.9801944349892437
23;3000;commutes_with;pauliarray;4.114412180002546
24;3000;commutes_with;pauliarray;4.10902621501009
25;3000;commutes_with;pauliarray;4.116536730987718
26;3000;commutes_with;pauliarray;4.107080610003322
27;3000;commutes_with;pauliarray;4.114152643975103
28;3000;commutes_with;pauliarray;4.101834232016699
29;3000;commutes_with;pauliarray;4.100486520997947
30;3000;commutes_with;pauliarray;4.1120335570012685
31;3000;commutes_with;pauliarray;4.095012837991817
32;3000;commutes_with;pauliarray;3.969331147003686
33;3000;commutes_with;pauliarray;4.088665663992288
34;3000;commutes_with;pauliarray;4.109415355982492
35;3000;commutes_with;pauliarray;4.096784566005226
36;3000;commutes_with;pauliarray;4.107025382021675
37;3000;commutes_with;pauliarray;7.769021361978957
38;3000;commutes_with;pauliarray;9.796161667007254
39;3000;commutes_with;pauliarray;4.105864237004425
40;3000;commutes_with;pauliarray;3.973769039992476
41;3000;commutes_with;pauliarray;4.118480006000027
42;3000;commutes_with;pauliarray;4.105433165997965
43;3000;commutes_with;pauliarray;4.097078418999445
44;3000;commutes_with;pauliarray;4.102203980990453
45;3000;commutes_with;pauliarray;3.9679546160041355
46;3000;commutes_with;pauliarray;3.967513768991921
47;3000;commutes_with;pauliarray;4.1181029889849015
48;3000;commutes_with;pauliarray;4.106207025004551
49;3000;commutes_with;pauliarray;4.096912831009831
50;3000;commutes_with;pauliarray;3.9759158240049146
51;3000;commutes_with;pauliarray;3.9807882189925294
52;3000;commutes_with;pauliarray;4.129363963002106
53;3000;commutes_with;pauliarray;4.10739901199122
54;3000;commutes_with;pauliarray;4.114018062013201
55;3000;commutes_with;pauliarray;4.117915918002836
56;3000;commutes_with;pauliarray;4.111398297012784
57;3000;commutes_with;pauliarray;3.977306810003938
58;3000;commutes_with;pauliarray;4.114298292988678
59;3000;commutes_with;pauliarray;4.118903063004836
60;3000;commutes_with;pauliarray;3.9914392820210196
61;3000;commutes_with;pauliarray;4.1182070179784205
62;3000;commutes_with;pauliarray;3.996006079018116
63;3000;commutes_with;pauliarray;3.9806546889885794
64;3000;commutes_with;pauliarray;3.9879536279768217
65;3000;commutes_with;pauliarray;4.1106996680027805
66;3000;commutes_with;pauliarray;4.002320439991308
67;3000;commutes_with;pauliarray;3.981106699007796
68;3000;commutes_with;pauliarray;3.979873639997095
69;3000;commutes_with;pauliarray;4.097725422005169
70;3000;commutes_with;pauliarray;4.008978471014416
71;3000;commutes_with;pauliarray;3.973479964013677
72;3000;commutes_with;pauliarray;4.170743369002594
73;3000;commutes_with;pauliarray;4.1136573999829125
74;3000;commutes_with;pauliarray;4.112390431022504
75;3000;commutes_with;pauliarray;4.007883006008342
76;3000;commutes_with;pauliarray;3.986367147997953
77;3000;commutes_with;pauliarray;4.100250811985461
78;3000;commutes_with;pauliarray;3.9791891669738106
79;3000;commutes_with;pauliarray;4.011790627002483
80;3000;commutes_with;pauliarray;3.975563192012487
81;3000;commutes_with;pauliarray;4.129811263002921
82;3000;commutes_with;pauliarray;4.091910087998258
83;3000;commutes_with;pauliarray;3.995016372005921
84;3000;commutes_with;pauliarray;3.972126198990736
85;3000;commutes_with;pauliarray;3.99777330600773
86;3000;commutes_with;pauliarray;4.105705279012909
87;3000;commutes_with;pauliarray;3.981695005990332
88;3000;commutes_with;pauliarray;4.104269786999794
89;3000;commutes_with;pauliarray;3.9875819820153993
90;3000;commutes_with;pauliarray;3.9711175760021433
91;3000;commutes_with;pauliarray;9.722617544000968
92;3000;commutes_with;pauliarray;3.9607694919977803
93;3000;commutes_with;pauliarray;3.9791374710039236
94;3000;commutes_with;pauliarray;3.984271915978752
95;3000;commutes_with;pauliarray;7.786239522014512
96;3000;commutes_with;pauliarray;3.972747204010375
97;3000;commutes_with;pauliarray;3.974725412001135
98;3000;commutes_with;pauliarray;3.9871154260181356
99;3000;commutes_with;pauliarray;4.101461450976785
100;3000;commutes_with;pauliarray;4.132327762985369
1;6000;commutes_with;pauliarray;5.206566117994953
2;6000;commutes_with;pauliarray;5.753879265976138
3;6000;commutes_with;pauliarray;5.484726516995579
4;6000;commutes_with;pauliarray;5.483546227012994
5;6000;commutes_with;pauliarray;5.508738434000406
6;6000;commutes_with;pauliarray;5.517920393001987
7;6000;commutes_with;pauliarray;5.509468366013607
8;6000;commutes_with;pauliarray;5.485416971001541
9;6000;commutes_with;pauliarray;5.498993869987316
10;6000;commutes_with;pauliarray;5.495762742008083
11;6000;commutes_with;pauliarray;5.503760198014788
12;6000;commutes_with;pauliarray;5.484966374991927
13;6000;commutes_with;pauliarray;5.4986056679917965
14;6000;commutes_with;pauliarray;5.477707318990724
15;6000;commutes_with;pauliarray;5.48643621901283
16;6000;commutes_with;pauliarray;5.493516554997768
17;6000;commutes_with;pauliarray;5.5162505010084715
18;6000;commutes_with;pauliarray;5.503133404999971
19;6000;commutes_with;pauliarray;5.485101755999494
20;6000;commutes_with;pauliarray;5.48072428299929
21;6000;commutes_with;pauliarray;5.544046808994608
22;6000;commutes_with;pauliarray;5.50775424099993
23;6000;commutes_with;pauliarray;5.509571155009326
24;6000;commutes_with;pauliarray;5.494609987013973
25;6000;commutes_with;pauliarray;5.507590877008624
26;6000;commutes_with;pauliarray;5.509882276994176
27;6000;commutes_with;pauliarray;5.490190659009386
28;6000;commutes_with;pauliarray;5.515190398989944
29;6000;commutes_with;pauliarray;5.526717575005023
30;6000;commutes_with;pauliarray;5.480260160984471
31;6000;commutes_with;pauliarray;5.5229918739933055
32;6000;commutes_with;pauliarray;5.492720212991117
33;6000;commutes_with;pauliarray;5.523783256008755
34;6000;commutes_with;pauliarray;5.502243727009045
35;6000;commutes_with;pauliarray;5.487839231005637
36;6000;commutes_with;pauliarray;5.473982432013145
37;6000;commutes_with;pauliarray;6.813805418001721
38;6000;commutes_with;pauliarray;11.739491598011227
39;6000;commutes_with;pauliarray;5.504838936001761
40;6000;commutes_with;pauliarray;5.683236654003849
41;6000;commutes_with;pauliarray;5.501334051019512
42;6000;commutes_with;pauliarray;5.49078059301246
43;6000;commutes_with;pauliarray;5.4871940549928695
44;6000;commutes_with;pauliarray;6.048731432994828
45;6000;commutes_with;pauliarray;5.490313354006503
46;6000;commutes_with;pauliarray;5.515349160996266
47;6000;commutes_with;pauliarray;5.4949227789766155
48;6000;commutes_with;pauliarray;5.621922413993161
49;6000;commutes_with;pauliarray;5.563406494999072
50;6000;commutes_with;pauliarray;5.4901615109993145
51;6000;commutes_with;pauliarray;5.513249775976874
52;6000;commutes_with;pauliarray;5.541700323985424
53;6000;commutes_with;pauliarray;5.486495118995663
54;6000;commutes_with;pauliarray;5.511234456003876
55;6000;commutes_with;pauliarray;5.496842563996324
56;6000;commutes_with;pauliarray;5.484501027996885
57;6000;commutes_with;pauliarray;5.492005712003447
58;6000;commutes_with;pauliarray;5.723423145973356
59;6000;commutes_with;pauliarray;5.52848216201528
60;6000;commutes_with;pauliarray;5.611724162998144
61;6000;commutes_with;pauliarray;5.514303536008811
62;6000;commutes_with;pauliarray;5.506905563001055
63;6000;commutes_with;pauliarray;5.505394486011937
64;6000;commutes_with;pauliarray;5.525666652014479
65;6000;commutes_with;pauliarray;5.513339547003852
66;6000;commutes_with;pauliarray;5.501387214026181
67;6000;commutes_with;pauliarray;5.542518593982095
68;6000;commutes_with;pauliarray;5.713191332004499
69;6000;commutes_with;pauliarray;5.519657016004203
70;6000;commutes_with;pauliarray;5.501739614002872
71;6000;commutes_with;pauliarray;5.4915364969929215
72;6000;commutes_with;pauliarray;5.518480380997062
73;6000;commutes_with;pauliarray;5.663984446000541
74;6000;commutes_with;pauliarray;5.556579336000141
75;6000;commutes_with;pauliarray;5.523170136002591
76;6000;commutes_with;pauliarray;5.499301589006791
77;6000;commutes_with;pauliarray;5.507618745992659
78;6000;commutes_with;pauliarray;5.5391201289894525
79;6000;commutes_with;pauliarray;5.505633373977616
80;6000;commutes_with;pauliarray;5.532725791999837
81;6000;commutes_with;pauliarray;5.511682126991218
82;6000;commutes_with;pauliarray;5.675510955014033
83;6000;commutes_with;pauliarray;5.479734934982844
84;6000;commutes_with;pauliarray;5.525369587994646
85;6000;commutes_with;pauliarray;5.505334515997674
86;6000;commutes_with;pauliarray;5.637572695006384
87;6000;commutes_with;pauliarray;5.530030849011382
88;6000;commutes_with;pauliarray;5.519554653001251
89;6000;commutes_with;pauliarray;5.497212394984672
90;6000;commutes_with;pauliarray;5.508136966993334
91;6000;commutes_with;pauliarray;11.693660986988107
92;6000;commutes_with;pauliarray;5.513087575003738
93;6000;commutes_with;pauliarray;5.486428846983472
94;6000;commutes_with;pauliarray;5.483577348000836
95;6000;commutes_with;pauliarray;9.981244060996687
96;6000;commutes_with;pauliarray;5.549174140003743
97;6000;commutes_with;pauliarray;7.729803427995648
98;6000;commutes_with;pauliarray;5.738180802989518
99;6000;commutes_with;pauliarray;6.4680473130138125
100;6000;commutes_with;pauliarray;5.864173332985956
1;8000;commutes_with;pauliarray;6.462628984998446
2;8000;commutes_with;pauliarray;5.964588736009318
3;8000;commutes_with;pauliarray;6.167192899010843
4;8000;commutes_with;pauliarray;6.008656051009893
5;8000;commutes_with;pauliarray;5.945939372002613
6;8000;commutes_with;pauliarray;5.948550025001168
7;8000;commutes_with;pauliarray;5.968880928005092
8;8000;commutes_with;pauliarray;6.428853349003475
9;8000;commutes_with;pauliarray;5.935887875006301
10;8000;commutes_with;pauliarray;5.951842762005981
11;8000;commutes_with;pauliarray;5.9780558140191715
12;8000;commutes_with;pauliarray;5.932332576019689
13;8000;commutes_with;pauliarray;7.058939217997249
14;8000;commutes_with;pauliarray;6.4467006149934605
15;8000;commutes_with;pauliarray;5.949863219022518
16;8000;commutes_with;pauliarray;5.986731161014177
17;8000;commutes_with;pauliarray;6.4574149470136035
18;8000;commutes_with;pauliarray;6.022445137001341
19;8000;commutes_with;pauliarray;6.0999352379876655
20;8000;commutes_with;pauliarray;6.013144474010915
21;8000;commutes_with;pauliarray;6.221921457996359
22;8000;commutes_with;pauliarray;5.941550998017192
23;8000;commutes_with;pauliarray;6.0776342670142185
24;8000;commutes_with;pauliarray;9.179127087991219
25;8000;commutes_with;pauliarray;6.01933924498735
26;8000;commutes_with;pauliarray;5.969900071999291
27;8000;commutes_with;pauliarray;5.993784452002728
28;8000;commutes_with;pauliarray;6.461816449998878
29;8000;commutes_with;pauliarray;6.452509594993899
30;8000;commutes_with;pauliarray;6.005360715003917
31;8000;commutes_with;pauliarray;5.968116260977695
32;8000;commutes_with;pauliarray;5.94645242599654
33;8000;commutes_with;pauliarray;5.966166447993601
34;8000;commutes_with;pauliarray;6.013452465005685
35;8000;commutes_with;pauliarray;5.954328470019391
36;8000;commutes_with;pauliarray;5.982648088014685
37;8000;commutes_with;pauliarray;6.45321169498493
38;8000;commutes_with;pauliarray;6.928353749011876
39;8000;commutes_with;pauliarray;6.450016496994067
40;8000;commutes_with;pauliarray;6.468683471990516
41;8000;commutes_with;pauliarray;5.959984205983346
42;8000;commutes_with;pauliarray;6.086716230987804
43;8000;commutes_with;pauliarray;5.951440561999334
44;8000;commutes_with;pauliarray;5.983939042984275
45;8000;commutes_with;pauliarray;5.946224079991225
46;8000;commutes_with;pauliarray;5.977027545974124
47;8000;commutes_with;pauliarray;5.938893223006744
48;8000;commutes_with;pauliarray;6.045282897015568
49;8000;commutes_with;pauliarray;6.472787750011776
50;8000;commutes_with;pauliarray;5.962255820981227
51;8000;commutes_with;pauliarray;6.510298403009074
52;8000;commutes_with;pauliarray;6.051011711009778
53;8000;commutes_with;pauliarray;8.004786709003383
54;8000;commutes_with;pauliarray;5.986914498993428
55;8000;commutes_with;pauliarray;6.45925921498565
56;8000;commutes_with;pauliarray;5.942866008990677
57;8000;commutes_with;pauliarray;5.93443486301112
58;8000;commutes_with;pauliarray;6.466011878976133
59;8000;commutes_with;pauliarray;5.983257698011585
60;8000;commutes_with;pauliarray;6.4571806360036135
61;8000;commutes_with;pauliarray;5.957874974992592
62;8000;commutes_with;pauliarray;5.939451889978955
63;8000;commutes_with;pauliarray;5.958336797019001
64;8000;commutes_with;pauliarray;5.976355841004988
65;8000;commutes_with;pauliarray;5.974781033000909
66;8000;commutes_with;pauliarray;5.960996773996158
67;8000;commutes_with;pauliarray;6.51072426099563
68;8000;commutes_with;pauliarray;5.953596295003081
69;8000;commutes_with;pauliarray;5.975633433001349
70;8000;commutes_with;pauliarray;5.966669566987548
71;8000;commutes_with;pauliarray;5.998114260000875
72;8000;commutes_with;pauliarray;6.940298564004479
73;8000;commutes_with;pauliarray;6.469669990998227
74;8000;commutes_with;pauliarray;6.528800458996557
75;8000;commutes_with;pauliarray;5.99181398699875
76;8000;commutes_with;pauliarray;5.9576567000185605
77;8000;commutes_with;pauliarray;5.954582971025957
78;8000;commutes_with;pauliarray;5.9599618509819265
79;8000;commutes_with;pauliarray;6.105036498978734
80;8000;commutes_with;pauliarray;5.976970263000112
81;8000;commutes_with;pauliarray;6.0257327999861445
82;8000;commutes_with;pauliarray;6.44813287598663
83;8000;commutes_with;pauliarray;6.4265271939802915
84;8000;commutes_with;pauliarray;5.972403655003291
85;8000;commutes_with;pauliarray;6.4685684090072755
86;8000;commutes_with;pauliarray;5.945883474982111
87;8000;commutes_with;pauliarray;5.953395819000434
88;8000;commutes_with;pauliarray;5.966825912997592
89;8000;commutes_with;pauliarray;6.4657597779878415
90;8000;commutes_with;pauliarray;7.871378075971734
91;8000;commutes_with;pauliarray;12.96208814298734
92;8000;commutes_with;pauliarray;6.0103062959969975
93;8000;commutes_with;pauliarray;6.447916079981951
94;8000;commutes_with;pauliarray;5.93889087298885
95;8000;commutes_with;pauliarray;5.9363523079955485
96;8000;commutes_with;pauliarray;6.013163224008167
97;8000;commutes_with;pauliarray;5.965578425995773
98;8000;commutes_with;pauliarray;6.017140825977549
99;8000;commutes_with;pauliarray;6.464202336006565
100;8000;commutes_with;pauliarray;6.027694313990651
1;10000;commutes_with;pauliarray;6.863979610992828
2;10000;commutes_with;pauliarray;7.470402850012761
3;10000;commutes_with;pauliarray;6.901140903006308
4;10000;commutes_with;pauliarray;6.855067569005769
5;10000;commutes_with;pauliarray;6.885030464996817
6;10000;commutes_with;pauliarray;6.893887469981564
7;10000;commutes_with;pauliarray;6.89545767600066
8;10000;commutes_with;pauliarray;7.200244595005643
9;10000;commutes_with;pauliarray;6.82548556898837
10;10000;commutes_with;pauliarray;6.812003853992792
11;10000;commutes_with;pauliarray;6.856745324010262
12;10000;commutes_with;pauliarray;6.830675228993641
13;10000;commutes_with;pauliarray;6.9483401410107035
14;10000;commutes_with;pauliarray;7.462811303004855
15;10000;commutes_with;pauliarray;7.430068991001463
16;10000;commutes_with;pauliarray;6.8282086700201035
17;10000;commutes_with;pauliarray;6.879848824988585
18;10000;commutes_with;pauliarray;6.862182267999742
19;10000;commutes_with;pauliarray;8.046190963010304
20;10000;commutes_with;pauliarray;7.4677467579895165
21;10000;commutes_with;pauliarray;6.845100774982711
22;10000;commutes_with;pauliarray;6.916263301012805
23;10000;commutes_with;pauliarray;6.905057474999921
24;10000;commutes_with;pauliarray;6.81665004597744
25;10000;commutes_with;pauliarray;6.916545956977643
26;10000;commutes_with;pauliarray;6.879316209000535
27;10000;commutes_with;pauliarray;6.852979399001924
28;10000;commutes_with;pauliarray;6.9264139059814624
29;10000;commutes_with;pauliarray;6.909598314989125
30;10000;commutes_with;pauliarray;6.908265651989495
31;10000;commutes_with;pauliarray;6.822095859999536
32;10000;commutes_with;pauliarray;6.835597371013137
33;10000;commutes_with;pauliarray;6.853688978997525
34;10000;commutes_with;pauliarray;7.633512027998222
35;10000;commutes_with;pauliarray;6.890680007985793
36;10000;commutes_with;pauliarray;6.846406808996107
37;10000;commutes_with;pauliarray;6.8752999150019605
38;10000;commutes_with;pauliarray;7.437758918007603
39;10000;commutes_with;pauliarray;6.9951194250024855
40;10000;commutes_with;pauliarray;7.433139633008977
41;10000;commutes_with;pauliarray;7.441759206994902
42;10000;commutes_with;pauliarray;7.446689067000989
43;10000;commutes_with;pauliarray;6.8894760480034165
44;10000;commutes_with;pauliarray;7.456614667986287
45;10000;commutes_with;pauliarray;6.873518789012451
46;10000;commutes_with;pauliarray;6.901837177982088
47;10000;commutes_with;pauliarray;7.698998706997372
48;10000;commutes_with;pauliarray;6.909350039000856
49;10000;commutes_with;pauliarray;6.892330459988443
50;10000;commutes_with;pauliarray;6.84694429099909
51;10000;commutes_with;pauliarray;7.453045755013591
52;10000;commutes_with;pauliarray;6.9062672249856405
53;10000;commutes_with;pauliarray;6.84226741999737
54;10000;commutes_with;pauliarray;7.149356884998269
55;10000;commutes_with;pauliarray;6.9490212370001245
56;10000;commutes_with;pauliarray;6.8529018640110735
57;10000;commutes_with;pauliarray;6.871560847008368
58;10000;commutes_with;pauliarray;7.458992844010936
59;10000;commutes_with;pauliarray;7.466384076018585
60;10000;commutes_with;pauliarray;6.858567828981904
61;10000;commutes_with;pauliarray;6.99053353999625
62;10000;commutes_with;pauliarray;7.46660024402081
63;10000;commutes_with;pauliarray;6.90077707299497
64;10000;commutes_with;pauliarray;6.826257784006884
65;10000;commutes_with;pauliarray;6.905333459988469
66;10000;commutes_with;pauliarray;6.882015601993771
67;10000;commutes_with;pauliarray;6.99600887298584
68;10000;commutes_with;pauliarray;6.902539031987544
69;10000;commutes_with;pauliarray;6.850796395010548
70;10000;commutes_with;pauliarray;6.928460658004042
71;10000;commutes_with;pauliarray;7.28548918600427
72;10000;commutes_with;pauliarray;6.879615571000613
73;10000;commutes_with;pauliarray;6.918449885008158
74;10000;commutes_with;pauliarray;6.86353473100462
75;10000;commutes_with;pauliarray;6.875505720992805
76;10000;commutes_with;pauliarray;6.921533929009456
77;10000;commutes_with;pauliarray;6.833272826013854
78;10000;commutes_with;pauliarray;6.893119112006389
79;10000;commutes_with;pauliarray;7.447128303989302
80;10000;commutes_with;pauliarray;7.467927303019678
81;10000;commutes_with;pauliarray;9.634229506977135
82;10000;commutes_with;pauliarray;6.844874472008087
83;10000;commutes_with;pauliarray;6.874221434001811
84;10000;commutes_with;pauliarray;6.810151219979161
85;10000;commutes_with;pauliarray;6.858534550003242
86;10000;commutes_with;pauliarray;6.854563041008078
87;10000;commutes_with;pauliarray;6.831802935979795
88;10000;commutes_with;pauliarray;6.863275216019247
89;10000;commutes_with;pauliarray;6.885842026997125
90;10000;commutes_with;pauliarray;7.017171892977785
91;10000;commutes_with;pauliarray;9.654383115994278
92;10000;commutes_with;pauliarray;6.869428898993647
93;10000;commutes_with;pauliarray;6.8712277809972875
94;10000;commutes_with;pauliarray;6.861601354001323
95;10000;commutes_with;pauliarray;7.455946035013767
96;10000;commutes_with;pauliarray;13.13246336800512
97;10000;commutes_with;pauliarray;8.23973693800508
98;10000;commutes_with;pauliarray;6.823088433971861
99;10000;commutes_with;pauliarray;6.875914512987947
100;10000;commutes_with;pauliarray;6.838909832993522
1;12000;commutes_with;pauliarray;7.660817133000819
2;12000;commutes_with;pauliarray;8.443730981001863
3;12000;commutes_with;pauliarray;7.695631907001371
4;12000;commutes_with;pauliarray;7.71501086599892
5;12000;commutes_with;pauliarray;8.458243870001752
6;12000;commutes_with;pauliarray;8.398761159012793
7;12000;commutes_with;pauliarray;7.685938619979424
8;12000;commutes_with;pauliarray;7.725749728997471
9;12000;commutes_with;pauliarray;7.694779405981535
10;12000;commutes_with;pauliarray;7.661658992990851
11;12000;commutes_with;pauliarray;7.7327146930038
12;12000;commutes_with;pauliarray;8.398055692989146
13;12000;commutes_with;pauliarray;8.433862656995188
14;12000;commutes_with;pauliarray;7.685266949993093
15;12000;commutes_with;pauliarray;8.430144796991954
16;12000;commutes_with;pauliarray;7.65783488098532
17;12000;commutes_with;pauliarray;7.709576527005993
18;12000;commutes_with;pauliarray;7.746864763990743
19;12000;commutes_with;pauliarray;7.88625244400464
20;12000;commutes_with;pauliarray;7.69893813499948
21;12000;commutes_with;pauliarray;8.423503006022656
22;12000;commutes_with;pauliarray;7.7369810469972435
23;12000;commutes_with;pauliarray;8.41090830200119
24;12000;commutes_with;pauliarray;7.716560378990835
25;12000;commutes_with;pauliarray;7.69226064599934
26;12000;commutes_with;pauliarray;7.680640028993366
27;12000;commutes_with;pauliarray;7.831129019992659
28;12000;commutes_with;pauliarray;7.7312685460201465
29;12000;commutes_with;pauliarray;7.64726820398937
30;12000;commutes_with;pauliarray;7.76799488501274
31;12000;commutes_with;pauliarray;7.7238844010280445
32;12000;commutes_with;pauliarray;8.418809146998683
33;12000;commutes_with;pauliarray;8.431202166015282
34;12000;commutes_with;pauliarray;7.655248301976826
35;12000;commutes_with;pauliarray;8.390939823002554
36;12000;commutes_with;pauliarray;7.655688372004079
37;12000;commutes_with;pauliarray;7.671837438014336
38;12000;commutes_with;pauliarray;7.677474263007753
39;12000;commutes_with;pauliarray;8.379441502998816
40;12000;commutes_with;pauliarray;7.655742622999242
41;12000;commutes_with;pauliarray;7.661551372992108
42;12000;commutes_with;pauliarray;7.680536162981298
43;12000;commutes_with;pauliarray;8.619122825009981
44;12000;commutes_with;pauliarray;7.648782280011801
45;12000;commutes_with;pauliarray;7.735623663989827
46;12000;commutes_with;pauliarray;7.728993955999613
47;12000;commutes_with;pauliarray;7.717188484995859
48;12000;commutes_with;pauliarray;8.40633163700113
49;12000;commutes_with;pauliarray;7.687892872985685
50;12000;commutes_with;pauliarray;7.763999310001964
51;12000;commutes_with;pauliarray;8.41301258598105
52;12000;commutes_with;pauliarray;8.396357575024012
53;12000;commutes_with;pauliarray;9.303371469024569
54;12000;commutes_with;pauliarray;8.410905288998038
55;12000;commutes_with;pauliarray;7.733454878994962
56;12000;commutes_with;pauliarray;8.445107078994624
57;12000;commutes_with;pauliarray;8.427537515992299
58;12000;commutes_with;pauliarray;7.708467217016732
59;12000;commutes_with;pauliarray;7.685039081989089
60;12000;commutes_with;pauliarray;8.391615422005998
61;12000;commutes_with;pauliarray;7.831850398011738
62;12000;commutes_with;pauliarray;7.763551973999711
63;12000;commutes_with;pauliarray;7.714300182007719
64;12000;commutes_with;pauliarray;7.673746646003565
65;12000;commutes_with;pauliarray;7.676843972003553
66;12000;commutes_with;pauliarray;8.808193926000968
67;12000;commutes_with;pauliarray;7.688489863008726
68;12000;commutes_with;pauliarray;7.687218672974268
69;12000;commutes_with;pauliarray;7.686543886986328
70;12000;commutes_with;pauliarray;7.67998026200803
71;12000;commutes_with;pauliarray;8.428640016005374
72;12000;commutes_with;pauliarray;8.25012249100837
73;12000;commutes_with;pauliarray;7.685387204983272
74;12000;commutes_with;pauliarray;7.7383441849960946
75;12000;commutes_with;pauliarray;7.6909162620140705
76;12000;commutes_with;pauliarray;8.441119716997491
77;12000;commutes_with;pauliarray;7.673205823986791
78;12000;commutes_with;pauliarray;7.736299443989992
79;12000;commutes_with;pauliarray;7.654124091990525
80;12000;commutes_with;pauliarray;8.453465097001754
81;12000;commutes_with;pauliarray;8.592448831012007
82;12000;commutes_with;pauliarray;8.413989244989352
83;12000;commutes_with;pauliarray;7.698870660999091
84;12000;commutes_with;pauliarray;7.669807829981437
85;12000;commutes_with;pauliarray;7.774317673000041
86;12000;commutes_with;pauliarray;7.678961597994203
87;12000;commutes_with;pauliarray;7.6961530380067416
88;12000;commutes_with;pauliarray;7.664582514000358
89;12000;commutes_with;pauliarray;7.6561350419942755
90;12000;commutes_with;pauliarray;7.690845392004121
91;12000;commutes_with;pauliarray;8.060662906005746
92;12000;commutes_with;pauliarray;7.6793565599946305
93;12000;commutes_with;pauliarray;8.453397253993899
94;12000;commutes_with;pauliarray;7.724782061995938
95;12000;commutes_with;pauliarray;7.685507446993142
96;12000;commutes_with;pauliarray;8.56751849601278
97;12000;commutes_with;pauliarray;7.702888191008242
98;12000;commutes_with;pauliarray;7.687850410002284
99;12000;commutes_with;pauliarray;7.699554292019457
100;12000;commutes_with;pauliarray;7.6690366819966584
1;10;multiply;stim;0.27415092900628224
2;10;multiply;stim;0.27154485500068404
3;10;multiply;stim;0.27469136798754334
4;10;multiply;stim;0.2717043689917773
5;10;multiply;stim;0.2719704440096393
6;10;multiply;stim;0.2734039170027245
7;10;multiply;stim;0.27545476498198695
8;10;multiply;stim;0.27325145198847167
9;10;multiply;stim;0.26585418099421076
10;10;multiply;stim;0.270783845015103
11;10;multiply;stim;0.27118931701988913
12;10;multiply;stim;0.27740477299084887
13;10;multiply;stim;0.2718623179825954
14;10;multiply;stim;0.27833057299721986
15;10;multiply;stim;0.27276668697595596
16;10;multiply;stim;0.27197999600321054
17;10;multiply;stim;0.26528475401573814
18;10;multiply;stim;0.27307715301867574
19;10;multiply;stim;0.2750770019774791
20;10;multiply;stim;0.27179521598736756
21;10;multiply;stim;0.26584639798966236
22;10;multiply;stim;0.2735791599843651
23;10;multiply;stim;0.2652772540168371
24;10;multiply;stim;0.26508961801300757
25;10;multiply;stim;0.2791975559957791
26;10;multiply;stim;0.2667832169972826
27;10;multiply;stim;0.26529185599065386
28;10;multiply;stim;0.27366428400273435
29;10;multiply;stim;0.2703458649921231
30;10;multiply;stim;0.2758744450111408
31;10;multiply;stim;0.2716003189852927
32;10;multiply;stim;0.27251228998648
33;10;multiply;stim;0.2770554339804221
34;10;multiply;stim;0.27252140099881217
35;10;multiply;stim;0.277410949987825
36;10;multiply;stim;0.2755571370071266
37;10;multiply;stim;0.3045205440139398
38;10;multiply;stim;0.2751123599882703
39;10;multiply;stim;0.2711653450096492
40;10;multiply;stim;0.269466919999104
41;10;multiply;stim;0.2747954149963334
42;10;multiply;stim;0.27235965902218595
43;10;multiply;stim;0.26609304902376607
44;10;multiply;stim;0.2651456009771209
45;10;multiply;stim;0.26492067700019106
46;10;multiply;stim;0.2699411509966012
47;10;multiply;stim;0.2717907059995923
48;10;multiply;stim;0.26649605901911855
49;10;multiply;stim;0.2705279329966288
50;10;multiply;stim;0.2708245719841216
51;10;multiply;stim;0.26400790200568736
52;10;multiply;stim;0.26280743602546863
53;10;multiply;stim;0.27181719697546214
54;10;multiply;stim;0.27207676402758807
55;10;multiply;stim;0.27832494699396193
56;10;multiply;stim;0.2705532619729638
57;10;multiply;stim;0.27978140101186
58;10;multiply;stim;0.2645143309782725
59;10;multiply;stim;0.2660922580107581
60;10;multiply;stim;0.27330660799634643
61;10;multiply;stim;0.27142892801202834
62;10;multiply;stim;0.27652969799237326
63;10;multiply;stim;0.2646437799849082
64;10;multiply;stim;0.27526625999598764
65;10;multiply;stim;0.2731008999980986
66;10;multiply;stim;0.2739263779949397
67;10;multiply;stim;0.27497441199375317
68;10;multiply;stim;0.27146276499843225
69;10;multiply;stim;0.2726331459998619
70;10;multiply;stim;0.2661478969966993
71;10;multiply;stim;0.27204382297350094
72;10;multiply;stim;0.2653909959772136
73;10;multiply;stim;0.27378677399246953
74;10;multiply;stim;0.26439307298278436
75;10;multiply;stim;0.27297289500711486
76;10;multiply;stim;0.2644881829910446
77;10;multiply;stim;0.27088828998967074
78;10;multiply;stim;0.2719220180006232
79;10;multiply;stim;0.2734101800015196
80;10;multiply;stim;0.2759404109965544
81;10;multiply;stim;0.2722069479932543
82;10;multiply;stim;0.2727358750125859
83;10;multiply;stim;0.2650682640087325
84;10;multiply;stim;0.27279332699254155
85;10;multiply;stim;0.27000366197898984
86;10;multiply;stim;0.26464289700379595
87;10;multiply;stim;0.2658828310086392
88;10;multiply;stim;0.2683128220087383
89;10;multiply;stim;0.26934028399409726
90;10;multiply;stim;0.2725905529805459
91;10;multiply;stim;0.7444701289932709
92;10;multiply;stim;0.27296005698735826
93;10;multiply;stim;0.27367897098883986
94;10;multiply;stim;0.27568800799781457
95;10;multiply;stim;0.26483255601488054
96;10;multiply;stim;0.2740978189976886
97;10;multiply;stim;0.27910180197795853
98;10;multiply;stim;0.27885197999421507
99;10;multiply;stim;0.2730257190123666
100;10;multiply;stim;0.2736504390195478
1;100;multiply;stim;0.26768634299514815
2;100;multiply;stim;0.27696627398836426
3;100;multiply;stim;0.26318133997847326
4;100;multiply;stim;0.2767308480106294
5;100;multiply;stim;0.27251819099183194
6;100;multiply;stim;0.27209933497942984
7;100;multiply;stim;0.2726818589726463
8;100;multiply;stim;0.2713610850041732
9;100;multiply;stim;0.2767978369956836
10;100;multiply;stim;0.27040103101171553
11;100;multiply;stim;0.27039471600437537
12;100;multiply;stim;0.2712542839872185
13;100;multiply;stim;0.2726935710234102
14;100;multiply;stim;0.2649088880280033
15;100;multiply;stim;0.27088992201606743
16;100;multiply;stim;0.27805709501262754
17;100;multiply;stim;0.2723253659787588
18;100;multiply;stim;0.2661486910074018
19;100;multiply;stim;0.2682381389895454
20;100;multiply;stim;0.2722671329975128
21;100;multiply;stim;0.275833198975306
22;100;multiply;stim;0.2660999519866891
23;100;multiply;stim;0.27205654900171794
24;100;multiply;stim;0.27080231899162754
25;100;multiply;stim;0.2653792279888876
26;100;multiply;stim;0.26361125899711624
27;100;multiply;stim;0.2759151440113783
28;100;multiply;stim;0.27259356502327137
29;100;multiply;stim;0.27170737300184555
30;100;multiply;stim;0.2702429679920897
31;100;multiply;stim;0.2702267589920666
32;100;multiply;stim;0.26426282900501974
33;100;multiply;stim;0.2716821209760383
34;100;multiply;stim;0.2717779570084531
35;100;multiply;stim;0.2659578639722895
36;100;multiply;stim;0.2669151720183436
37;100;multiply;stim;0.27020933097810484
38;100;multiply;stim;0.2636390730040148
39;100;multiply;stim;0.2637615179992281
40;100;multiply;stim;0.2708935480040964
41;100;multiply;stim;0.2771686259948183
42;100;multiply;stim;0.26568016601959243
43;100;multiply;stim;0.2651787350187078
44;100;multiply;stim;0.2637114420067519
45;100;multiply;stim;0.2697915819881018
46;100;multiply;stim;0.27724815098918043
47;100;multiply;stim;0.2709118109778501
48;100;multiply;stim;0.2765482529939618
49;100;multiply;stim;0.2710883129911963
50;100;multiply;stim;0.2764182510145474
51;100;multiply;stim;0.27615776198217645
52;100;multiply;stim;0.2647709450102411
53;100;multiply;stim;0.2639591439801734
54;100;multiply;stim;0.2735602509928867
55;100;multiply;stim;0.2757983780174982
56;100;multiply;stim;0.2736879510048311
57;100;multiply;stim;0.2727901350008324
58;100;multiply;stim;0.2649303349899128
59;100;multiply;stim;0.274780906009255
60;100;multiply;stim;0.27053393999813125
61;100;multiply;stim;0.27231775800464675
62;100;multiply;stim;0.26384908400359564
63;100;multiply;stim;0.2726298680063337
64;100;multiply;stim;0.27148541499627754
65;100;multiply;stim;0.28003332699881867
66;100;multiply;stim;0.27286521199857816
67;100;multiply;stim;0.26443812300567515
68;100;multiply;stim;0.2654481700155884
69;100;multiply;stim;0.26460105599835515
70;100;multiply;stim;0.27367825599503703
71;100;multiply;stim;0.2724537110188976
72;100;multiply;stim;0.26790665701264516
73;100;multiply;stim;0.2736053650151007
74;100;multiply;stim;0.27161385098588653
75;100;multiply;stim;0.265212646976579
76;100;multiply;stim;0.2771305490168743
77;100;multiply;stim;0.2663320479914546
78;100;multiply;stim;0.2788580489868764
79;100;multiply;stim;0.2720587079820689
80;100;multiply;stim;0.27096774301026016
81;100;multiply;stim;0.26604013598989695
82;100;multiply;stim;0.2645531260059215
83;100;multiply;stim;0.2643464939901605
84;100;multiply;stim;0.27317054400919005
85;100;multiply;stim;0.2714425149897579
86;100;multiply;stim;0.2735839520173613
87;100;multiply;stim;0.2709542969823815
88;100;multiply;stim;0.27466425101738423
89;100;multiply;stim;0.2652246009965893
90;100;multiply;stim;0.32498018501792103
91;100;multiply;stim;0.7412278870178852
92;100;multiply;stim;0.2635512010019738
93;100;multiply;stim;0.2638964859943371
94;100;multiply;stim;0.26497165599721484
95;100;multiply;stim;0.27528987801633775
96;100;multiply;stim;0.26555299101164564
97;100;multiply;stim;0.27374413100187667
98;100;multiply;stim;0.2727840849838685
99;100;multiply;stim;0.2702805190056097
100;100;multiply;stim;0.2656502489990089
1;1000;multiply;stim;0.27576451998902485
2;1000;multiply;stim;0.2772795810014941
3;1000;multiply;stim;0.27758623100817204
4;1000;multiply;stim;0.2794802470016293
5;1000;multiply;stim;0.27856570700532757
6;1000;multiply;stim;0.2776492679840885
7;1000;multiply;stim;0.2810877440206241
8;1000;multiply;stim;0.2714007960166782
9;1000;multiply;stim;0.26983089599525556
10;1000;multiply;stim;0.2711772159964312
11;1000;multiply;stim;0.2782512950070668
12;1000;multiply;stim;0.2789426710223779
13;1000;multiply;stim;0.2722875779727474
14;1000;multiply;stim;0.2790283159993123
15;1000;multiply;stim;0.2711080760054756
16;1000;multiply;stim;0.27822864102199674
17;1000;multiply;stim;0.28183740001986735
18;1000;multiply;stim;0.28356574301142246
19;1000;multiply;stim;0.28402629899210297
20;1000;multiply;stim;0.279909406992374
21;1000;multiply;stim;0.2695097610121593
22;1000;multiply;stim;0.2786845949885901
23;1000;multiply;stim;0.2724324149894528
24;1000;multiply;stim;0.27870423599961214
25;1000;multiply;stim;0.2717605590005405
26;1000;multiply;stim;0.276577668992104
27;1000;multiply;stim;0.2795344240148552
28;1000;multiply;stim;0.27267022102023475
29;1000;multiply;stim;0.28205051997792907
30;1000;multiply;stim;0.3210800429806113
31;1000;multiply;stim;0.27228615700732917
32;1000;multiply;stim;0.2852731680031866
33;1000;multiply;stim;0.2775867050222587
34;1000;multiply;stim;0.27586980498745106
35;1000;multiply;stim;0.27923724497668445
36;1000;multiply;stim;0.2718506940000225
37;1000;multiply;stim;0.27082056799554266
38;1000;multiply;stim;0.7344667080033105
39;1000;multiply;stim;0.2710535649966914
40;1000;multiply;stim;0.2797390589839779
41;1000;multiply;stim;0.2804058640031144
42;1000;multiply;stim;0.28302993200486526
43;1000;multiply;stim;0.2783478650089819
44;1000;multiply;stim;0.27051009301794693
45;1000;multiply;stim;0.2713323289935943
46;1000;multiply;stim;0.2811498070077505
47;1000;multiply;stim;0.27961318200686947
48;1000;multiply;stim;0.27752807998331264
49;1000;multiply;stim;0.27590196399251
50;1000;multiply;stim;0.2795287089829799
51;1000;multiply;stim;0.27822998000192456
52;1000;multiply;stim;0.27659652297734283
53;1000;multiply;stim;0.2791943479969632
54;1000;multiply;stim;0.27002792901475914
55;1000;multiply;stim;0.27233877099934034
56;1000;multiply;stim;0.28298024702235125
57;1000;multiply;stim;0.27914583001984283
58;1000;multiply;stim;0.27078287201584317
59;1000;multiply;stim;0.27758963499218225
60;1000;multiply;stim;0.28491625099559315
61;1000;multiply;stim;0.2766561640019063
62;1000;multiply;stim;0.286724397999933
63;1000;multiply;stim;0.27953225901001133
64;1000;multiply;stim;0.28032347798580304
65;1000;multiply;stim;0.27837161600473337
66;1000;multiply;stim;0.277495578979142
67;1000;multiply;stim;0.2852939709846396
68;1000;multiply;stim;0.27230172700365074
69;1000;multiply;stim;0.283535638009198
70;1000;multiply;stim;0.28015720398980193
71;1000;multiply;stim;0.2727213609905448
72;1000;multiply;stim;0.2728934710030444
73;1000;multiply;stim;0.2787997249979526
74;1000;multiply;stim;0.26972109501366504
75;1000;multiply;stim;0.2713993439974729
76;1000;multiply;stim;0.2709535089961719
77;1000;multiply;stim;0.2841608000162523
78;1000;multiply;stim;0.2776748350006528
79;1000;multiply;stim;0.277437896002084
80;1000;multiply;stim;0.4990502609871328
81;1000;multiply;stim;0.28008338101790287
82;1000;multiply;stim;0.2778679809998721
83;1000;multiply;stim;0.2797140140028205
84;1000;multiply;stim;0.2704514810175169
85;1000;multiply;stim;0.27117288700537756
86;1000;multiply;stim;0.26968876700266264
87;1000;multiply;stim;0.27750777700566687
88;1000;multiply;stim;0.2816869800153654
89;1000;multiply;stim;0.27370674500707537
90;1000;multiply;stim;0.27310232797753997
91;1000;multiply;stim;0.7633483129902743
92;1000;multiply;stim;0.2814183470036369
93;1000;multiply;stim;0.2867242280044593
94;1000;multiply;stim;0.27974547998746857
95;1000;multiply;stim;0.272183949011378
96;1000;multiply;stim;0.2831191180157475
97;1000;multiply;stim;0.27006763400277123
98;1000;multiply;stim;0.28468715099734254
99;1000;multiply;stim;0.27000507901539095
100;1000;multiply;stim;0.2779068039963022
1;3000;multiply;stim;0.298660269996617
2;3000;multiply;stim;0.30683399899862707
3;3000;multiply;stim;0.30003278897493146
4;3000;multiply;stim;0.29040865501156077
5;3000;multiply;stim;0.2906310379912611
6;3000;multiply;stim;0.299780200002715
7;3000;multiply;stim;0.29153561498969793
8;3000;multiply;stim;0.3025962150131818
9;3000;multiply;stim;0.2965162920008879
10;3000;multiply;stim;0.3110547850083094
11;3000;multiply;stim;0.30179777697776444
12;3000;multiply;stim;0.30212441500043496
13;3000;multiply;stim;0.3060571709938813
14;3000;multiply;stim;0.2958041920210235
15;3000;multiply;stim;0.29870929499156773
16;3000;multiply;stim;0.2983017550141085
17;3000;multiply;stim;0.4425640440022107
18;3000;multiply;stim;0.30206180101959035
19;3000;multiply;stim;0.29945282998960465
20;3000;multiply;stim;0.29596349300118163
21;3000;multiply;stim;0.2997180520032998
22;3000;multiply;stim;0.3055808689969126
23;3000;multiply;stim;0.2899307379848324
24;3000;multiply;stim;0.29199012799654156
25;3000;multiply;stim;0.2990628509724047
26;3000;multiply;stim;0.2919858630048111
27;3000;multiply;stim;0.29196747700916603
28;3000;multiply;stim;0.29889948599156924
29;3000;multiply;stim;0.2978785909945145
30;3000;multiply;stim;0.30340201800572686
31;3000;multiply;stim;0.3042950170056429
32;3000;multiply;stim;0.3058221119863447
33;3000;multiply;stim;0.2972383380110841
34;3000;multiply;stim;0.2974338200001512
35;3000;multiply;stim;0.29993708699475974
36;3000;multiply;stim;0.29282859299564734
37;3000;multiply;stim;0.2902309429773595
38;3000;multiply;stim;0.8042323669942562
39;3000;multiply;stim;0.2886237280035857
40;3000;multiply;stim;0.2965804960113019
41;3000;multiply;stim;0.3033505250059534
42;3000;multiply;stim;0.2967263599857688
43;3000;multiply;stim;0.2903891919995658
44;3000;multiply;stim;0.2981600979983341
45;3000;multiply;stim;0.29997384501621127
46;3000;multiply;stim;0.29713805799838156
47;3000;multiply;stim;0.2906736659933813
48;3000;multiply;stim;0.29954864698811434
49;3000;multiply;stim;0.2927911780134309
50;3000;multiply;stim;0.3071031870204024
51;3000;multiply;stim;0.3068004169908818
52;3000;multiply;stim;0.30070399900432676
53;3000;multiply;stim;0.3014788989967201
54;3000;multiply;stim;0.3051139629969839
55;3000;multiply;stim;0.2999065369949676
56;3000;multiply;stim;0.2923769360058941
57;3000;multiply;stim;0.29801624300307594
58;3000;multiply;stim;0.29980123598943464
59;3000;multiply;stim;0.29756820999318734
60;3000;multiply;stim;0.293080547999125
61;3000;multiply;stim;0.296844925993355
62;3000;multiply;stim;0.29951251702732407
63;3000;multiply;stim;0.30428065097657964
64;3000;multiply;stim;0.29088657497777604
65;3000;multiply;stim;0.2985753579996526
66;3000;multiply;stim;0.2974590439989697
67;3000;multiply;stim;0.29950361902592704
68;3000;multiply;stim;0.2956620900076814
69;3000;multiply;stim;0.3010378750041127
70;3000;multiply;stim;0.3001747210219037
71;3000;multiply;stim;0.29991773201618344
72;3000;multiply;stim;0.28896163898753
73;3000;multiply;stim;0.2886813349905424
74;3000;multiply;stim;0.29974493000190705
75;3000;multiply;stim;0.29664980198140256
76;3000;multiply;stim;0.2989068570022937
77;3000;multiply;stim;0.3027766599843744
78;3000;multiply;stim;0.2921628120238893
79;3000;multiply;stim;0.30038002401124686
80;3000;multiply;stim;0.29776608297834173
81;3000;multiply;stim;0.29252574799465947
82;3000;multiply;stim;0.2985768789949361
83;3000;multiply;stim;0.29075331101194024
84;3000;multiply;stim;0.3051357050135266
85;3000;multiply;stim;0.30046837200643495
86;3000;multiply;stim;0.29640148900216445
87;3000;multiply;stim;0.2990022720186971
88;3000;multiply;stim;0.30442875099834055
89;3000;multiply;stim;0.2904976530116983
90;3000;multiply;stim;0.29300792200956494
91;3000;multiply;stim;0.7690101789776236
92;3000;multiply;stim;0.2923627769923769
93;3000;multiply;stim;0.3060764370020479
94;3000;multiply;stim;0.29880057999980636
95;3000;multiply;stim;0.3003767789923586
96;3000;multiply;stim;0.2944468350033276
97;3000;multiply;stim;0.2979569809976965
98;3000;multiply;stim;0.2964651490037795
99;3000;multiply;stim;0.31310877698706463
100;3000;multiply;stim;0.29950620199088007
1;6000;multiply;stim;0.3773668030044064
2;6000;multiply;stim;0.32540633200551383
3;6000;multiply;stim;0.31969268998363987
4;6000;multiply;stim;0.3115898949909024
5;6000;multiply;stim;0.3186061079904903
6;6000;multiply;stim;0.31809467199491337
7;6000;multiply;stim;0.32020851600100286
8;6000;multiply;stim;0.3243177500262391
9;6000;multiply;stim;0.31156051898142323
10;6000;multiply;stim;0.3178096259944141
11;6000;multiply;stim;0.31274636401212774
12;6000;multiply;stim;0.31560013099806383
13;6000;multiply;stim;0.3117748970107641
14;6000;multiply;stim;0.3100519709987566
15;6000;multiply;stim;0.3268699999898672
16;6000;multiply;stim;0.3243294210114982
17;6000;multiply;stim;0.31963925500167534
18;6000;multiply;stim;0.30976014499901794
19;6000;multiply;stim;0.3232381950074341
20;6000;multiply;stim;0.318398643983528
21;6000;multiply;stim;0.33073965698713437
22;6000;multiply;stim;0.3221082189993467
23;6000;multiply;stim;0.3172312529932242
24;6000;multiply;stim;0.3192142699845135
25;6000;multiply;stim;0.3115481550048571
26;6000;multiply;stim;0.3230672490026336
27;6000;multiply;stim;0.32415633302298374
28;6000;multiply;stim;0.31229111799621023
29;6000;multiply;stim;0.3181418589956593
30;6000;multiply;stim;0.3118036240048241
31;6000;multiply;stim;0.31933794301585294
32;6000;multiply;stim;0.3185250899987295
33;6000;multiply;stim;0.3191432229941711
34;6000;multiply;stim;0.3192264510144014
35;6000;multiply;stim;0.31151451999903657
36;6000;multiply;stim;0.3191455590131227
37;6000;multiply;stim;0.8128259100194555
38;6000;multiply;stim;0.8176453740161378
39;6000;multiply;stim;0.31619148500612937
40;6000;multiply;stim;0.3230781469901558
41;6000;multiply;stim;0.30907625798135996
42;6000;multiply;stim;0.31026813498465344
43;6000;multiply;stim;0.32421159400837496
44;6000;multiply;stim;0.3135660989792086
45;6000;multiply;stim;0.3098535100289155
46;6000;multiply;stim;0.3180628690170124
47;6000;multiply;stim;0.3155649920227006
48;6000;multiply;stim;0.32105820399010554
49;6000;multiply;stim;0.3099942669796292
50;6000;multiply;stim;0.31795547500951216
51;6000;multiply;stim;0.31901675698463805
52;6000;multiply;stim;0.3220168419939
53;6000;multiply;stim;0.3111979959940072
54;6000;multiply;stim;0.3179608740028925
55;6000;multiply;stim;0.3219147770141717
56;6000;multiply;stim;0.32450911702471785
57;6000;multiply;stim;0.32590128801530227
58;6000;multiply;stim;0.31031054598861374
59;6000;multiply;stim;0.31979555200086907
60;6000;multiply;stim;0.318420766008785
61;6000;multiply;stim;0.31102729600388557
62;6000;multiply;stim;0.31116678498801775
63;6000;multiply;stim;0.3195464619784616
64;6000;multiply;stim;0.3205553609877825
65;6000;multiply;stim;0.3099788329855073
66;6000;multiply;stim;0.32402149500558153
67;6000;multiply;stim;0.32573732099263
68;6000;multiply;stim;0.32150278499466367
69;6000;multiply;stim;0.32435183599591255
70;6000;multiply;stim;0.3126219309924636
71;6000;multiply;stim;0.3225177539861761
72;6000;multiply;stim;0.3104768870107364
73;6000;multiply;stim;0.33090884701232426
74;6000;multiply;stim;0.31864400699851103
75;6000;multiply;stim;0.32509581599151716
76;6000;multiply;stim;0.31884326797444373
77;6000;multiply;stim;0.3159819039865397
78;6000;multiply;stim;0.3180435230024159
79;6000;multiply;stim;0.3100759999942966
80;6000;multiply;stim;0.3210558069986291
81;6000;multiply;stim;0.31198867099010386
82;6000;multiply;stim;0.3111192799988203
83;6000;multiply;stim;0.31776478100800887
84;6000;multiply;stim;0.32617817298159935
85;6000;multiply;stim;0.32641247898573056
86;6000;multiply;stim;0.3173578669957351
87;6000;multiply;stim;0.31930208098492585
88;6000;multiply;stim;0.3115417440130841
89;6000;multiply;stim;0.3122393359954003
90;6000;multiply;stim;0.3111063280084636
91;6000;multiply;stim;0.8241345309943426
92;6000;multiply;stim;0.3112307859992143
93;6000;multiply;stim;0.30962739599635825
94;6000;multiply;stim;0.31126637500710785
95;6000;multiply;stim;0.8048369080061093
96;6000;multiply;stim;0.32166879400028847
97;6000;multiply;stim;0.3204628379899077
98;6000;multiply;stim;0.325028797989944
99;6000;multiply;stim;0.3209358309977688
100;6000;multiply;stim;0.31294015599996783
1;8000;multiply;stim;0.33336744498228654
2;8000;multiply;stim;0.33163659999263473
3;8000;multiply;stim;0.326950790011324
4;8000;multiply;stim;0.3348804950073827
5;8000;multiply;stim;0.33499015399138443
6;8000;multiply;stim;0.3380173180194106
7;8000;multiply;stim;0.38603117401362397
8;8000;multiply;stim;0.32853920801426284
9;8000;multiply;stim;0.33511227200506255
10;8000;multiply;stim;0.3265877900121268
11;8000;multiply;stim;0.3341963319981005
12;8000;multiply;stim;0.3322487229888793
13;8000;multiply;stim;0.32808802599902265
14;8000;multiply;stim;0.3323248559900094
15;8000;multiply;stim;0.32505195602425374
16;8000;multiply;stim;0.32796859001973644
17;8000;multiply;stim;0.3333590609836392
18;8000;multiply;stim;0.3357134920079261
19;8000;multiply;stim;0.33426090798457153
20;8000;multiply;stim;0.3361718180240132
21;8000;multiply;stim;0.33649671499733813
22;8000;multiply;stim;0.3341793209838215
23;8000;multiply;stim;0.33685326302656904
24;8000;multiply;stim;0.3389601710077841
25;8000;multiply;stim;0.3375445439887699
26;8000;multiply;stim;0.3276046169921756
27;8000;multiply;stim;0.33883759399759583
28;8000;multiply;stim;0.33323998597916216
29;8000;multiply;stim;0.33160975499777123
30;8000;multiply;stim;0.33744606099207886
31;8000;multiply;stim;0.3371885640081018
32;8000;multiply;stim;0.3355937320156954
33;8000;multiply;stim;0.327564776991494
34;8000;multiply;stim;0.3292429259745404
35;8000;multiply;stim;0.3348071319924202
36;8000;multiply;stim;0.33223645700491033
37;8000;multiply;stim;0.3375022969848942
38;8000;multiply;stim;0.8480790650064591
39;8000;multiply;stim;0.3253248490218539
40;8000;multiply;stim;0.3240501440013759
41;8000;multiply;stim;0.32825108600081876
42;8000;multiply;stim;0.32332480800687335
43;8000;multiply;stim;0.32640953399823047
44;8000;multiply;stim;0.3260457510186825
45;8000;multiply;stim;0.33113740500994027
46;8000;multiply;stim;0.33382889098720625
47;8000;multiply;stim;0.330331215984188
48;8000;multiply;stim;0.347803031996591
49;8000;multiply;stim;0.4754782200034242
50;8000;multiply;stim;0.32451033499091864
51;8000;multiply;stim;0.3382440260029398
52;8000;multiply;stim;0.326712956011761
53;8000;multiply;stim;0.6012255100067705
54;8000;multiply;stim;0.33970164600759745
55;8000;multiply;stim;0.33665385100175627
56;8000;multiply;stim;0.33192436399986036
57;8000;multiply;stim;0.35712936002528295
58;8000;multiply;stim;0.3293642640055623
59;8000;multiply;stim;0.3271100420097355
60;8000;multiply;stim;0.3324550520046614
61;8000;multiply;stim;0.33807851100573316
62;8000;multiply;stim;0.3275584500224795
63;8000;multiply;stim;0.3395369809877593
64;8000;multiply;stim;0.3338366170064546
65;8000;multiply;stim;0.3261350919783581
66;8000;multiply;stim;0.32913787302095443
67;8000;multiply;stim;0.3416814459778834
68;8000;multiply;stim;0.32881137199001387
69;8000;multiply;stim;0.3334610430174507
70;8000;multiply;stim;0.3413884949986823
71;8000;multiply;stim;0.3294332149962429
72;8000;multiply;stim;0.34941666401573457
73;8000;multiply;stim;0.3377656600205228
74;8000;multiply;stim;0.32412495400058106
75;8000;multiply;stim;0.5233199209906161
76;8000;multiply;stim;0.3397254220035393
77;8000;multiply;stim;0.34019948198692873
78;8000;multiply;stim;0.3301213929953519
79;8000;multiply;stim;0.33278055099071935
80;8000;multiply;stim;0.336234651011182
81;8000;multiply;stim;0.326082208979642
82;8000;multiply;stim;0.33821875500143506
83;8000;multiply;stim;0.3427835390029941
84;8000;multiply;stim;0.32754646698595025
85;8000;multiply;stim;0.32672749398625456
86;8000;multiply;stim;0.32851525000296533
87;8000;multiply;stim;0.33345907198963687
88;8000;multiply;stim;0.3629743240016978
89;8000;multiply;stim;0.3278250509756617
90;8000;multiply;stim;0.3281885639880784
91;8000;multiply;stim;0.8417813130072318
92;8000;multiply;stim;0.33852810101234354
93;8000;multiply;stim;0.3325581440003589
94;8000;multiply;stim;0.33411267399787903
95;8000;multiply;stim;0.33426391100510955
96;8000;multiply;stim;0.3252091580070555
97;8000;multiply;stim;0.32774029101710767
98;8000;multiply;stim;0.3345530889928341
99;8000;multiply;stim;0.3262617670116015
100;8000;multiply;stim;0.3412323020165786
1;10000;multiply;stim;0.40071111801080406
2;10000;multiply;stim;0.4252152119879611
3;10000;multiply;stim;0.44858579299761914
4;10000;multiply;stim;0.4365068319893908
5;10000;multiply;stim;0.4646781730116345
6;10000;multiply;stim;0.4311114999873098
7;10000;multiply;stim;0.4331134399981238
8;10000;multiply;stim;0.4285416839993559
9;10000;multiply;stim;0.4315786509832833
10;10000;multiply;stim;0.42335638400982134
11;10000;multiply;stim;0.42644203698728234
12;10000;multiply;stim;0.4258140470192302
13;10000;multiply;stim;0.4302834059926681
14;10000;multiply;stim;0.4329618999909144
15;10000;multiply;stim;0.4239596280094702
16;10000;multiply;stim;0.4622675970022101
17;10000;multiply;stim;0.42895964698982425
18;10000;multiply;stim;0.474463772989111
19;10000;multiply;stim;0.4670532240124885
20;10000;multiply;stim;0.42163123202044517
21;10000;multiply;stim;0.43323451100150123
22;10000;multiply;stim;0.4225208479911089
23;10000;multiply;stim;0.43153085198719054
24;10000;multiply;stim;0.4247309809725266
25;10000;multiply;stim;0.43124905199510977
26;10000;multiply;stim;0.4266437850019429
27;10000;multiply;stim;0.43115327099803835
28;10000;multiply;stim;0.4231057539873291
29;10000;multiply;stim;0.42247482101083733
30;10000;multiply;stim;0.4631486349971965
31;10000;multiply;stim;0.42932269198354334
32;10000;multiply;stim;0.42909818998305127
33;10000;multiply;stim;0.4304258679912891
34;10000;multiply;stim;0.42772701900685206
35;10000;multiply;stim;0.6410862960037775
36;10000;multiply;stim;0.42884814998251386
37;10000;multiply;stim;0.4479449759819545
38;10000;multiply;stim;0.4262436850112863
39;10000;multiply;stim;0.4278207269962877
40;10000;multiply;stim;0.4279445200227201
41;10000;multiply;stim;0.42696486599743366
42;10000;multiply;stim;0.42720457797986455
43;10000;multiply;stim;0.43142519498360343
44;10000;multiply;stim;0.42471778800245374
45;10000;multiply;stim;0.4331472199992277
46;10000;multiply;stim;0.4286578799947165
47;10000;multiply;stim;0.4317133039876353
48;10000;multiply;stim;0.4247367280186154
49;10000;multiply;stim;0.46408674100530334
50;10000;multiply;stim;0.4307612410048023
51;10000;multiply;stim;0.4291137560212519
52;10000;multiply;stim;0.4271919399907347
53;10000;multiply;stim;0.4267665329971351
54;10000;multiply;stim;0.43471795300138183
55;10000;multiply;stim;0.44692593297804706
56;10000;multiply;stim;0.45089955397997983
57;10000;multiply;stim;0.426790801982861
58;10000;multiply;stim;0.4316545930050779
59;10000;multiply;stim;0.4277992709830869
60;10000;multiply;stim;0.42959320000954904
61;10000;multiply;stim;0.4313990580267273
62;10000;multiply;stim;0.41295924299629405
63;10000;multiply;stim;0.43133079598192126
64;10000;multiply;stim;1.005020735989092
65;10000;multiply;stim;0.4290471910207998
66;10000;multiply;stim;0.4315165930020157
67;10000;multiply;stim;0.43908487298176624
68;10000;multiply;stim;0.4302604569820687
69;10000;multiply;stim;0.4321732670068741
70;10000;multiply;stim;0.43257456400897354
71;10000;multiply;stim;0.42986206599744037
72;10000;multiply;stim;0.42641557299066335
73;10000;multiply;stim;0.43563854598323815
74;10000;multiply;stim;0.4286224069946911
75;10000;multiply;stim;0.43444721499690786
76;10000;multiply;stim;0.43062181799905375
77;10000;multiply;stim;0.42754023999441415
78;10000;multiply;stim;0.48204972001258284
79;10000;multiply;stim;0.4288600870058872
80;10000;multiply;stim;0.431604471988976
81;10000;multiply;stim;0.4234892340027727
82;10000;multiply;stim;0.42329533901647665
83;10000;multiply;stim;0.4277089090028312
84;10000;multiply;stim;0.43234820300131105
85;10000;multiply;stim;0.5346738410007674
86;10000;multiply;stim;0.4265081600169651
87;10000;multiply;stim;0.44125631797942333
88;10000;multiply;stim;0.43353391299024224
89;10000;multiply;stim;0.4274778519757092
90;10000;multiply;stim;0.4284941829973832
91;10000;multiply;stim;1.023964296997292
92;10000;multiply;stim;0.42611659699468873
93;10000;multiply;stim;0.42374735898920335
94;10000;multiply;stim;0.43296311699668877
95;10000;multiply;stim;0.4257288660155609
96;10000;multiply;stim;0.42717183599597774
97;10000;multiply;stim;0.4282031990005635
98;10000;multiply;stim;0.46918727800948545
99;10000;multiply;stim;0.4252568790107034
100;10000;multiply;stim;0.429598207003437
1;12000;multiply;stim;0.44967351597733796
2;12000;multiply;stim;0.4490993079962209
3;12000;multiply;stim;0.4484858129872009
4;12000;multiply;stim;0.44989507499849424
5;12000;multiply;stim;0.4509115170221776
6;12000;multiply;stim;0.45745892700506374
7;12000;multiply;stim;0.448765454988461
8;12000;multiply;stim;0.4486982579983305
9;12000;multiply;stim;0.4573533659859095
10;12000;multiply;stim;0.44966264101094566
11;12000;multiply;stim;0.4525193579902407
12;12000;multiply;stim;0.44816764499410056
13;12000;multiply;stim;0.4517337199940812
14;12000;multiply;stim;0.449300668988144
15;12000;multiply;stim;0.44679826500942
16;12000;multiply;stim;0.451572813995881
17;12000;multiply;stim;0.4512925689923577
18;12000;multiply;stim;0.451492641994264
19;12000;multiply;stim;0.4437771230004728
20;12000;multiply;stim;0.4440131119918078
21;12000;multiply;stim;0.4471880460041575
22;12000;multiply;stim;0.4513875449774787
23;12000;multiply;stim;0.45394369200221263
24;12000;multiply;stim;0.44762414298020303
25;12000;multiply;stim;0.45157030801055953
26;12000;multiply;stim;0.44841965701198205
27;12000;multiply;stim;0.4451465099991765
28;12000;multiply;stim;0.44703192097949795
29;12000;multiply;stim;0.44845688401255757
30;12000;multiply;stim;0.5602128989994526
31;12000;multiply;stim;0.4441164809977636
32;12000;multiply;stim;0.4699665129883215
33;12000;multiply;stim;0.448233748000348
34;12000;multiply;stim;0.43335346001549624
35;12000;multiply;stim;0.4464642080129124
36;12000;multiply;stim;0.4489093759912066
37;12000;multiply;stim;0.4419350529788062
38;12000;multiply;stim;0.47292584998649545
39;12000;multiply;stim;0.5161058400117327
40;12000;multiply;stim;0.44700016698334366
41;12000;multiply;stim;0.449346303998027
42;12000;multiply;stim;0.4471965709817596
43;12000;multiply;stim;0.44399920699652284
44;12000;multiply;stim;0.44442089600488544
45;12000;multiply;stim;0.6556062449817546
46;12000;multiply;stim;0.4826290580094792
47;12000;multiply;stim;0.44352039200020954
48;12000;multiply;stim;0.44728986598784104
49;12000;multiply;stim;0.4531834250083193
50;12000;multiply;stim;0.5414894690038636
51;12000;multiply;stim;0.449600599007681
52;12000;multiply;stim;0.4478630060038995
53;12000;multiply;stim;0.45268332900013775
54;12000;multiply;stim;0.44696396598010324
55;12000;multiply;stim;0.4506262649956625
56;12000;multiply;stim;0.4466227520024404
57;12000;multiply;stim;0.4493186480249278
58;12000;multiply;stim;0.45148120299563743
59;12000;multiply;stim;0.4508971280010883
60;12000;multiply;stim;0.45677407502080314
61;12000;multiply;stim;0.444615704996977
62;12000;multiply;stim;0.5093162000121083
63;12000;multiply;stim;0.4570438649971038
64;12000;multiply;stim;0.44852097900002263
65;12000;multiply;stim;0.4734837990254164
66;12000;multiply;stim;0.4484734899888281
67;12000;multiply;stim;0.4479106319777202
68;12000;multiply;stim;0.45377225801348686
69;12000;multiply;stim;0.4535098969936371
70;12000;multiply;stim;0.4521028279850725
71;12000;multiply;stim;0.44722138400538824
72;12000;multiply;stim;0.4524143559974618
73;12000;multiply;stim;0.4467977400054224
74;12000;multiply;stim;0.4493376000027638
75;12000;multiply;stim;0.4457224310026504
76;12000;multiply;stim;0.44763138200505637
77;12000;multiply;stim;0.4547327049949672
78;12000;multiply;stim;0.6856216400046833
79;12000;multiply;stim;0.4511197789979633
80;12000;multiply;stim;0.450183556007687
81;12000;multiply;stim;1.0638165729760658
82;12000;multiply;stim;0.44668366899713874
83;12000;multiply;stim;0.4582631350203883
84;12000;multiply;stim;0.4494603439816274
85;12000;multiply;stim;0.4508004719973542
86;12000;multiply;stim;0.44868773297639564
87;12000;multiply;stim;0.4482740579987876
88;12000;multiply;stim;0.4492357709968928
89;12000;multiply;stim;0.4517235250095837
90;12000;multiply;stim;0.4460324859828688
91;12000;multiply;stim;0.44542532102786936
92;12000;multiply;stim;0.45787244199891575
93;12000;multiply;stim;0.44835634299670346
94;12000;multiply;stim;0.43429656798252836
95;12000;multiply;stim;0.4463121019944083
96;12000;multiply;stim;1.0763191519945394
97;12000;multiply;stim;0.4446301159914583
98;12000;multiply;stim;0.448649594996823
99;12000;multiply;stim;0.45387855599983595
100;12000;multiply;stim;0.44989141600672156
1;10;multiply;paulie;0.2071768419991713
2;10;multiply;paulie;0.20899237602134235
3;10;multiply;paulie;0.20834238300449215
4;10;multiply;paulie;0.20975403799093328
5;10;multiply;paulie;0.20873662098892964
6;10;multiply;paulie;0.20844061800744385
7;10;multiply;paulie;0.2096650380117353
8;10;multiply;paulie;0.22144227800890803
9;10;multiply;paulie;0.209530485997675
10;10;multiply;paulie;0.21016787699772976
11;10;multiply;paulie;0.20841031600139104
12;10;multiply;paulie;0.21205506401020102
13;10;multiply;paulie;0.207833312015282
14;10;multiply;paulie;0.20887237001443282
15;10;multiply;paulie;0.20859188502072357
16;10;multiply;paulie;0.20858153200242668
17;10;multiply;paulie;0.20991966701694764
18;10;multiply;paulie;0.20861423399765044
19;10;multiply;paulie;0.20955199401942082
20;10;multiply;paulie;0.20891169598326087
21;10;multiply;paulie;0.2106023560045287
22;10;multiply;paulie;0.20832389598945156
23;10;multiply;paulie;0.2090440799947828
24;10;multiply;paulie;0.20893404298112728
25;10;multiply;paulie;0.2083449740021024
26;10;multiply;paulie;0.20903981899027713
27;10;multiply;paulie;0.21069147301022895
28;10;multiply;paulie;0.2095288270211313
29;10;multiply;paulie;0.20940307699493133
30;10;multiply;paulie;0.2079138580011204
31;10;multiply;paulie;0.20848353998735547
32;10;multiply;paulie;0.20865738598513417
33;10;multiply;paulie;0.2084819549927488
34;10;multiply;paulie;0.20852098197792657
35;10;multiply;paulie;0.20871736999833956
36;10;multiply;paulie;0.21626659799949266
37;10;multiply;paulie;0.20949837900116108
38;10;multiply;paulie;0.20829729799879715
39;10;multiply;paulie;0.20848527300404385
40;10;multiply;paulie;0.20983380699180998
41;10;multiply;paulie;0.20900228500249796
42;10;multiply;paulie;0.20954711100785062
43;10;multiply;paulie;0.2095552420068998
44;10;multiply;paulie;0.21402530002524145
45;10;multiply;paulie;0.21012390402029268
46;10;multiply;paulie;0.2078261429851409
47;10;multiply;paulie;0.20782252098433673
48;10;multiply;paulie;0.20835001199156977
49;10;multiply;paulie;0.2082290090038441
50;10;multiply;paulie;0.21016866198624484
51;10;multiply;paulie;0.20866042701527476
52;10;multiply;paulie;0.20990253999480046
53;10;multiply;paulie;0.20863781598745845
54;10;multiply;paulie;0.20191846301895566
55;10;multiply;paulie;0.21053029800532386
56;10;multiply;paulie;0.2095611320110038
57;10;multiply;paulie;0.20881529699545354
58;10;multiply;paulie;0.2088925350108184
59;10;multiply;paulie;0.20890118900570087
60;10;multiply;paulie;0.20968307100702077
61;10;multiply;paulie;0.20977512301760726
62;10;multiply;paulie;0.2100805749942083
63;10;multiply;paulie;0.20938265000586398
64;10;multiply;paulie;0.20948095398489386
65;10;multiply;paulie;0.20847265599877574
66;10;multiply;paulie;0.21489433298120275
67;10;multiply;paulie;0.21475179700064473
68;10;multiply;paulie;0.215457043988863
69;10;multiply;paulie;0.20957786499639042
70;10;multiply;paulie;0.21360644299420528
71;10;multiply;paulie;0.20969969502766617
72;10;multiply;paulie;0.20805931399809197
73;10;multiply;paulie;0.20882915900438093
74;10;multiply;paulie;0.21344012502231635
75;10;multiply;paulie;0.21059927801252343
76;10;multiply;paulie;0.20911900899955072
77;10;multiply;paulie;0.2088161849824246
78;10;multiply;paulie;0.20860159100266173
79;10;multiply;paulie;0.20874516997719184
80;10;multiply;paulie;0.20914677801192738
81;10;multiply;paulie;0.20895777698024176
82;10;multiply;paulie;0.2075690839847084
83;10;multiply;paulie;0.20781011899816804
84;10;multiply;paulie;0.2120479450095445
85;10;multiply;paulie;0.2078655099903699
86;10;multiply;paulie;0.20833222998771816
87;10;multiply;paulie;0.20825633898493834
88;10;multiply;paulie;0.20865631199558266
89;10;multiply;paulie;0.20874665601877496
90;10;multiply;paulie;0.2089395849907305
91;10;multiply;paulie;0.28986990699195303
92;10;multiply;paulie;0.212557225022465
93;10;multiply;paulie;0.20884163401206024
94;10;multiply;paulie;0.20788441598415375
95;10;multiply;paulie;0.20809862899477594
96;10;multiply;paulie;0.20891334398766048
97;10;multiply;paulie;0.20951355900615454
98;10;multiply;paulie;0.20819105597911403
99;10;multiply;paulie;0.20905665500322357
100;10;multiply;paulie;0.2080876780091785
1;100;multiply;paulie;0.20924855201155879
2;100;multiply;paulie;0.20742577500641346
3;100;multiply;paulie;0.2091840890061576
4;100;multiply;paulie;0.2087378569995053
5;100;multiply;paulie;0.20830078699509613
6;100;multiply;paulie;0.20815442097955383
7;100;multiply;paulie;0.2105343519942835
8;100;multiply;paulie;0.20907598399207927
9;100;multiply;paulie;0.21185782601241954
10;100;multiply;paulie;0.210409876977792
11;100;multiply;paulie;0.2091033929900732
12;100;multiply;paulie;0.2095866950112395
13;100;multiply;paulie;0.20943082598387264
14;100;multiply;paulie;0.20837745198514313
15;100;multiply;paulie;0.20868351100943983
16;100;multiply;paulie;0.21001504798186943
17;100;multiply;paulie;0.20879862501169555
18;100;multiply;paulie;0.20923536401824094
19;100;multiply;paulie;0.2090662069967948
20;100;multiply;paulie;0.21218521997798234
21;100;multiply;paulie;0.20998016101657413
22;100;multiply;paulie;0.20938634799676947
23;100;multiply;paulie;0.2081740949943196
24;100;multiply;paulie;0.20767030902788974
25;100;multiply;paulie;0.20872320400667377
26;100;multiply;paulie;0.21040922199608758
27;100;multiply;paulie;0.21378902599099092
28;100;multiply;paulie;0.2090276810049545
29;100;multiply;paulie;0.20969816501019523
30;100;multiply;paulie;0.2083218149782624
31;100;multiply;paulie;0.20768226002110168
32;100;multiply;paulie;0.20994978299131617
33;100;multiply;paulie;0.20817293200525455
34;100;multiply;paulie;0.20840147798298858
35;100;multiply;paulie;0.21042216900968924
36;100;multiply;paulie;0.21278666000580415
37;100;multiply;paulie;0.20922911798697896
38;100;multiply;paulie;0.21472638999694027
39;100;multiply;paulie;0.20943935599643737
40;100;multiply;paulie;0.21610643999883905
41;100;multiply;paulie;0.2085171380022075
42;100;multiply;paulie;0.2103697150014341
43;100;multiply;paulie;0.2092089359939564
44;100;multiply;paulie;0.21008018500288017
45;100;multiply;paulie;0.20858248000149615
46;100;multiply;paulie;0.20815440799924545
47;100;multiply;paulie;0.20853994600474834
48;100;multiply;paulie;0.208554967015516
49;100;multiply;paulie;0.20791675700456835
50;100;multiply;paulie;0.20904282000265084
51;100;multiply;paulie;0.20834780600853264
52;100;multiply;paulie;0.20833503801259212
53;100;multiply;paulie;0.20925407801405527
54;100;multiply;paulie;0.20889414599514566
55;100;multiply;paulie;0.21099188301013783
56;100;multiply;paulie;0.20900842701666988
57;100;multiply;paulie;0.20874756897683255
58;100;multiply;paulie;0.21003703298629262
59;100;multiply;paulie;0.2100128029996995
60;100;multiply;paulie;0.2091801249771379
61;100;multiply;paulie;0.20843470800900832
62;100;multiply;paulie;0.21540983201703057
63;100;multiply;paulie;0.20909655399736948
64;100;multiply;paulie;0.20970976300304756
65;100;multiply;paulie;0.20858758297981694
66;100;multiply;paulie;0.21056626399513334
67;100;multiply;paulie;0.20800700300605968
68;100;multiply;paulie;0.2091571950004436
69;100;multiply;paulie;0.208569117996376
70;100;multiply;paulie;0.2081593979964964
71;100;multiply;paulie;0.20873217299231328
72;100;multiply;paulie;0.21225049198255874
73;100;multiply;paulie;0.20767533700563945
74;100;multiply;paulie;0.20876554201822728
75;100;multiply;paulie;0.21024048698018305
76;100;multiply;paulie;0.21015234300284646
77;100;multiply;paulie;0.2081894610018935
78;100;multiply;paulie;0.20901279000099748
79;100;multiply;paulie;0.2092991060053464
80;100;multiply;paulie;0.20813162499689497
81;100;multiply;paulie;0.20807939898804761
82;100;multiply;paulie;0.20894256900646724
83;100;multiply;paulie;0.20938218699302524
84;100;multiply;paulie;0.21635883100680076
85;100;multiply;paulie;0.2076081819832325
86;100;multiply;paulie;0.20805815397761762
87;100;multiply;paulie;0.20887851499719545
88;100;multiply;paulie;0.20765318602207117
89;100;multiply;paulie;0.2088532199850306
90;100;multiply;paulie;0.27816619697841816
91;100;multiply;paulie;0.2923432069947012
92;100;multiply;paulie;0.20816299700527452
93;100;multiply;paulie;0.2125700059987139
94;100;multiply;paulie;0.21566370301297866
95;100;multiply;paulie;0.21239941200474277
96;100;multiply;paulie;0.20762453298084438
97;100;multiply;paulie;0.20827075897250324
98;100;multiply;paulie;0.2078915650199633
99;100;multiply;paulie;0.20962559201871045
100;100;multiply;paulie;0.20910569300758652
1;1000;multiply;paulie;0.24351073798607104
2;1000;multiply;paulie;0.24198739300481975
3;1000;multiply;paulie;0.24213908999809064
4;1000;multiply;paulie;0.2416299279720988
5;1000;multiply;paulie;0.24224241700721905
6;1000;multiply;paulie;0.24238580698147416
7;1000;multiply;paulie;0.2433543610095512
8;1000;multiply;paulie;0.2424432080006227
9;1000;multiply;paulie;0.24299132599844597
10;1000;multiply;paulie;0.24441988099715672
11;1000;multiply;paulie;0.24379294400569052
12;1000;multiply;paulie;0.24207463499624282
13;1000;multiply;paulie;0.24284652000642382
14;1000;multiply;paulie;0.2436275199870579
15;1000;multiply;paulie;0.24363392597297207
16;1000;multiply;paulie;0.24384039198048413
17;1000;multiply;paulie;0.24175987500348128
18;1000;multiply;paulie;0.24380638299044222
19;1000;multiply;paulie;0.24349381000502035
20;1000;multiply;paulie;0.24389009800506756
21;1000;multiply;paulie;0.2427713289798703
22;1000;multiply;paulie;0.24370890398859046
23;1000;multiply;paulie;0.2433828710054513
24;1000;multiply;paulie;0.24228702299296856
25;1000;multiply;paulie;0.2421100199862849
26;1000;multiply;paulie;0.24263125198194757
27;1000;multiply;paulie;0.24296087000402622
28;1000;multiply;paulie;0.24219471999094822
29;1000;multiply;paulie;0.24664465899695642
30;1000;multiply;paulie;0.24333217699313536
31;1000;multiply;paulie;0.24311463101184927
32;1000;multiply;paulie;0.24189350398955867
33;1000;multiply;paulie;0.24214864600799046
34;1000;multiply;paulie;0.24584571199375205
35;1000;multiply;paulie;0.24251447900314815
36;1000;multiply;paulie;0.24162664299365133
37;1000;multiply;paulie;0.2409039209887851
38;1000;multiply;paulie;0.3338840149808675
39;1000;multiply;paulie;0.24267998299910687
40;1000;multiply;paulie;0.24235715001123026
41;1000;multiply;paulie;0.2415319480060134
42;1000;multiply;paulie;0.24417584799812175
43;1000;multiply;paulie;0.24285723001230508
44;1000;multiply;paulie;0.2403644459845964
45;1000;multiply;paulie;0.2421135000186041
46;1000;multiply;paulie;0.24184234501444735
47;1000;multiply;paulie;0.2421395109849982
48;1000;multiply;paulie;0.24368983702152036
49;1000;multiply;paulie;0.2454493799887132
50;1000;multiply;paulie;0.24143262198776938
51;1000;multiply;paulie;0.244999299000483
52;1000;multiply;paulie;0.24134829701506533
53;1000;multiply;paulie;0.2423386010050308
54;1000;multiply;paulie;0.24335242400411516
55;1000;multiply;paulie;0.24314196297200397
56;1000;multiply;paulie;0.24199642200255767
57;1000;multiply;paulie;0.24219823998282664
58;1000;multiply;paulie;0.24670089498977177
59;1000;multiply;paulie;0.24237213598098606
60;1000;multiply;paulie;0.24278886598767713
61;1000;multiply;paulie;0.24758109700633213
62;1000;multiply;paulie;0.24197916098637506
63;1000;multiply;paulie;0.242967108002631
64;1000;multiply;paulie;0.24407593300566077
65;1000;multiply;paulie;0.24221031100023538
66;1000;multiply;paulie;0.24887438598670997
67;1000;multiply;paulie;0.24222242899122648
68;1000;multiply;paulie;0.24276527200709097
69;1000;multiply;paulie;0.24243279799702577
70;1000;multiply;paulie;0.24271578699699603
71;1000;multiply;paulie;0.24211455701151863
72;1000;multiply;paulie;0.24312604501028545
73;1000;multiply;paulie;0.242565287015168
74;1000;multiply;paulie;0.2434117899974808
75;1000;multiply;paulie;0.2429832440102473
76;1000;multiply;paulie;0.2482657200016547
77;1000;multiply;paulie;0.2422601399885025
78;1000;multiply;paulie;0.24659038099343888
79;1000;multiply;paulie;0.24818484301795252
80;1000;multiply;paulie;0.24811397099983878
81;1000;multiply;paulie;0.24639899301109836
82;1000;multiply;paulie;0.2461452609859407
83;1000;multiply;paulie;0.24228719700477086
84;1000;multiply;paulie;0.24399299497599714
85;1000;multiply;paulie;0.24188430301728658
86;1000;multiply;paulie;0.24212901201099157
87;1000;multiply;paulie;0.24709621199872345
88;1000;multiply;paulie;0.24215166899375618
89;1000;multiply;paulie;0.2436781509895809
90;1000;multiply;paulie;0.24191666400292888
91;1000;multiply;paulie;0.3533264949801378
92;1000;multiply;paulie;0.24269176099915057
93;1000;multiply;paulie;0.24282671601395123
94;1000;multiply;paulie;0.24860290199285373
95;1000;multiply;paulie;0.24256817798595876
96;1000;multiply;paulie;0.24289630202110857
97;1000;multiply;paulie;0.242751629994018
98;1000;multiply;paulie;0.24293304898310453
99;1000;multiply;paulie;0.2419469149899669
100;1000;multiply;paulie;0.2422990619961638
1;3000;multiply;paulie;0.2702975760039408
2;3000;multiply;paulie;0.2720788389851805
3;3000;multiply;paulie;0.2699134279973805
4;3000;multiply;paulie;0.27196872199419886
5;3000;multiply;paulie;0.2692740100028459
6;3000;multiply;paulie;0.28129767600330524
7;3000;multiply;paulie;0.27300880997790955
8;3000;multiply;paulie;0.2723728990240488
9;3000;multiply;paulie;0.2708100199815817
10;3000;multiply;paulie;0.27149022999219596
11;3000;multiply;paulie;0.2715390379889868
12;3000;multiply;paulie;0.27286722301505506
13;3000;multiply;paulie;0.27265286599867977
14;3000;multiply;paulie;0.2717459319974296
15;3000;multiply;paulie;0.2723874470102601
16;3000;multiply;paulie;0.2771848980046343
17;3000;multiply;paulie;0.2718657650111709
18;3000;multiply;paulie;0.27279515701229684
19;3000;multiply;paulie;0.2733045269851573
20;3000;multiply;paulie;0.2746518380008638
21;3000;multiply;paulie;0.2724139540223405
22;3000;multiply;paulie;0.27182787799392827
23;3000;multiply;paulie;0.27070015799836256
24;3000;multiply;paulie;0.27217445301357657
25;3000;multiply;paulie;0.2723190310061909
26;3000;multiply;paulie;0.2734867699909955
27;3000;multiply;paulie;0.271005669987062
28;3000;multiply;paulie;0.2709860429749824
29;3000;multiply;paulie;0.2713827900006436
30;3000;multiply;paulie;0.27290278900181875
31;3000;multiply;paulie;0.27059552597347647
32;3000;multiply;paulie;0.27159829399897717
33;3000;multiply;paulie;0.2754909100185614
34;3000;multiply;paulie;0.2718149129941594
35;3000;multiply;paulie;0.27024092999636196
36;3000;multiply;paulie;0.2703971470182296
37;3000;multiply;paulie;0.2700489179987926
38;3000;multiply;paulie;0.38734347198624164
39;3000;multiply;paulie;0.27430336200632155
40;3000;multiply;paulie;0.26974024600349367
41;3000;multiply;paulie;0.2720759990043007
42;3000;multiply;paulie;0.27425062700058334
43;3000;multiply;paulie;0.270447326998692
44;3000;multiply;paulie;0.2702920909796376
45;3000;multiply;paulie;0.2742099169990979
46;3000;multiply;paulie;0.28332887499709614
47;3000;multiply;paulie;0.27247771399561316
48;3000;multiply;paulie;0.2693994109868072
49;3000;multiply;paulie;0.2739940749888774
50;3000;multiply;paulie;0.2707154109957628
51;3000;multiply;paulie;0.27223425201373175
52;3000;multiply;paulie;0.2694572549953591
53;3000;multiply;paulie;0.27526744100032374
54;3000;multiply;paulie;0.2740308110078331
55;3000;multiply;paulie;0.2702381279959809
56;3000;multiply;paulie;0.27041130798170343
57;3000;multiply;paulie;0.27214608300710097
58;3000;multiply;paulie;0.2689672620035708
59;3000;multiply;paulie;0.27837937002186663
60;3000;multiply;paulie;0.27017551800236106
61;3000;multiply;paulie;0.27094294800190255
62;3000;multiply;paulie;0.2704959420079831
63;3000;multiply;paulie;0.2716461139789317
64;3000;multiply;paulie;0.27534644899424165
65;3000;multiply;paulie;0.27058791898889467
66;3000;multiply;paulie;0.269470826984616
67;3000;multiply;paulie;0.27456334701855667
68;3000;multiply;paulie;0.27545012600603513
69;3000;multiply;paulie;0.2750508300086949
70;3000;multiply;paulie;0.2737539199879393
71;3000;multiply;paulie;0.27163018900319
72;3000;multiply;paulie;0.27263017199584283
73;3000;multiply;paulie;0.27250204200390726
74;3000;multiply;paulie;0.2720257769979071
75;3000;multiply;paulie;0.2746534320176579
76;3000;multiply;paulie;0.2717777359939646
77;3000;multiply;paulie;0.2712006279907655
78;3000;multiply;paulie;0.2698249160021078
79;3000;multiply;paulie;0.2705522089963779
80;3000;multiply;paulie;0.28374438200262375
81;3000;multiply;paulie;0.27028027101187035
82;3000;multiply;paulie;0.2728022980154492
83;3000;multiply;paulie;0.2708474269893486
84;3000;multiply;paulie;0.2711205960076768
85;3000;multiply;paulie;0.27124335599364713
86;3000;multiply;paulie;0.27151969500118867
87;3000;multiply;paulie;0.2719562760030385
88;3000;multiply;paulie;0.2740011170099024
89;3000;multiply;paulie;0.27229114100919105
90;3000;multiply;paulie;0.27526242498424836
91;3000;multiply;paulie;0.39103827500366606
92;3000;multiply;paulie;0.2735395969939418
93;3000;multiply;paulie;0.2731064149993472
94;3000;multiply;paulie;0.27212278099614196
95;3000;multiply;paulie;0.2711818029929418
96;3000;multiply;paulie;0.27176348099601455
97;3000;multiply;paulie;0.27582639100728557
98;3000;multiply;paulie;0.27209259901428595
99;3000;multiply;paulie;0.2711947299831081
100;3000;multiply;paulie;0.27324157001567073
1;6000;multiply;paulie;0.3552107420109678
2;6000;multiply;paulie;0.3190396989812143
3;6000;multiply;paulie;0.31807623500935733
4;6000;multiply;paulie;0.3205351959913969
5;6000;multiply;paulie;0.31906568800332025
6;6000;multiply;paulie;0.3189566009968985
7;6000;multiply;paulie;0.33779311101534404
8;6000;multiply;paulie;0.3197717550210655
9;6000;multiply;paulie;0.316476646985393
10;6000;multiply;paulie;0.32311101802042685
11;6000;multiply;paulie;0.3192325110139791
12;6000;multiply;paulie;0.31946375998086296
13;6000;multiply;paulie;0.3202858270087745
14;6000;multiply;paulie;0.31919832798303105
15;6000;multiply;paulie;0.3187416690052487
16;6000;multiply;paulie;0.32057371898554265
17;6000;multiply;paulie;0.323109769000439
18;6000;multiply;paulie;0.31951645101071335
19;6000;multiply;paulie;0.3204087060003076
20;6000;multiply;paulie;0.3193123580131214
21;6000;multiply;paulie;0.3191693859989755
22;6000;multiply;paulie;0.31917604501359165
23;6000;multiply;paulie;0.31981086000450887
24;6000;multiply;paulie;0.3199201250099577
25;6000;multiply;paulie;0.32067758397897705
26;6000;multiply;paulie;0.3189618450123817
27;6000;multiply;paulie;0.31930659399949946
28;6000;multiply;paulie;0.31963892400381155
29;6000;multiply;paulie;0.3191603360173758
30;6000;multiply;paulie;0.31819287899998017
31;6000;multiply;paulie;0.31969588799984194
32;6000;multiply;paulie;0.32568535101017915
33;6000;multiply;paulie;0.31972704600775614
34;6000;multiply;paulie;0.319812683010241
35;6000;multiply;paulie;0.3181491389987059
36;6000;multiply;paulie;0.3186104469932616
37;6000;multiply;paulie;0.4712278229999356
38;6000;multiply;paulie;0.4754264460061677
39;6000;multiply;paulie;0.3192899400019087
40;6000;multiply;paulie;0.3191342480131425
41;6000;multiply;paulie;0.3223473470134195
42;6000;multiply;paulie;0.3187683350115549
43;6000;multiply;paulie;0.31954322100500576
44;6000;multiply;paulie;0.3207797330105677
45;6000;multiply;paulie;0.32167801100877114
46;6000;multiply;paulie;0.32370666999486275
47;6000;multiply;paulie;0.31870419799815863
48;6000;multiply;paulie;0.31929374899482355
49;6000;multiply;paulie;0.3207525410107337
50;6000;multiply;paulie;0.3174613319861237
51;6000;multiply;paulie;0.31411970101180486
52;6000;multiply;paulie;0.31788059999234974
53;6000;multiply;paulie;0.31818443100200966
54;6000;multiply;paulie;0.31881465000333264
55;6000;multiply;paulie;0.32213582200347446
56;6000;multiply;paulie;0.3186509350198321
57;6000;multiply;paulie;0.32003061901195906
58;6000;multiply;paulie;0.3209879729838576
59;6000;multiply;paulie;0.3187411270046141
60;6000;multiply;paulie;0.31964382898877375
61;6000;multiply;paulie;0.3176489750039764
62;6000;multiply;paulie;0.31917195502319373
63;6000;multiply;paulie;0.3540377650060691
64;6000;multiply;paulie;0.3224340139713604
65;6000;multiply;paulie;0.3195936400152277
66;6000;multiply;paulie;0.3192484739993233
67;6000;multiply;paulie;0.31972172198584303
68;6000;multiply;paulie;0.3238378239911981
69;6000;multiply;paulie;0.322473556996556
70;6000;multiply;paulie;0.32501670901547186
71;6000;multiply;paulie;0.32045341201592237
72;6000;multiply;paulie;0.3194630960060749
73;6000;multiply;paulie;0.32296472101006657
74;6000;multiply;paulie;0.31812723400071263
75;6000;multiply;paulie;0.3212528770091012
76;6000;multiply;paulie;0.32186362001812086
77;6000;multiply;paulie;0.32011853001313284
78;6000;multiply;paulie;0.3201312489982229
79;6000;multiply;paulie;0.32402529200771824
80;6000;multiply;paulie;0.3193370649823919
81;6000;multiply;paulie;0.32033947098534554
82;6000;multiply;paulie;0.3193607779976446
83;6000;multiply;paulie;0.31892768800025806
84;6000;multiply;paulie;0.31543144400347956
85;6000;multiply;paulie;0.32149638899136335
86;6000;multiply;paulie;0.3215018340270035
87;6000;multiply;paulie;0.3233178130176384
88;6000;multiply;paulie;0.31714104799903
89;6000;multiply;paulie;0.3219240109901875
90;6000;multiply;paulie;0.3210965030011721
91;6000;multiply;paulie;0.4663017020211555
92;6000;multiply;paulie;0.31956552402698435
93;6000;multiply;paulie;0.3227229919866659
94;6000;multiply;paulie;0.3266615629836451
95;6000;multiply;paulie;0.47128248898661695
96;6000;multiply;paulie;0.32064645100035705
97;6000;multiply;paulie;0.3201708929846063
98;6000;multiply;paulie;0.3188116849923972
99;6000;multiply;paulie;0.318724401993677
100;6000;multiply;paulie;0.4048936519830022
1;8000;multiply;paulie;0.339391078974586
2;8000;multiply;paulie;0.37443228598567657
3;8000;multiply;paulie;0.3659606889996212
4;8000;multiply;paulie;0.33996149100130424
5;8000;multiply;paulie;0.3443393479974475
6;8000;multiply;paulie;0.3678557569801342
7;8000;multiply;paulie;0.3585475389845669
8;8000;multiply;paulie;0.33922320799320005
9;8000;multiply;paulie;0.367251055984525
10;8000;multiply;paulie;0.36813873902428895
11;8000;multiply;paulie;0.3641294900153298
12;8000;multiply;paulie;0.3609812869981397
13;8000;multiply;paulie;0.3442698259896133
14;8000;multiply;paulie;0.36730340000940487
15;8000;multiply;paulie;0.3404116030142177
16;8000;multiply;paulie;0.36700946401106194
17;8000;multiply;paulie;0.3428019819839392
18;8000;multiply;paulie;0.36808722699061036
19;8000;multiply;paulie;0.3668269890185911
20;8000;multiply;paulie;0.37273984000785276
21;8000;multiply;paulie;0.3666395620093681
22;8000;multiply;paulie;0.36784540000371635
23;8000;multiply;paulie;0.3652846490149386
24;8000;multiply;paulie;0.36633815898676403
25;8000;multiply;paulie;0.3339925139734987
26;8000;multiply;paulie;0.3695786379976198
27;8000;multiply;paulie;0.36410160799277946
28;8000;multiply;paulie;0.3616124379914254
29;8000;multiply;paulie;0.3635410569841042
30;8000;multiply;paulie;0.3388362469850108
31;8000;multiply;paulie;0.34580553200794384
32;8000;multiply;paulie;0.3717218710226007
33;8000;multiply;paulie;0.33999307299382053
34;8000;multiply;paulie;0.37732146302005276
35;8000;multiply;paulie;0.34114091598894447
36;8000;multiply;paulie;0.36247912800172344
37;8000;multiply;paulie;0.36879465699894354
38;8000;multiply;paulie;0.494606723979814
39;8000;multiply;paulie;0.36744519500643946
40;8000;multiply;paulie;0.3350586710148491
41;8000;multiply;paulie;0.3613092849845998
42;8000;multiply;paulie;0.3667576700099744
43;8000;multiply;paulie;0.3556763959932141
44;8000;multiply;paulie;0.362656039011199
45;8000;multiply;paulie;0.3687424639938399
46;8000;multiply;paulie;0.3625979599892162
47;8000;multiply;paulie;0.3663503490097355
48;8000;multiply;paulie;0.33823884002049454
49;8000;multiply;paulie;0.34291594798560254
50;8000;multiply;paulie;0.34296296100365
51;8000;multiply;paulie;0.36654681802610867
52;8000;multiply;paulie;0.36544602998765185
53;8000;multiply;paulie;0.5170081969990861
54;8000;multiply;paulie;0.3679759950027801
55;8000;multiply;paulie;0.36681281600613147
56;8000;multiply;paulie;0.3406052120262757
57;8000;multiply;paulie;0.36709418101236224
58;8000;multiply;paulie;0.3673597819870338
59;8000;multiply;paulie;0.3623813719896134
60;8000;multiply;paulie;0.3614890660101082
61;8000;multiply;paulie;0.36395761399762705
62;8000;multiply;paulie;0.34089406399289146
63;8000;multiply;paulie;0.3674530390126165
64;8000;multiply;paulie;0.34362969401990995
65;8000;multiply;paulie;0.3415819450165145
66;8000;multiply;paulie;0.3421808450075332
67;8000;multiply;paulie;0.35705435200361535
68;8000;multiply;paulie;0.37274460500339046
69;8000;multiply;paulie;0.37097837298642844
70;8000;multiply;paulie;0.36708004100364633
71;8000;multiply;paulie;0.3660228800144978
72;8000;multiply;paulie;0.3685146809730213
73;8000;multiply;paulie;0.37043402701965533
74;8000;multiply;paulie;0.3389992440061178
75;8000;multiply;paulie;0.36737670897855423
76;8000;multiply;paulie;0.3364448049978819
77;8000;multiply;paulie;0.3674710519844666
78;8000;multiply;paulie;0.36704994400497526
79;8000;multiply;paulie;0.3689356910181232
80;8000;multiply;paulie;0.34792709499015473
81;8000;multiply;paulie;0.3697227349912282
82;8000;multiply;paulie;0.36531724699307233
83;8000;multiply;paulie;0.3693266980117187
84;8000;multiply;paulie;0.3676883149892092
85;8000;multiply;paulie;0.33872025800519623
86;8000;multiply;paulie;0.3685228189860936
87;8000;multiply;paulie;0.34232581697870046
88;8000;multiply;paulie;0.36708363000070676
89;8000;multiply;paulie;0.3384831149887759
90;8000;multiply;paulie;0.3627510819933377
91;8000;multiply;paulie;0.5073975039995275
92;8000;multiply;paulie;0.3393326819932554
93;8000;multiply;paulie;0.3473818770144135
94;8000;multiply;paulie;0.34504857801948674
95;8000;multiply;paulie;0.3409324059903156
96;8000;multiply;paulie;0.3672015299962368
97;8000;multiply;paulie;0.33794479799689725
98;8000;multiply;paulie;0.35711739902035333
99;8000;multiply;paulie;0.34015333600109443
100;8000;multiply;paulie;0.36718819400994107
1;10000;multiply;paulie;0.3549027679837309
2;10000;multiply;paulie;0.35073799500241876
3;10000;multiply;paulie;0.3503372340055648
4;10000;multiply;paulie;0.3614644609915558
5;10000;multiply;paulie;0.3407569039845839
6;10000;multiply;paulie;0.36070311898947693
7;10000;multiply;paulie;0.3664560810138937
8;10000;multiply;paulie;0.36472426098771393
9;10000;multiply;paulie;0.3643031259998679
10;10000;multiply;paulie;0.3654218989831861
11;10000;multiply;paulie;0.3529257049958687
12;10000;multiply;paulie;0.35076643800130114
13;10000;multiply;paulie;0.3390141050040256
14;10000;multiply;paulie;0.36358864899375476
15;10000;multiply;paulie;0.3354036230011843
16;10000;multiply;paulie;0.364088165020803
17;10000;multiply;paulie;0.3652512469852809
18;10000;multiply;paulie;0.36521390298730694
19;10000;multiply;paulie;0.3420666809834074
20;10000;multiply;paulie;0.3527636720100418
21;10000;multiply;paulie;0.3560025909973774
22;10000;multiply;paulie;0.365588950982783
23;10000;multiply;paulie;0.36641009102459066
24;10000;multiply;paulie;0.36859893598011695
25;10000;multiply;paulie;0.3635124609863851
26;10000;multiply;paulie;0.36595834701438434
27;10000;multiply;paulie;0.34173807699698955
28;10000;multiply;paulie;0.3543982550036162
29;10000;multiply;paulie;0.3447673300106544
30;10000;multiply;paulie;0.577951267012395
31;10000;multiply;paulie;0.35263149900129065
32;10000;multiply;paulie;0.35035089298617095
33;10000;multiply;paulie;0.3425283069955185
34;10000;multiply;paulie;0.36433779998333193
35;10000;multiply;paulie;0.36462420198949985
36;10000;multiply;paulie;0.3413536040170584
37;10000;multiply;paulie;0.35384315898409113
38;10000;multiply;paulie;0.34131093401811086
39;10000;multiply;paulie;0.3513858180085663
40;10000;multiply;paulie;0.364644663000945
41;10000;multiply;paulie;0.3513034979987424
42;10000;multiply;paulie;0.3505550330155529
43;10000;multiply;paulie;0.36488645398640074
44;10000;multiply;paulie;0.4480613289924804
45;10000;multiply;paulie;0.36468210598104633
46;10000;multiply;paulie;0.3527429229870904
47;10000;multiply;paulie;0.3506049159914255
48;10000;multiply;paulie;0.36614846999873407
49;10000;multiply;paulie;0.38835341000230983
50;10000;multiply;paulie;0.35030099397408776
51;10000;multiply;paulie;0.34097479199408554
52;10000;multiply;paulie;0.3510069060139358
53;10000;multiply;paulie;0.35355162000632845
54;10000;multiply;paulie;0.3661908880167175
55;10000;multiply;paulie;0.3679232170106843
56;10000;multiply;paulie;0.3552080210065469
57;10000;multiply;paulie;0.3646957089949865
58;10000;multiply;paulie;0.36480185098480433
59;10000;multiply;paulie;0.3457118289952632
60;10000;multiply;paulie;0.34575051101273857
61;10000;multiply;paulie;0.4711143420136068
62;10000;multiply;paulie;0.34192646498559043
63;10000;multiply;paulie;0.35240153601625934
64;10000;multiply;paulie;0.3406002559931949
65;10000;multiply;paulie;0.3524312440131325
66;10000;multiply;paulie;0.3564640470140148
67;10000;multiply;paulie;0.3412546420004219
68;10000;multiply;paulie;0.34477769100340083
69;10000;multiply;paulie;0.368913448008243
70;10000;multiply;paulie;0.36994648099062033
71;10000;multiply;paulie;0.35289087501587346
72;10000;multiply;paulie;0.3399480920052156
73;10000;multiply;paulie;0.36500616901321337
74;10000;multiply;paulie;0.34495811100350693
75;10000;multiply;paulie;0.36912665801355615
76;10000;multiply;paulie;0.343118137010606
77;10000;multiply;paulie;0.3652201539953239
78;10000;multiply;paulie;0.3633763079997152
79;10000;multiply;paulie;0.3504696970048826
80;10000;multiply;paulie;0.368830501975026
81;10000;multiply;paulie;0.3860777590016369
82;10000;multiply;paulie;0.34859447900089435
83;10000;multiply;paulie;0.3642474740045145
84;10000;multiply;paulie;0.3428464150056243
85;10000;multiply;paulie;0.341614787990693
86;10000;multiply;paulie;0.33835537399863824
87;10000;multiply;paulie;0.39238425900111906
88;10000;multiply;paulie;0.3637543100048788
89;10000;multiply;paulie;0.3650891419965774
90;10000;multiply;paulie;0.3677633879997302
91;10000;multiply;paulie;0.5570433889806736
92;10000;multiply;paulie;0.34055111100315116
93;10000;multiply;paulie;0.35493619000772014
94;10000;multiply;paulie;0.36226683398126625
95;10000;multiply;paulie;0.35187265402055345
96;10000;multiply;paulie;0.3393870430008974
97;10000;multiply;paulie;0.3508506630023476
98;10000;multiply;paulie;0.34106637397781014
99;10000;multiply;paulie;0.3666059320094064
100;10000;multiply;paulie;0.35509464802453294
1;12000;multiply;paulie;0.3667025330069009
2;12000;multiply;paulie;0.36208753698156215
3;12000;multiply;paulie;0.3645755249890499
4;12000;multiply;paulie;0.3698666309937835
5;12000;multiply;paulie;0.3523990050016437
6;12000;multiply;paulie;0.35200279898708686
7;12000;multiply;paulie;0.3513778359920252
8;12000;multiply;paulie;0.3666781729843933
9;12000;multiply;paulie;0.36520357700646855
10;12000;multiply;paulie;0.36649586498970166
11;12000;multiply;paulie;0.351765910978429
12;12000;multiply;paulie;0.36576811398845166
13;12000;multiply;paulie;0.36645562297781
14;12000;multiply;paulie;0.3634892230038531
15;12000;multiply;paulie;0.36511660399264656
16;12000;multiply;paulie;0.36441763801849447
17;12000;multiply;paulie;0.3660589240025729
18;12000;multiply;paulie;0.3657450120081194
19;12000;multiply;paulie;0.3666747309907805
20;12000;multiply;paulie;0.36696719098836184
21;12000;multiply;paulie;0.3519058290112298
22;12000;multiply;paulie;0.39543641201453283
23;12000;multiply;paulie;0.36646265201852657
24;12000;multiply;paulie;0.3649403750023339
25;12000;multiply;paulie;0.3651179799926467
26;12000;multiply;paulie;0.3511947809893172
27;12000;multiply;paulie;0.3642169630038552
28;12000;multiply;paulie;0.3665086739929393
29;12000;multiply;paulie;0.36679828198975883
30;12000;multiply;paulie;0.3648263800132554
31;12000;multiply;paulie;0.3668088559934404
32;12000;multiply;paulie;0.35283565800637007
33;12000;multiply;paulie;0.3642139729927294
34;12000;multiply;paulie;0.3634608260181267
35;12000;multiply;paulie;0.3643512050039135
36;12000;multiply;paulie;0.363477109989617
37;12000;multiply;paulie;0.36728470301022753
38;12000;multiply;paulie;0.3659121250093449
39;12000;multiply;paulie;0.36520987999392673
40;12000;multiply;paulie;0.36367412700201385
41;12000;multiply;paulie;0.3621637839823961
42;12000;multiply;paulie;0.3512613430211786
43;12000;multiply;paulie;0.3655125639925245
44;12000;multiply;paulie;0.35100480398978107
45;12000;multiply;paulie;0.35017729201354086
46;12000;multiply;paulie;0.3628583989921026
47;12000;multiply;paulie;0.3621633959992323
48;12000;multiply;paulie;0.3616601669928059
49;12000;multiply;paulie;0.35232775600161403
50;12000;multiply;paulie;0.36396107397740707
51;12000;multiply;paulie;0.363586678984575
52;12000;multiply;paulie;0.3664673559833318
53;12000;multiply;paulie;0.36622819301555865
54;12000;multiply;paulie;0.5050256449903827
55;12000;multiply;paulie;0.3633462870202493
56;12000;multiply;paulie;0.3654096700192895
57;12000;multiply;paulie;0.36326211600680836
58;12000;multiply;paulie;0.36806795198936015
59;12000;multiply;paulie;0.3653234369994607
60;12000;multiply;paulie;0.36645946398493834
61;12000;multiply;paulie;0.36581487499643117
62;12000;multiply;paulie;0.3517892769887112
63;12000;multiply;paulie;0.36745469900779426
64;12000;multiply;paulie;0.35082933100056835
65;12000;multiply;paulie;0.367463697999483
66;12000;multiply;paulie;0.35097975001554005
67;12000;multiply;paulie;0.354125081008533
68;12000;multiply;paulie;0.3693305769993458
69;12000;multiply;paulie;0.3676124310004525
70;12000;multiply;paulie;0.3682788409932982
71;12000;multiply;paulie;0.36547362798592076
72;12000;multiply;paulie;0.363428048993228
73;12000;multiply;paulie;0.37806281101075
74;12000;multiply;paulie;0.3699213360087015
75;12000;multiply;paulie;0.37476617100765
76;12000;multiply;paulie;0.3633197979943361
77;12000;multiply;paulie;0.3651904830185231
78;12000;multiply;paulie;0.3577221239975188
79;12000;multiply;paulie;0.3679546639905311
80;12000;multiply;paulie;0.3522633950051386
81;12000;multiply;paulie;0.6077000820077956
82;12000;multiply;paulie;0.3672383800148964
83;12000;multiply;paulie;0.36726652798824944
84;12000;multiply;paulie;0.36767318201600574
85;12000;multiply;paulie;0.36483137001050636
86;12000;multiply;paulie;0.35111602398683317
87;12000;multiply;paulie;0.36645110498648137
88;12000;multiply;paulie;0.3655719149974175
89;12000;multiply;paulie;0.3663749099941924
90;12000;multiply;paulie;0.3636443960131146
91;12000;multiply;paulie;0.36566829701769166
92;12000;multiply;paulie;0.36563316101091914
93;12000;multiply;paulie;0.3659494059975259
94;12000;multiply;paulie;0.3631623609981034
95;12000;multiply;paulie;0.35024815701763146
96;12000;multiply;paulie;0.6054902440228034
97;12000;multiply;paulie;0.36610938402009197
98;12000;multiply;paulie;0.36587143497308716
99;12000;multiply;paulie;0.35163256799569353
100;12000;multiply;paulie;0.3616532509913668
1;10;multiply;pauliarray;1.8108694609836675
2;10;multiply;pauliarray;1.8155975110130385
3;10;multiply;pauliarray;1.8164251649868675
4;10;multiply;pauliarray;1.8132357299909927
5;10;multiply;pauliarray;1.8189076039998326
6;10;multiply;pauliarray;1.8224592969927471
7;10;multiply;pauliarray;1.8306189810100477
8;10;multiply;pauliarray;1.82233881301363
9;10;multiply;pauliarray;1.8217424110043794
10;10;multiply;pauliarray;1.8242968950071372
11;10;multiply;pauliarray;1.8212587239977438
12;10;multiply;pauliarray;1.8189659590134397
13;10;multiply;pauliarray;1.8879810090002138
14;10;multiply;pauliarray;1.8252202550065704
15;10;multiply;pauliarray;1.8251563819940202
16;10;multiply;pauliarray;1.8246738970046863
17;10;multiply;pauliarray;1.8212072729947977
18;10;multiply;pauliarray;1.8258106420107652
19;10;multiply;pauliarray;1.8283201860031113
20;10;multiply;pauliarray;1.8145101179834455
21;10;multiply;pauliarray;1.8443911319773179
22;10;multiply;pauliarray;1.8413244280091021
23;10;multiply;pauliarray;1.8211701750115026
24;10;multiply;pauliarray;1.8217526280204765
25;10;multiply;pauliarray;1.8175628309836611
26;10;multiply;pauliarray;1.8177370359771885
27;10;multiply;pauliarray;1.819145182002103
28;10;multiply;pauliarray;1.8152933869860135
29;10;multiply;pauliarray;1.8202777960104868
30;10;multiply;pauliarray;1.8223789120092988
31;10;multiply;pauliarray;1.806361952010775
32;10;multiply;pauliarray;1.8338601920113433
33;10;multiply;pauliarray;1.826400827994803
34;10;multiply;pauliarray;1.8269789229962043
35;10;multiply;pauliarray;1.8127404320111964
36;10;multiply;pauliarray;1.8157312710245606
37;10;multiply;pauliarray;1.811170511005912
38;10;multiply;pauliarray;1.8078137789852917
39;10;multiply;pauliarray;1.8102356509771198
40;10;multiply;pauliarray;1.808215263998136
41;10;multiply;pauliarray;1.8147149230062496
42;10;multiply;pauliarray;1.8083118580107111
43;10;multiply;pauliarray;2.3034053279843647
44;10;multiply;pauliarray;1.8280473960039672
45;10;multiply;pauliarray;1.8207840620016214
46;10;multiply;pauliarray;1.8151131409977097
47;10;multiply;pauliarray;1.8092267859901767
48;10;multiply;pauliarray;1.815333426988218
49;10;multiply;pauliarray;1.8110076570010278
50;10;multiply;pauliarray;1.821689795004204
51;10;multiply;pauliarray;1.8171665629779454
52;10;multiply;pauliarray;1.8158013880020007
53;10;multiply;pauliarray;1.8163505839766003
54;10;multiply;pauliarray;1.816105004021665
55;10;multiply;pauliarray;1.8269956940202974
56;10;multiply;pauliarray;1.8192541350144893
57;10;multiply;pauliarray;1.8342112649988849
58;10;multiply;pauliarray;1.8262065569870174
59;10;multiply;pauliarray;1.8374012970016338
60;10;multiply;pauliarray;1.822048422996886
61;10;multiply;pauliarray;1.8213869920000434
62;10;multiply;pauliarray;1.8356928400171455
63;10;multiply;pauliarray;1.9147268630040344
64;10;multiply;pauliarray;1.8170041220146231
65;10;multiply;pauliarray;1.8184931439755019
66;10;multiply;pauliarray;1.8281218959891703
67;10;multiply;pauliarray;1.834942386019975
68;10;multiply;pauliarray;1.843298430001596
69;10;multiply;pauliarray;1.8137106680078432
70;10;multiply;pauliarray;1.8148808469995856
71;10;multiply;pauliarray;1.8245293969812337
72;10;multiply;pauliarray;1.8180383940052707
73;10;multiply;pauliarray;1.84196744102519
74;10;multiply;pauliarray;1.821591993997572
75;10;multiply;pauliarray;1.8204025980085135
76;10;multiply;pauliarray;1.821203378989594
77;10;multiply;pauliarray;1.8205426939821336
78;10;multiply;pauliarray;1.815780644014012
79;10;multiply;pauliarray;1.835446252982365
80;10;multiply;pauliarray;1.8408626980090048
81;10;multiply;pauliarray;1.8102428700076416
82;10;multiply;pauliarray;1.8173346580006182
83;10;multiply;pauliarray;1.817560698982561
84;10;multiply;pauliarray;1.8171220030053519
85;10;multiply;pauliarray;1.8154190729837865
86;10;multiply;pauliarray;1.8126244439918082
87;10;multiply;pauliarray;1.8292925209971145
88;10;multiply;pauliarray;1.8134132970008068
89;10;multiply;pauliarray;1.8174773330101743
90;10;multiply;pauliarray;1.825702531990828
91;10;multiply;pauliarray;4.262549125996884
92;10;multiply;pauliarray;1.8125837139959913
93;10;multiply;pauliarray;1.8124688430107199
94;10;multiply;pauliarray;1.809559889981756
95;10;multiply;pauliarray;1.825921184004983
96;10;multiply;pauliarray;1.8261534799821675
97;10;multiply;pauliarray;1.8187740659923293
98;10;multiply;pauliarray;1.8180712620087434
99;10;multiply;pauliarray;1.840500214981148
100;10;multiply;pauliarray;1.8172385249927174
1;100;multiply;pauliarray;1.835950545995729
2;100;multiply;pauliarray;1.8345281610090751
3;100;multiply;pauliarray;1.8258484870020766
4;100;multiply;pauliarray;1.8277606219926383
5;100;multiply;pauliarray;1.823320250987308
6;100;multiply;pauliarray;1.8252285860071424
7;100;multiply;pauliarray;1.8509526010020636
8;100;multiply;pauliarray;1.8286643909814302
9;100;multiply;pauliarray;1.830597221996868
10;100;multiply;pauliarray;1.8496653830225114
11;100;multiply;pauliarray;1.8524407010118011
12;100;multiply;pauliarray;1.8371678059920669
13;100;multiply;pauliarray;2.6667042069893796
14;100;multiply;pauliarray;1.827288984990446
15;100;multiply;pauliarray;1.8266777219832875
16;100;multiply;pauliarray;1.827768888004357
17;100;multiply;pauliarray;1.8238757490180433
18;100;multiply;pauliarray;1.84611973297433
19;100;multiply;pauliarray;1.8512852790008765
20;100;multiply;pauliarray;1.835901033016853
21;100;multiply;pauliarray;1.8312069110106677
22;100;multiply;pauliarray;1.8210936730029061
23;100;multiply;pauliarray;1.8425279959919862
24;100;multiply;pauliarray;1.8358173849992454
25;100;multiply;pauliarray;1.8432682949933223
26;100;multiply;pauliarray;1.846903760015266
27;100;multiply;pauliarray;1.8237728539970703
28;100;multiply;pauliarray;1.827766148984665
29;100;multiply;pauliarray;1.832995126984315
30;100;multiply;pauliarray;1.8295745619980153
31;100;multiply;pauliarray;1.8211571050051134
32;100;multiply;pauliarray;1.8217021829914302
33;100;multiply;pauliarray;1.8204075609974097
34;100;multiply;pauliarray;1.8302800380042754
35;100;multiply;pauliarray;1.8276230490009766
36;100;multiply;pauliarray;1.8180416449904442
37;100;multiply;pauliarray;1.8377169860177673
38;100;multiply;pauliarray;4.240788349008653
39;100;multiply;pauliarray;1.8154511000029743
40;100;multiply;pauliarray;1.8312179429922253
41;100;multiply;pauliarray;1.8351813300105277
42;100;multiply;pauliarray;1.8234057009976823
43;100;multiply;pauliarray;1.8195980270102154
44;100;multiply;pauliarray;1.833625981991645
45;100;multiply;pauliarray;1.820129639992956
46;100;multiply;pauliarray;1.8203989070025273
47;100;multiply;pauliarray;1.8224729860085063
48;100;multiply;pauliarray;1.8225369970023166
49;100;multiply;pauliarray;1.8323916099907365
50;100;multiply;pauliarray;1.8172491660225205
51;100;multiply;pauliarray;1.8159803519956768
52;100;multiply;pauliarray;1.8300067689851858
53;100;multiply;pauliarray;1.836291504005203
54;100;multiply;pauliarray;1.8408896310138516
55;100;multiply;pauliarray;1.8530952550063375
56;100;multiply;pauliarray;1.835963361983886
57;100;multiply;pauliarray;1.830482943012612
58;100;multiply;pauliarray;1.8219203890184872
59;100;multiply;pauliarray;1.8302106199844275
60;100;multiply;pauliarray;1.8385965950146783
61;100;multiply;pauliarray;1.8278282549872529
62;100;multiply;pauliarray;1.8366959749837406
63;100;multiply;pauliarray;1.8295291499816813
64;100;multiply;pauliarray;1.870038306020433
65;100;multiply;pauliarray;1.8313745069899596
66;100;multiply;pauliarray;1.8293168710079044
67;100;multiply;pauliarray;1.8264144340064377
68;100;multiply;pauliarray;1.819894064014079
69;100;multiply;pauliarray;1.848542323015863
70;100;multiply;pauliarray;1.8359758250007872
71;100;multiply;pauliarray;1.8318530030082911
72;100;multiply;pauliarray;1.8213225019862875
73;100;multiply;pauliarray;1.8273962050152477
74;100;multiply;pauliarray;1.8470014140184503
75;100;multiply;pauliarray;1.8572901589795947
76;100;multiply;pauliarray;1.8229396370006725
77;100;multiply;pauliarray;1.8188864900148474
78;100;multiply;pauliarray;1.8234084439754952
79;100;multiply;pauliarray;1.8209273369866423
80;100;multiply;pauliarray;3.766091380995931
81;100;multiply;pauliarray;1.834251579013653
82;100;multiply;pauliarray;1.8204700380156282
83;100;multiply;pauliarray;1.8225494789949153
84;100;multiply;pauliarray;1.8277038620144594
85;100;multiply;pauliarray;1.838163242005976
86;100;multiply;pauliarray;1.8218043279775884
87;100;multiply;pauliarray;1.823796152981231
88;100;multiply;pauliarray;1.8209856879839208
89;100;multiply;pauliarray;1.8393552750058006
90;100;multiply;pauliarray;1.9032672499888577
91;100;multiply;pauliarray;4.246713867003564
92;100;multiply;pauliarray;1.8311384560074657
93;100;multiply;pauliarray;1.8327574190043379
94;100;multiply;pauliarray;2.1622303650074173
95;100;multiply;pauliarray;1.8368437880126294
96;100;multiply;pauliarray;1.8308179360174108
97;100;multiply;pauliarray;1.8369224649795797
98;100;multiply;pauliarray;1.8310107330034953
99;100;multiply;pauliarray;1.8261342920013703
100;100;multiply;pauliarray;1.8377775189874228
1;1000;multiply;pauliarray;2.0386567839886993
2;1000;multiply;pauliarray;2.054312680993462
3;1000;multiply;pauliarray;2.0504485039855354
4;1000;multiply;pauliarray;2.072488675999921
5;1000;multiply;pauliarray;2.052326778997667
6;1000;multiply;pauliarray;2.056971326994244
7;1000;multiply;pauliarray;2.0835223789908923
8;1000;multiply;pauliarray;2.062240828992799
9;1000;multiply;pauliarray;2.0658502189908177
10;1000;multiply;pauliarray;2.0561863530019764
11;1000;multiply;pauliarray;2.0538424600090366
12;1000;multiply;pauliarray;2.0645762520143762
13;1000;multiply;pauliarray;2.0545644979865756
14;1000;multiply;pauliarray;2.0728883470001165
15;1000;multiply;pauliarray;2.0623682489967905
16;1000;multiply;pauliarray;2.071476557990536
17;1000;multiply;pauliarray;2.096035297989147
18;1000;multiply;pauliarray;2.0660534969938453
19;1000;multiply;pauliarray;2.058688874996733
20;1000;multiply;pauliarray;2.054714197991416
21;1000;multiply;pauliarray;2.1117503559798934
22;1000;multiply;pauliarray;2.0810889400017913
23;1000;multiply;pauliarray;2.060214522003662
24;1000;multiply;pauliarray;2.069594430999132
25;1000;multiply;pauliarray;2.0672539939987473
26;1000;multiply;pauliarray;2.0651823910011444
27;1000;multiply;pauliarray;2.059790189989144
28;1000;multiply;pauliarray;2.0636557410180103
29;1000;multiply;pauliarray;2.060956752015045
30;1000;multiply;pauliarray;2.051296588993864
31;1000;multiply;pauliarray;2.0608921970124356
32;1000;multiply;pauliarray;2.0838041189999785
33;1000;multiply;pauliarray;2.0496992739790585
34;1000;multiply;pauliarray;2.0562707869976293
35;1000;multiply;pauliarray;2.045048966014292
36;1000;multiply;pauliarray;2.0417190760199446
37;1000;multiply;pauliarray;2.1454738509783056
38;1000;multiply;pauliarray;4.819744734995766
39;1000;multiply;pauliarray;2.044985207001446
40;1000;multiply;pauliarray;2.0503499699989334
41;1000;multiply;pauliarray;2.0535035860084463
42;1000;multiply;pauliarray;2.0509199390071444
43;1000;multiply;pauliarray;2.0518490930262487
44;1000;multiply;pauliarray;2.055848710006103
45;1000;multiply;pauliarray;2.0944023610209115
46;1000;multiply;pauliarray;2.061534371023299
47;1000;multiply;pauliarray;2.0481308899761643
48;1000;multiply;pauliarray;2.061149570014095
49;1000;multiply;pauliarray;2.0623102950048633
50;1000;multiply;pauliarray;2.0669674889941234
51;1000;multiply;pauliarray;2.051821242988808
52;1000;multiply;pauliarray;2.056693060992984
53;1000;multiply;pauliarray;2.0581479629909154
54;1000;multiply;pauliarray;2.06118105299538
55;1000;multiply;pauliarray;2.056426432012813
56;1000;multiply;pauliarray;2.091369661007775
57;1000;multiply;pauliarray;2.0886866070213728
58;1000;multiply;pauliarray;2.0661186130018905
59;1000;multiply;pauliarray;2.058404376002727
60;1000;multiply;pauliarray;2.13092065701494
61;1000;multiply;pauliarray;2.080760974000441
62;1000;multiply;pauliarray;2.0704232979915105
63;1000;multiply;pauliarray;2.103534169989871
64;1000;multiply;pauliarray;2.0742074129811954
65;1000;multiply;pauliarray;2.0486533679941203
66;1000;multiply;pauliarray;2.0746451650047675
67;1000;multiply;pauliarray;2.0614311290264595
68;1000;multiply;pauliarray;2.062660265015438
69;1000;multiply;pauliarray;2.0672521230007987
70;1000;multiply;pauliarray;2.060160855995491
71;1000;multiply;pauliarray;2.0503075169981457
72;1000;multiply;pauliarray;2.059806910023326
73;1000;multiply;pauliarray;2.0781014249951113
74;1000;multiply;pauliarray;2.0475485890056007
75;1000;multiply;pauliarray;2.064713141997345
76;1000;multiply;pauliarray;2.0552270819898695
77;1000;multiply;pauliarray;2.052414834004594
78;1000;multiply;pauliarray;2.0576023739995435
79;1000;multiply;pauliarray;2.0503174460027367
80;1000;multiply;pauliarray;2.0601103130029514
81;1000;multiply;pauliarray;2.0505888479819987
82;1000;multiply;pauliarray;2.047308225010056
83;1000;multiply;pauliarray;2.0543158529908396
84;1000;multiply;pauliarray;2.0594448870106135
85;1000;multiply;pauliarray;2.053429685998708
86;1000;multiply;pauliarray;2.042488482024055
87;1000;multiply;pauliarray;2.0574037480109837
88;1000;multiply;pauliarray;2.052204347011866
89;1000;multiply;pauliarray;2.045259617996635
90;1000;multiply;pauliarray;2.055413944006432
91;1000;multiply;pauliarray;4.802236275980249
92;1000;multiply;pauliarray;2.0405177469947375
93;1000;multiply;pauliarray;2.049704164004652
94;1000;multiply;pauliarray;2.067778969008941
95;1000;multiply;pauliarray;2.057613098004367
96;1000;multiply;pauliarray;2.0730066490068566
97;1000;multiply;pauliarray;2.048170547001064
98;1000;multiply;pauliarray;2.054801102000056
99;1000;multiply;pauliarray;2.0576781349955127
100;1000;multiply;pauliarray;2.057011983997654
1;3000;multiply;pauliarray;2.1616329489916097
2;3000;multiply;pauliarray;2.171252099011326
3;3000;multiply;pauliarray;2.1861084419942927
4;3000;multiply;pauliarray;2.1843543049762957
5;3000;multiply;pauliarray;2.1703172939887736
6;3000;multiply;pauliarray;2.1807634769938886
7;3000;multiply;pauliarray;2.182561605994124
8;3000;multiply;pauliarray;2.193958837975515
9;3000;multiply;pauliarray;2.1780363760190085
10;3000;multiply;pauliarray;2.179633608000586
11;3000;multiply;pauliarray;2.1798215610033367
12;3000;multiply;pauliarray;2.1935445739945862
13;3000;multiply;pauliarray;2.1798717780038714
14;3000;multiply;pauliarray;2.182426282000961
15;3000;multiply;pauliarray;2.1746643210062757
16;3000;multiply;pauliarray;2.1718479670234956
17;3000;multiply;pauliarray;2.1730306039971765
18;3000;multiply;pauliarray;2.17800621400238
19;3000;multiply;pauliarray;2.196907920995727
20;3000;multiply;pauliarray;2.1788912400079425
21;3000;multiply;pauliarray;2.2024511540075764
22;3000;multiply;pauliarray;2.1908054009836633
23;3000;multiply;pauliarray;2.1649952260195278
24;3000;multiply;pauliarray;2.167317897983594
25;3000;multiply;pauliarray;2.173248346982291
26;3000;multiply;pauliarray;2.185983709001448
27;3000;multiply;pauliarray;2.172957826027414
28;3000;multiply;pauliarray;2.168228426016867
29;3000;multiply;pauliarray;2.1781408679962624
30;3000;multiply;pauliarray;2.1618360439897515
31;3000;multiply;pauliarray;2.2028644399833865
32;3000;multiply;pauliarray;2.1884721809765324
33;3000;multiply;pauliarray;2.179525568993995
34;3000;multiply;pauliarray;2.155524506990332
35;3000;multiply;pauliarray;2.1585485480027273
36;3000;multiply;pauliarray;2.198189610004192
37;3000;multiply;pauliarray;5.0137521990109235
38;3000;multiply;pauliarray;5.095857888984028
39;3000;multiply;pauliarray;2.1680023879744112
40;3000;multiply;pauliarray;2.1676415389811154
41;3000;multiply;pauliarray;2.1678201899921987
42;3000;multiply;pauliarray;2.187721933994908
43;3000;multiply;pauliarray;2.175192928989418
44;3000;multiply;pauliarray;2.164707569987513
45;3000;multiply;pauliarray;2.1583775540057104
46;3000;multiply;pauliarray;2.176873604999855
47;3000;multiply;pauliarray;2.162182667001616
48;3000;multiply;pauliarray;2.164206908986671
49;3000;multiply;pauliarray;2.188654219993623
50;3000;multiply;pauliarray;2.1554659280227497
51;3000;multiply;pauliarray;2.16935996900429
52;3000;multiply;pauliarray;2.16770298499614
53;3000;multiply;pauliarray;2.170042564976029
54;3000;multiply;pauliarray;2.1730845749843866
55;3000;multiply;pauliarray;2.1735723319870885
56;3000;multiply;pauliarray;2.1921279579983093
57;3000;multiply;pauliarray;2.167942188010784
58;3000;multiply;pauliarray;2.1737411260255612
59;3000;multiply;pauliarray;2.1808573880116455
60;3000;multiply;pauliarray;2.1644878709921613
61;3000;multiply;pauliarray;2.1629688299726695
62;3000;multiply;pauliarray;2.2101562559837475
63;3000;multiply;pauliarray;2.1796461020130664
64;3000;multiply;pauliarray;2.1801908200141042
65;3000;multiply;pauliarray;2.175773459021002
66;3000;multiply;pauliarray;2.184443645994179
67;3000;multiply;pauliarray;2.210637003008742
68;3000;multiply;pauliarray;2.1721098700072616
69;3000;multiply;pauliarray;2.1771325200097635
70;3000;multiply;pauliarray;2.1787064840027597
71;3000;multiply;pauliarray;2.1900751990033314
72;3000;multiply;pauliarray;2.2074416980030946
73;3000;multiply;pauliarray;2.177533502021106
74;3000;multiply;pauliarray;2.1751103139831685
75;3000;multiply;pauliarray;2.1720362339983694
76;3000;multiply;pauliarray;2.1825128390046302
77;3000;multiply;pauliarray;2.184919444989646
78;3000;multiply;pauliarray;2.1721704859810416
79;3000;multiply;pauliarray;2.1817189150024205
80;3000;multiply;pauliarray;2.1707691999909002
81;3000;multiply;pauliarray;2.1756939989863895
82;3000;multiply;pauliarray;2.1724847670120653
83;3000;multiply;pauliarray;2.1675239549949765
84;3000;multiply;pauliarray;2.1611342289834283
85;3000;multiply;pauliarray;2.1504079519945662
86;3000;multiply;pauliarray;2.173244398989482
87;3000;multiply;pauliarray;2.1730504230072256
88;3000;multiply;pauliarray;2.1654746309795883
89;3000;multiply;pauliarray;2.1731729389866814
90;3000;multiply;pauliarray;2.1732390690012835
91;3000;multiply;pauliarray;5.111358706984902
92;3000;multiply;pauliarray;2.158642146998318
93;3000;multiply;pauliarray;2.200775078992592
94;3000;multiply;pauliarray;2.1715310589934234
95;3000;multiply;pauliarray;5.080104057007702
96;3000;multiply;pauliarray;2.164601840020623
97;3000;multiply;pauliarray;2.166782152984524
98;3000;multiply;pauliarray;2.170349352003541
99;3000;multiply;pauliarray;2.1585319549776614
100;3000;multiply;pauliarray;2.233734656998422
1;6000;multiply;pauliarray;2.3435323080047965
2;6000;multiply;pauliarray;2.341223688010359
3;6000;multiply;pauliarray;2.3729008589871228
4;6000;multiply;pauliarray;2.3597171240253374
5;6000;multiply;pauliarray;2.3650622020068113
6;6000;multiply;pauliarray;2.3704749710159376
7;6000;multiply;pauliarray;2.3651305710081942
8;6000;multiply;pauliarray;2.385031569021521
9;6000;multiply;pauliarray;2.36036714099464
10;6000;multiply;pauliarray;2.3540810130070895
11;6000;multiply;pauliarray;2.34509325097315
12;6000;multiply;pauliarray;2.3771279049979057
13;6000;multiply;pauliarray;2.446935408981517
14;6000;multiply;pauliarray;2.3664226660039276
15;6000;multiply;pauliarray;2.364986561005935
16;6000;multiply;pauliarray;2.343917134014191
17;6000;multiply;pauliarray;2.3512748750217725
18;6000;multiply;pauliarray;2.363350593019277
19;6000;multiply;pauliarray;2.371137854002882
20;6000;multiply;pauliarray;2.3742943510005716
21;6000;multiply;pauliarray;2.39524123998126
22;6000;multiply;pauliarray;2.4001793989737052
23;6000;multiply;pauliarray;2.3702013599977363
24;6000;multiply;pauliarray;2.351737942022737
25;6000;multiply;pauliarray;2.363615113979904
26;6000;multiply;pauliarray;2.3901581570098642
27;6000;multiply;pauliarray;2.3565771099820267
28;6000;multiply;pauliarray;2.353195317002246
29;6000;multiply;pauliarray;2.35271317299339
30;6000;multiply;pauliarray;2.36986702500144
31;6000;multiply;pauliarray;2.377958678000141
32;6000;multiply;pauliarray;2.362792008003453
33;6000;multiply;pauliarray;2.3460510300064925
34;6000;multiply;pauliarray;2.3611016620125156
35;6000;multiply;pauliarray;2.348759454995161
36;6000;multiply;pauliarray;2.35172634900664
37;6000;multiply;pauliarray;2.3410632730228826
38;6000;multiply;pauliarray;5.483554707985604
39;6000;multiply;pauliarray;2.3460395459842402
40;6000;multiply;pauliarray;3.4640457589994185
41;6000;multiply;pauliarray;2.342091588972835
42;6000;multiply;pauliarray;2.355100440006936
43;6000;multiply;pauliarray;2.3671683199936524
44;6000;multiply;pauliarray;2.3511243959947024
45;6000;multiply;pauliarray;2.344505590008339
46;6000;multiply;pauliarray;2.3381769389961846
47;6000;multiply;pauliarray;2.3350300710008014
48;6000;multiply;pauliarray;2.356202396011213
49;6000;multiply;pauliarray;2.3597628510033246
50;6000;multiply;pauliarray;2.3375568880001083
51;6000;multiply;pauliarray;2.3463683990121353
52;6000;multiply;pauliarray;2.343617060018005
53;6000;multiply;pauliarray;2.381394300988177
54;6000;multiply;pauliarray;2.355237888987176
55;6000;multiply;pauliarray;2.36494587600464
56;6000;multiply;pauliarray;2.3563506029895507
57;6000;multiply;pauliarray;2.348319040989736
58;6000;multiply;pauliarray;2.3573860679753125
59;6000;multiply;pauliarray;2.354849796014605
60;6000;multiply;pauliarray;2.3533610139857046
61;6000;multiply;pauliarray;2.37526387401158
62;6000;multiply;pauliarray;2.396588001982309
63;6000;multiply;pauliarray;2.3532779029919766
64;6000;multiply;pauliarray;2.3585631029854994
65;6000;multiply;pauliarray;2.357607238984201
66;6000;multiply;pauliarray;2.3713048200006597
67;6000;multiply;pauliarray;2.403671445004875
68;6000;multiply;pauliarray;2.381152843008749
69;6000;multiply;pauliarray;2.376532303984277
70;6000;multiply;pauliarray;2.350368838000577
71;6000;multiply;pauliarray;2.3615001659782138
72;6000;multiply;pauliarray;2.3404909429955296
73;6000;multiply;pauliarray;2.3614354010205716
74;6000;multiply;pauliarray;2.354269520001253
75;6000;multiply;pauliarray;2.3562979379785247
76;6000;multiply;pauliarray;2.39506164600607
77;6000;multiply;pauliarray;2.3586360169865657
78;6000;multiply;pauliarray;2.362710445013363
79;6000;multiply;pauliarray;2.351320690999273
80;6000;multiply;pauliarray;2.3489204369834624
81;6000;multiply;pauliarray;2.367696342000272
82;6000;multiply;pauliarray;2.369261640997138
83;6000;multiply;pauliarray;2.3462520449829753
84;6000;multiply;pauliarray;2.361917201022152
85;6000;multiply;pauliarray;2.350517375016352
86;6000;multiply;pauliarray;2.379844358016271
87;6000;multiply;pauliarray;2.339832354016835
88;6000;multiply;pauliarray;2.3531020570080727
89;6000;multiply;pauliarray;2.3530585989938118
90;6000;multiply;pauliarray;2.3618137550074607
91;6000;multiply;pauliarray;5.510999013000401
92;6000;multiply;pauliarray;2.3592668609926477
93;6000;multiply;pauliarray;2.372365957009606
94;6000;multiply;pauliarray;2.3779670580115635
95;6000;multiply;pauliarray;2.367565912019927
96;6000;multiply;pauliarray;2.3668723320006393
97;6000;multiply;pauliarray;2.3423712860094383
98;6000;multiply;pauliarray;2.351479245000519
99;6000;multiply;pauliarray;2.366811471991241
100;6000;multiply;pauliarray;2.3857952149992343
1;8000;multiply;pauliarray;2.470276089006802
2;8000;multiply;pauliarray;2.474891680991277
3;8000;multiply;pauliarray;2.498695910006063
4;8000;multiply;pauliarray;2.4789982360089198
5;8000;multiply;pauliarray;2.48564127201098
6;8000;multiply;pauliarray;2.511822150001535
7;8000;multiply;pauliarray;2.508079330000328
8;8000;multiply;pauliarray;2.5224260370014235
9;8000;multiply;pauliarray;2.4861233120027464
10;8000;multiply;pauliarray;2.481642042985186
11;8000;multiply;pauliarray;2.4803136920090765
12;8000;multiply;pauliarray;2.5063659150036983
13;8000;multiply;pauliarray;2.576824151998153
14;8000;multiply;pauliarray;2.5162691840087064
15;8000;multiply;pauliarray;2.4871093060064595
16;8000;multiply;pauliarray;2.478120501007652
17;8000;multiply;pauliarray;2.484186927002156
18;8000;multiply;pauliarray;2.4857292939850595
19;8000;multiply;pauliarray;2.5195553039957304
20;8000;multiply;pauliarray;2.519247390999226
21;8000;multiply;pauliarray;2.540681240003323
22;8000;multiply;pauliarray;2.476712600007886
23;8000;multiply;pauliarray;2.5302753940050025
24;8000;multiply;pauliarray;2.502116200979799
25;8000;multiply;pauliarray;2.4757368369901087
26;8000;multiply;pauliarray;2.5395630779967178
27;8000;multiply;pauliarray;2.4973405429918785
28;8000;multiply;pauliarray;2.66795908898348
29;8000;multiply;pauliarray;2.4799180229892954
30;8000;multiply;pauliarray;2.4805110529996455
31;8000;multiply;pauliarray;2.5167909350129776
32;8000;multiply;pauliarray;2.475603370985482
33;8000;multiply;pauliarray;2.47427848901134
34;8000;multiply;pauliarray;2.477585412998451
35;8000;multiply;pauliarray;2.473611010995228
36;8000;multiply;pauliarray;2.5090932520106435
37;8000;multiply;pauliarray;2.467576177994488
38;8000;multiply;pauliarray;2.464028721995419
39;8000;multiply;pauliarray;2.481083687976934
40;8000;multiply;pauliarray;2.4724123789928854
41;8000;multiply;pauliarray;2.548680570005672
42;8000;multiply;pauliarray;2.499233576003462
43;8000;multiply;pauliarray;2.5053934330062475
44;8000;multiply;pauliarray;2.4830447339918464
45;8000;multiply;pauliarray;2.4762030259880703
46;8000;multiply;pauliarray;2.5018802669947036
47;8000;multiply;pauliarray;2.4781556189991534
48;8000;multiply;pauliarray;2.4938050619966816
49;8000;multiply;pauliarray;2.495328123011859
50;8000;multiply;pauliarray;2.48875341200619
51;8000;multiply;pauliarray;2.4777102429943625
52;8000;multiply;pauliarray;2.4895672739949077
53;8000;multiply;pauliarray;2.4746892870170996
54;8000;multiply;pauliarray;2.4850280589889735
55;8000;multiply;pauliarray;2.480191200011177
56;8000;multiply;pauliarray;2.5022455760044977
57;8000;multiply;pauliarray;2.477999032998923
58;8000;multiply;pauliarray;2.480723789019976
59;8000;multiply;pauliarray;2.477849838003749
60;8000;multiply;pauliarray;2.4711519190168474
61;8000;multiply;pauliarray;2.5101943259942345
62;8000;multiply;pauliarray;2.533514490001835
63;8000;multiply;pauliarray;2.49701712600654
64;8000;multiply;pauliarray;2.49993442199775
65;8000;multiply;pauliarray;2.916989609017037
66;8000;multiply;pauliarray;2.4967245050065685
67;8000;multiply;pauliarray;2.5549293420044705
68;8000;multiply;pauliarray;2.4764402360015083
69;8000;multiply;pauliarray;2.4784301320032682
70;8000;multiply;pauliarray;2.488573572016321
71;8000;multiply;pauliarray;2.500487219018396
72;8000;multiply;pauliarray;2.4838918469904456
73;8000;multiply;pauliarray;2.4821340950147714
74;8000;multiply;pauliarray;2.4764924040064216
75;8000;multiply;pauliarray;2.4884760030254256
76;8000;multiply;pauliarray;2.533380238019163
77;8000;multiply;pauliarray;2.482307389000198
78;8000;multiply;pauliarray;2.4706817519909237
79;8000;multiply;pauliarray;2.485742893011775
80;8000;multiply;pauliarray;2.5013920220080763
81;8000;multiply;pauliarray;2.474436557997251
82;8000;multiply;pauliarray;2.5291396039829124
83;8000;multiply;pauliarray;2.4830004399991594
84;8000;multiply;pauliarray;2.4930101850186475
85;8000;multiply;pauliarray;2.4831349029846024
86;8000;multiply;pauliarray;2.498443922988372
87;8000;multiply;pauliarray;2.481321773986565
88;8000;multiply;pauliarray;2.4930442759941798
89;8000;multiply;pauliarray;2.4814073339803144
90;8000;multiply;pauliarray;2.4799912180169486
91;8000;multiply;pauliarray;5.769012721983017
92;8000;multiply;pauliarray;2.4900726529886015
93;8000;multiply;pauliarray;2.4765578549995553
94;8000;multiply;pauliarray;2.5085813500045333
95;8000;multiply;pauliarray;2.482847606006544
96;8000;multiply;pauliarray;2.47889839700656
97;8000;multiply;pauliarray;2.4798258150112815
98;8000;multiply;pauliarray;2.475157703011064
99;8000;multiply;pauliarray;2.5092126470117364
100;8000;multiply;pauliarray;2.487737149000168
1;10000;multiply;pauliarray;2.6011288590088952
2;10000;multiply;pauliarray;2.5991098629892804
3;10000;multiply;pauliarray;2.6070018879836425
4;10000;multiply;pauliarray;2.6457663369947113
5;10000;multiply;pauliarray;3.309460685995873
6;10000;multiply;pauliarray;2.6312373540131375
7;10000;multiply;pauliarray;2.644894839002518
8;10000;multiply;pauliarray;2.6375982870231383
9;10000;multiply;pauliarray;2.66458628399414
10;10000;multiply;pauliarray;2.608420994016342
11;10000;multiply;pauliarray;2.606302180996863
12;10000;multiply;pauliarray;2.6111451739852782
13;10000;multiply;pauliarray;2.6394890240044333
14;10000;multiply;pauliarray;2.6438783670018893
15;10000;multiply;pauliarray;2.6674823089852
16;10000;multiply;pauliarray;2.6037073560000863
17;10000;multiply;pauliarray;2.6066656130133197
18;10000;multiply;pauliarray;2.6233772240229882
19;10000;multiply;pauliarray;2.6166469829913694
20;10000;multiply;pauliarray;2.6566544030210935
21;10000;multiply;pauliarray;2.6728021910239477
22;10000;multiply;pauliarray;2.651543063984718
23;10000;multiply;pauliarray;2.62031459499849
24;10000;multiply;pauliarray;2.636456164997071
25;10000;multiply;pauliarray;2.6228836819936987
26;10000;multiply;pauliarray;2.6323839919932652
27;10000;multiply;pauliarray;2.650154256989481
28;10000;multiply;pauliarray;2.609208926005522
29;10000;multiply;pauliarray;2.614141197002027
30;10000;multiply;pauliarray;2.6065899999812245
31;10000;multiply;pauliarray;2.636260831990512
32;10000;multiply;pauliarray;2.659749370010104
33;10000;multiply;pauliarray;2.6305723339901306
34;10000;multiply;pauliarray;3.510878501983825
35;10000;multiply;pauliarray;2.604776452004444
36;10000;multiply;pauliarray;2.612981943995692
37;10000;multiply;pauliarray;2.6118829859769903
38;10000;multiply;pauliarray;2.6182891350181308
39;10000;multiply;pauliarray;2.6052747830108274
40;10000;multiply;pauliarray;2.6135033940081485
41;10000;multiply;pauliarray;2.6048956089944113
42;10000;multiply;pauliarray;2.6040716109855566
43;10000;multiply;pauliarray;2.612635205994593
44;10000;multiply;pauliarray;2.6210092139954213
45;10000;multiply;pauliarray;2.629634245997295
46;10000;multiply;pauliarray;2.639977557992097
47;10000;multiply;pauliarray;2.6093648330133874
48;10000;multiply;pauliarray;2.601466891996097
49;10000;multiply;pauliarray;2.605075614002999
50;10000;multiply;pauliarray;2.612271010002587
51;10000;multiply;pauliarray;2.6132648549973965
52;10000;multiply;pauliarray;2.608911044022534
53;10000;multiply;pauliarray;2.6202526240085717
54;10000;multiply;pauliarray;2.6124037679983303
55;10000;multiply;pauliarray;2.6201779900002293
56;10000;multiply;pauliarray;2.6441602209815755
57;10000;multiply;pauliarray;2.647313455992844
58;10000;multiply;pauliarray;2.6537562040030025
59;10000;multiply;pauliarray;2.615194221987622
60;10000;multiply;pauliarray;2.612727392988745
61;10000;multiply;pauliarray;2.6341898829850834
62;10000;multiply;pauliarray;2.6441109250008594
63;10000;multiply;pauliarray;2.666968920006184
64;10000;multiply;pauliarray;2.6363097990106326
65;10000;multiply;pauliarray;2.6004267029929906
66;10000;multiply;pauliarray;2.631820084992796
67;10000;multiply;pauliarray;2.6688582580245566
68;10000;multiply;pauliarray;2.6500863050168846
69;10000;multiply;pauliarray;2.618176265998045
70;10000;multiply;pauliarray;2.6259768279851414
71;10000;multiply;pauliarray;2.6237549600191414
72;10000;multiply;pauliarray;2.6849467330030166
73;10000;multiply;pauliarray;2.649185412999941
74;10000;multiply;pauliarray;2.607130477001192
75;10000;multiply;pauliarray;2.6171132999879774
76;10000;multiply;pauliarray;2.6226144910033327
77;10000;multiply;pauliarray;2.633518391987309
78;10000;multiply;pauliarray;2.6269375830015633
79;10000;multiply;pauliarray;2.6252644030028023
80;10000;multiply;pauliarray;2.6263224889989942
81;10000;multiply;pauliarray;6.09844501799671
82;10000;multiply;pauliarray;2.6153634029906243
83;10000;multiply;pauliarray;2.658374043996446
84;10000;multiply;pauliarray;2.5994984550052322
85;10000;multiply;pauliarray;2.6092707329953555
86;10000;multiply;pauliarray;2.606208573008189
87;10000;multiply;pauliarray;2.6211207500018645
88;10000;multiply;pauliarray;2.6612844209885225
89;10000;multiply;pauliarray;2.610045617999276
90;10000;multiply;pauliarray;2.6048555230081547
91;10000;multiply;pauliarray;2.632163374015363
92;10000;multiply;pauliarray;2.61902232398279
93;10000;multiply;pauliarray;2.6225497480190825
94;10000;multiply;pauliarray;2.61927971401019
95;10000;multiply;pauliarray;2.612163268000586
96;10000;multiply;pauliarray;6.036835003993474
97;10000;multiply;pauliarray;2.6170262979867402
98;10000;multiply;pauliarray;2.6573989529861137
99;10000;multiply;pauliarray;2.889687975984998
100;10000;multiply;pauliarray;2.6186995719908737
1;12000;multiply;pauliarray;2.78105208199122
2;12000;multiply;pauliarray;2.7573048199992627
3;12000;multiply;pauliarray;2.75527681800304
4;12000;multiply;pauliarray;2.7528354359965306
5;12000;multiply;pauliarray;2.7434633939992636
6;12000;multiply;pauliarray;2.8101711929775774
7;12000;multiply;pauliarray;2.784115610003937
8;12000;multiply;pauliarray;2.7499507470056415
9;12000;multiply;pauliarray;2.7575718860025518
10;12000;multiply;pauliarray;2.7865215049823746
11;12000;multiply;pauliarray;2.7617700370028615
12;12000;multiply;pauliarray;2.7633957890211605
13;12000;multiply;pauliarray;2.769514904997777
14;12000;multiply;pauliarray;2.7527826220029965
15;12000;multiply;pauliarray;2.7540607340051793
16;12000;multiply;pauliarray;2.8165879730076995
17;12000;multiply;pauliarray;2.793824599008076
18;12000;multiply;pauliarray;2.759851659007836
19;12000;multiply;pauliarray;2.786718324990943
20;12000;multiply;pauliarray;2.7731359619938303
21;12000;multiply;pauliarray;2.7819298259855714
22;12000;multiply;pauliarray;2.7624442170199472
23;12000;multiply;pauliarray;2.7929487049987074
24;12000;multiply;pauliarray;2.8176236969884485
25;12000;multiply;pauliarray;2.7634018609824125
26;12000;multiply;pauliarray;2.7694448069960345
27;12000;multiply;pauliarray;2.7489211720239837
28;12000;multiply;pauliarray;2.7640828260045964
29;12000;multiply;pauliarray;2.796204384008888
30;12000;multiply;pauliarray;2.8292144630104303
31;12000;multiply;pauliarray;2.75698072600062
32;12000;multiply;pauliarray;2.770901846990455
33;12000;multiply;pauliarray;2.767596980993403
34;12000;multiply;pauliarray;2.7905908529937733
35;12000;multiply;pauliarray;2.7469462720036972
36;12000;multiply;pauliarray;2.7570658120093867
37;12000;multiply;pauliarray;2.748723536991747
38;12000;multiply;pauliarray;2.7391657819971442
39;12000;multiply;pauliarray;2.7824242020142265
40;12000;multiply;pauliarray;2.788662535022013
41;12000;multiply;pauliarray;2.7391839399933815
42;12000;multiply;pauliarray;2.770184330001939
43;12000;multiply;pauliarray;2.74521783698583
44;12000;multiply;pauliarray;2.7487233769788872
45;12000;multiply;pauliarray;2.7816610599984415
46;12000;multiply;pauliarray;2.8090472610201687
47;12000;multiply;pauliarray;2.7472641399945132
48;12000;multiply;pauliarray;2.7317765220068395
49;12000;multiply;pauliarray;2.7545502970169764
50;12000;multiply;pauliarray;2.7578021040244494
51;12000;multiply;pauliarray;2.825592888024403
52;12000;multiply;pauliarray;2.7822308559843805
53;12000;multiply;pauliarray;2.7614558060013223
54;12000;multiply;pauliarray;2.7871906390064396
55;12000;multiply;pauliarray;2.762580061011249
56;12000;multiply;pauliarray;2.756003682996379
57;12000;multiply;pauliarray;2.7667673010146245
58;12000;multiply;pauliarray;2.8101498360047117
59;12000;multiply;pauliarray;2.792569717974402
60;12000;multiply;pauliarray;2.779682991997106
61;12000;multiply;pauliarray;2.8032739589980338
62;12000;multiply;pauliarray;2.7961088249867316
63;12000;multiply;pauliarray;2.7893985499977134
64;12000;multiply;pauliarray;2.7829671159852296
65;12000;multiply;pauliarray;2.7728777159936726
66;12000;multiply;pauliarray;2.7657508259871975
67;12000;multiply;pauliarray;2.7750399869983084
68;12000;multiply;pauliarray;2.7749393019767012
69;12000;multiply;pauliarray;2.8010417009936646
70;12000;multiply;pauliarray;2.7662294440087862
71;12000;multiply;pauliarray;2.752543856011471
72;12000;multiply;pauliarray;2.7651672390056774
73;12000;multiply;pauliarray;2.7602032120048534
74;12000;multiply;pauliarray;2.827801232022466
75;12000;multiply;pauliarray;2.792857992986683
76;12000;multiply;pauliarray;2.7664301309851
77;12000;multiply;pauliarray;2.7493955429818016
78;12000;multiply;pauliarray;2.836339928006055
79;12000;multiply;pauliarray;2.80508657800965
80;12000;multiply;pauliarray;2.7642984649864957
81;12000;multiply;pauliarray;2.7633932270109653
82;12000;multiply;pauliarray;2.74831560900202
83;12000;multiply;pauliarray;2.7401160470035393
84;12000;multiply;pauliarray;2.8051464800082613
85;12000;multiply;pauliarray;2.7418622899858747
86;12000;multiply;pauliarray;2.758422540005995
87;12000;multiply;pauliarray;2.77095689001726
88;12000;multiply;pauliarray;2.7978420730214566
89;12000;multiply;pauliarray;2.7532277739956044
90;12000;multiply;pauliarray;6.102986584010068
91;12000;multiply;pauliarray;2.7647280039964244
92;12000;multiply;pauliarray;2.8023580310109537
93;12000;multiply;pauliarray;2.752686577005079
94;12000;multiply;pauliarray;2.7470313340018038
95;12000;multiply;pauliarray;2.761290116002783
96;12000;multiply;pauliarray;2.7665805340220686
97;12000;multiply;pauliarray;3.452425121999113
98;12000;multiply;pauliarray;2.7489604739821516
99;12000;multiply;pauliarray;2.7485419519944116
100;12000;multiply;pauliarray;2.7965466160094365
