#;qubits;operation;library;performance
1;10;build;stim;0.0009574079886078835
2;10;build;stim;0.0004891399876214564
3;10;build;stim;0.000836346996948123
4;10;build;stim;0.0008349109557457268
5;10;build;stim;0.0008261670009233057
6;10;build;stim;0.0008471820037811995
7;10;build;stim;0.0008318689651787281
8;10;build;stim;0.0008786480175331235
9;10;build;stim;0.0008723470382392406
10;10;build;stim;0.00048746203538030386
11;10;build;stim;0.00048764701932668686
12;10;build;stim;0.00048523099394515157
13;10;build;stim;0.0004932389711029828
14;10;build;stim;0.000863961991854012
15;10;build;stim;0.0008657000144012272
16;10;build;stim;0.0008730169502086937
17;10;build;stim;0.0008796789916232228
18;10;build;stim;0.0004936319892294705
19;10;build;stim;0.0008897890220396221
20;10;build;stim;0.0008828039863146842
21;10;build;stim;0.0008343569934368134
22;10;build;stim;0.0008655450074002147
23;10;build;stim;0.0004902359796687961
24;10;build;stim;0.00076176697621122
25;10;build;stim;0.0004925709799863398
26;10;build;stim;0.0006393879884853959
27;10;build;stim;0.0005018300144001842
28;10;build;stim;0.0008900979883037508
29;10;build;stim;0.0008410740410909057
30;10;build;stim;0.0004928649868816137
31;10;build;stim;0.0008005039999261498
32;10;build;stim;0.0008574899984523654
33;10;build;stim;0.0009037090349011123
34;10;build;stim;0.0008798930211924016
35;10;build;stim;0.0008551139617338777
36;10;build;stim;0.00087913399329409
37;10;build;stim;0.0008755389717407525
38;10;build;stim;0.0008856600034050643
39;10;build;stim;0.0008277290035039186
40;10;build;stim;0.0008275490254163742
41;10;build;stim;0.00086358399130404
42;10;build;stim;0.0008480909746140242
43;10;build;stim;0.0008824790129438043
44;10;build;stim;0.0004968279972672462
45;10;build;stim;0.0008679399616084993
46;10;build;stim;0.0008558729896321893
47;10;build;stim;0.0008385269902646542
48;10;build;stim;0.0008566409815102816
49;10;build;stim;0.0008800780051387846
50;10;build;stim;0.0008716430165804923
51;10;build;stim;0.0008626909693703055
52;10;build;stim;0.0008669950184412301
53;10;build;stim;0.0008525659795850515
54;10;build;stim;0.0008331490098498762
55;10;build;stim;0.0008856370113790035
56;10;build;stim;0.0009112959960475564
57;10;build;stim;0.0009193939622491598
58;10;build;stim;0.0004983610124327242
59;10;build;stim;0.0004997659707441926
60;10;build;stim;0.0008291980484500527
61;10;build;stim;0.0008413440082222223
62;10;build;stim;0.0004917070036754012
63;10;build;stim;0.0008514900109730661
64;10;build;stim;0.0008210759842768312
65;10;build;stim;0.0008512649801559746
66;10;build;stim;0.0008047299925237894
67;10;build;stim;0.0007771149976179004
68;10;build;stim;0.0004974500043317676
69;10;build;stim;0.0005169420037418604
70;10;build;stim;0.0008653510012663901
71;10;build;stim;0.0008400080259889364
72;10;build;stim;0.0009057219722308218
73;10;build;stim;0.0008284649811685085
74;10;build;stim;0.0005016020149923861
75;10;build;stim;0.0004922419902868569
76;10;build;stim;0.0005659040180034935
77;10;build;stim;0.0004940730286762118
78;10;build;stim;0.0004921939689666033
79;10;build;stim;0.0009457900305278599
80;10;build;stim;0.0007703080191276968
81;10;build;stim;0.0004969150177203119
82;10;build;stim;0.0008944369619712234
83;10;build;stim;0.0009036390110850334
84;10;build;stim;0.0007355150301009417
85;10;build;stim;0.0008540410199202597
86;10;build;stim;0.0008727909880690277
87;10;build;stim;0.0005003479891456664
88;10;build;stim;0.0004979260265827179
89;10;build;stim;0.0007483490044251084
90;10;build;stim;0.0008958260295912623
91;10;build;stim;0.0007485299720428884
92;10;build;stim;0.0004985149716958404
93;10;build;stim;0.0008977599791251123
94;10;build;stim;0.0008974529919214547
95;10;build;stim;0.0008660620078444481
96;10;build;stim;0.0008757660398259759
97;10;build;stim;0.0008562380098737776
98;10;build;stim;0.0009127539815381169
99;10;build;stim;0.0008977240067906678
100;10;build;stim;0.0008321669884026051
1;100;build;stim;0.0013998700305819511
2;100;build;stim;0.0013371339882723987
3;100;build;stim;0.0017906620050780475
4;100;build;stim;0.0017439110088162124
5;100;build;stim;0.0016519560012966394
6;100;build;stim;0.0017001029918901622
7;100;build;stim;0.0017872549942694604
8;100;build;stim;0.001781327009666711
9;100;build;stim;0.001732258009724319
10;100;build;stim;0.0016757120029069483
11;100;build;stim;0.0013338819844648242
12;100;build;stim;0.0013291609939187765
13;100;build;stim;0.0013274580123834312
14;100;build;stim;0.0018079340225085616
15;100;build;stim;0.0017900739912874997
16;100;build;stim;0.0017008429858833551
17;100;build;stim;0.001699000014923513
18;100;build;stim;0.001332785002887249
19;100;build;stim;0.0017983999568969011
20;100;build;stim;0.0016961109940893948
21;100;build;stim;0.0016978259664028883
22;100;build;stim;0.001741612039040774
23;100;build;stim;0.001837405958212912
24;100;build;stim;0.0016730200150050223
25;100;build;stim;0.0015609819674864411
26;100;build;stim;0.001334731001406908
27;100;build;stim;0.0015550790121778846
28;100;build;stim;0.0016922240029089153
29;100;build;stim;0.0017399619682691991
30;100;build;stim;0.0017934459610842168
31;100;build;stim;0.0017152780201286077
32;100;build;stim;0.0018292239983566105
33;100;build;stim;0.001704388007055968
34;100;build;stim;0.0017072340124286711
35;100;build;stim;0.0017164110322482884
36;100;build;stim;0.0017093169735744596
37;100;build;stim;0.0017300339532084763
38;100;build;stim;0.0017300560139119625
39;100;build;stim;0.0017121380078606308
40;100;build;stim;0.0017216550186276436
41;100;build;stim;0.0016971019795164466
42;100;build;stim;0.0017390460125170648
43;100;build;stim;0.0017236220301128924
44;100;build;stim;0.001337115012574941
45;100;build;stim;0.0017458020010963082
46;100;build;stim;0.001703366986475885
47;100;build;stim;0.0016483889776282012
48;100;build;stim;0.0017465659766457975
49;100;build;stim;0.0017863789689727128
50;100;build;stim;0.0017586929607205093
51;100;build;stim;0.001757331017870456
52;100;build;stim;0.001699045009445399
53;100;build;stim;0.0017333629657514393
54;100;build;stim;0.0017420730437152088
55;100;build;stim;0.001798328012228012
56;100;build;stim;0.0016917790053412318
57;100;build;stim;0.001692614983767271
58;100;build;stim;0.0018039870192296803
59;100;build;stim;0.0013342179590836167
60;100;build;stim;0.0016259659896604717
61;100;build;stim;0.0017472270410507917
62;100;build;stim;0.0013385890051722527
63;100;build;stim;0.0017334690201096237
64;100;build;stim;0.0017833510064519942
65;100;build;stim;0.0017353740404359996
66;100;build;stim;0.001728363975416869
67;100;build;stim;0.001683190988842398
68;100;build;stim;0.0013350080116651952
69;100;build;stim;0.002020273997914046
70;100;build;stim;0.001659330038819462
71;100;build;stim;0.0017352470313198864
72;100;build;stim;0.001783326966688037
73;100;build;stim;0.0017863669781945646
74;100;build;stim;0.0017418119823560119
75;100;build;stim;0.001323623990174383
76;100;build;stim;0.0016517100157216191
77;100;build;stim;0.0016254180227406323
78;100;build;stim;0.0017250110395252705
79;100;build;stim;0.0015619299956597388
80;100;build;stim;0.001551253953948617
81;100;build;stim;0.0014732150011695921
82;100;build;stim;0.001716784026939422
83;100;build;stim;0.0016574549954384565
84;100;build;stim;0.0015618519973941147
85;100;build;stim;0.001674761006142944
86;100;build;stim;0.001811326015740633
87;100;build;stim;0.0013951699947938323
88;100;build;stim;0.0020227059721946716
89;100;build;stim;0.0013314189855009317
90;100;build;stim;0.001725833979435265
91;100;build;stim;0.0013339899596758187
92;100;build;stim;0.0014290459803305566
93;100;build;stim;0.0017391390283592045
94;100;build;stim;0.0018423220026306808
95;100;build;stim;0.0017362579819746315
96;100;build;stim;0.0017038070363923907
97;100;build;stim;0.00174992298707366
98;100;build;stim;0.0017056679935194552
99;100;build;stim;0.001778965990524739
100;100;build;stim;0.0017404649988748133
1;1000;build;stim;0.00986051798099652
2;1000;build;stim;0.009723325027152896
3;1000;build;stim;0.011214298021513969
4;1000;build;stim;0.011064524005632848
5;1000;build;stim;0.011024993029423058
6;1000;build;stim;0.010918251995462924
7;1000;build;stim;0.010856598964892328
8;1000;build;stim;0.01029280200600624
9;1000;build;stim;0.010959971987176687
10;1000;build;stim;0.009722563961986452
11;1000;build;stim;0.009748208976816386
12;1000;build;stim;0.009735429019201547
13;1000;build;stim;0.010464546037837863
14;1000;build;stim;0.01081868598703295
15;1000;build;stim;0.010529927036259323
16;1000;build;stim;0.010597424989100546
17;1000;build;stim;0.010907388001214713
18;1000;build;stim;0.009724428004119545
19;1000;build;stim;0.011200643028132617
20;1000;build;stim;0.011526460002642125
21;1000;build;stim;0.010705035994760692
22;1000;build;stim;0.011241263011470437
23;1000;build;stim;0.010516144975554198
24;1000;build;stim;0.01016294799046591
25;1000;build;stim;0.010051899997051805
26;1000;build;stim;0.009734097984619439
27;1000;build;stim;0.009728713019285351
28;1000;build;stim;0.010405450011603534
29;1000;build;stim;0.010897208005189896
30;1000;build;stim;0.011157133034430444
31;1000;build;stim;0.01055024703964591
32;1000;build;stim;0.010914008016698062
33;1000;build;stim;0.011112761043477803
34;1000;build;stim;0.010625405004248023
35;1000;build;stim;0.011033980990760028
36;1000;build;stim;0.010720808990299702
37;1000;build;stim;0.011208973999600857
38;1000;build;stim;0.01096720201894641
39;1000;build;stim;0.010836795961949974
40;1000;build;stim;0.011157548055052757
41;1000;build;stim;0.010652012017089874
42;1000;build;stim;0.011413829983212054
43;1000;build;stim;0.011073824018239975
44;1000;build;stim;0.009754310012795031
45;1000;build;stim;0.010863873991183937
46;1000;build;stim;0.010626645002048463
47;1000;build;stim;0.011097772978246212
48;1000;build;stim;0.011073942994698882
49;1000;build;stim;0.01019216503482312
50;1000;build;stim;0.01098058803472668
51;1000;build;stim;0.010881514986976981
52;1000;build;stim;0.01084697199985385
53;1000;build;stim;0.010850427963305265
54;1000;build;stim;0.010937765997368842
55;1000;build;stim;0.01079805800691247
56;1000;build;stim;0.010683025990147144
57;1000;build;stim;0.011234320001676679
58;1000;build;stim;0.01083481399109587
59;1000;build;stim;0.010276283021084964
60;1000;build;stim;0.010568986996077001
61;1000;build;stim;0.01114726101513952
62;1000;build;stim;0.011983992997556925
63;1000;build;stim;0.011130172992125154
64;1000;build;stim;0.010890355973970145
65;1000;build;stim;0.01057648001005873
66;1000;build;stim;0.010452337039168924
67;1000;build;stim;0.009744332986883819
68;1000;build;stim;0.009733741986565292
69;1000;build;stim;0.009717493958305568
70;1000;build;stim;0.011261004023253918
71;1000;build;stim;0.010384025983512402
72;1000;build;stim;0.010753879032563418
73;1000;build;stim;0.01091421500314027
74;1000;build;stim;0.009735180996358395
75;1000;build;stim;0.009721078968141228
76;1000;build;stim;0.009874738985672593
77;1000;build;stim;0.009735084022395313
78;1000;build;stim;0.010740305006038398
79;1000;build;stim;0.010543437965679914
80;1000;build;stim;0.010555036016739905
81;1000;build;stim;0.009728342003654689
82;1000;build;stim;0.010633345984388143
83;1000;build;stim;0.01046878204215318
84;1000;build;stim;0.0103926410083659
85;1000;build;stim;0.010665904963389039
86;1000;build;stim;0.010487898951396346
87;1000;build;stim;0.009801154024899006
88;1000;build;stim;0.010186184954363853
89;1000;build;stim;0.01039191399468109
90;1000;build;stim;0.011099828989244998
91;1000;build;stim;0.00972957699559629
92;1000;build;stim;0.009763623005710542
93;1000;build;stim;0.011286293040029705
94;1000;build;stim;0.010999260994140059
95;1000;build;stim;0.01096278801560402
96;1000;build;stim;0.011208515032194555
97;1000;build;stim;0.010636598046403378
98;1000;build;stim;0.010699707025196403
99;1000;build;stim;0.010754348011687398
100;1000;build;stim;0.011172999977134168
1;3000;build;stim;0.028881859965622425
2;3000;build;stim;0.02842641802271828
3;3000;build;stim;0.03183662804076448
4;3000;build;stim;0.030569933995138854
5;3000;build;stim;0.03244884195737541
6;3000;build;stim;0.032044616993516684
7;3000;build;stim;0.030158146983012557
8;3000;build;stim;0.030743968964088708
9;3000;build;stim;0.0303173569845967
10;3000;build;stim;0.030436980014201254
11;3000;build;stim;0.031540348019916564
12;3000;build;stim;0.028412227984517813
13;3000;build;stim;0.03243957698578015
14;3000;build;stim;0.029562756011728197
15;3000;build;stim;0.03206295002019033
16;3000;build;stim;0.031805939972400665
17;3000;build;stim;0.03273430000990629
18;3000;build;stim;0.02836318500339985
19;3000;build;stim;0.02970244997413829
20;3000;build;stim;0.03127719700569287
21;3000;build;stim;0.030968496983405203
22;3000;build;stim;0.03223026799969375
23;3000;build;stim;0.031099607003852725
24;3000;build;stim;0.030031605972908437
25;3000;build;stim;0.03097432799404487
26;3000;build;stim;0.03533602098468691
27;3000;build;stim;0.03065270301885903
28;3000;build;stim;0.03068109299056232
29;3000;build;stim;0.03123740799492225
30;3000;build;stim;0.030579665035475045
31;3000;build;stim;0.030951078981161118
32;3000;build;stim;0.029881427995860577
33;3000;build;stim;0.03013082401594147
34;3000;build;stim;0.030886012013070285
35;3000;build;stim;0.03127237601438537
36;3000;build;stim;0.030427357007283717
37;3000;build;stim;0.03128717601066455
38;3000;build;stim;0.032487660995684564
39;3000;build;stim;0.029805842030327767
40;3000;build;stim;0.03034289402421564
41;3000;build;stim;0.030298117024358362
42;3000;build;stim;0.031523178971838206
43;3000;build;stim;0.030503419053275138
44;3000;build;stim;0.028351649991236627
45;3000;build;stim;0.030954089015722275
46;3000;build;stim;0.03103442396968603
47;3000;build;stim;0.030864602013025433
48;3000;build;stim;0.03055261797271669
49;3000;build;stim;0.030854078999254853
50;3000;build;stim;0.031024594034533948
51;3000;build;stim;0.029762135003693402
52;3000;build;stim;0.029180824989452958
53;3000;build;stim;0.03110174898756668
54;3000;build;stim;0.03005264000967145
55;3000;build;stim;0.03213809500448406
56;3000;build;stim;0.031477917975280434
57;3000;build;stim;0.030981129966676235
58;3000;build;stim;0.0310501650092192
59;3000;build;stim;0.035289585997816175
60;3000;build;stim;0.031602013972587883
61;3000;build;stim;0.032115270965732634
62;3000;build;stim;0.028408718993887305
63;3000;build;stim;0.0303998040035367
64;3000;build;stim;0.030668218969367445
65;3000;build;stim;0.031801425968296826
66;3000;build;stim;0.03062919498188421
67;3000;build;stim;0.0301975590409711
68;3000;build;stim;0.02834192698355764
69;3000;build;stim;0.030481476977001876
70;3000;build;stim;0.03106125898193568
71;3000;build;stim;0.03195682296063751
72;3000;build;stim;0.032207743963226676
73;3000;build;stim;0.030402083008084446
74;3000;build;stim;0.029061107023153454
75;3000;build;stim;0.028394857014063746
76;3000;build;stim;0.03013298800215125
77;3000;build;stim;0.028368269035127014
78;3000;build;stim;0.030902428028639406
79;3000;build;stim;0.028515522950328887
80;3000;build;stim;0.02839224401395768
81;3000;build;stim;0.02834504097700119
82;3000;build;stim;0.031700660998467356
83;3000;build;stim;0.029603051021695137
84;3000;build;stim;0.02833897399250418
85;3000;build;stim;0.030410278006456792
86;3000;build;stim;0.028399720031302422
87;3000;build;stim;0.030280534992925823
88;3000;build;stim;0.030301812977995723
89;3000;build;stim;0.02837215200997889
90;3000;build;stim;0.028401037969160825
91;3000;build;stim;0.02930209197802469
92;3000;build;stim;0.028336604998912662
93;3000;build;stim;0.031769561988767236
94;3000;build;stim;0.03063365101115778
95;3000;build;stim;0.03275452897651121
96;3000;build;stim;0.03123892197618261
97;3000;build;stim;0.032040336984209716
98;3000;build;stim;0.031237957999110222
99;3000;build;stim;0.03045434900559485
100;3000;build;stim;0.03060335904592648
1;6000;build;stim;0.0562224910245277
2;6000;build;stim;0.05960401997435838
3;6000;build;stim;0.05948433600133285
4;6000;build;stim;0.05862229899503291
5;6000;build;stim;0.06050094502279535
6;6000;build;stim;0.06043783400673419
7;6000;build;stim;0.05998021794948727
8;6000;build;stim;0.06298537598922849
9;6000;build;stim;0.06119991297600791
10;6000;build;stim;0.059015228995122015
11;6000;build;stim;0.058203840046189725
12;6000;build;stim;0.05627723800716922
13;6000;build;stim;0.059635618003085256
14;6000;build;stim;0.0606382199912332
15;6000;build;stim;0.058816167002078146
16;6000;build;stim;0.06127185496734455
17;6000;build;stim;0.0608764190110378
18;6000;build;stim;0.05673999502323568
19;6000;build;stim;0.06280838401289657
20;6000;build;stim;0.06353097804822028
21;6000;build;stim;0.06182102201273665
22;6000;build;stim;0.06102179200388491
23;6000;build;stim;0.06059175299014896
24;6000;build;stim;0.0562761920155026
25;6000;build;stim;0.05902293004328385
26;6000;build;stim;0.05977158201858401
27;6000;build;stim;0.05629802099429071
28;6000;build;stim;0.06286494300002232
29;6000;build;stim;0.05627503601135686
30;6000;build;stim;0.05968716804636642
31;6000;build;stim;0.06144787999801338
32;6000;build;stim;0.06213165301596746
33;6000;build;stim;0.0602523050038144
34;6000;build;stim;0.06268692103913054
35;6000;build;stim;0.06102511700009927
36;6000;build;stim;0.060510782001074404
37;6000;build;stim;0.06018516200128943
38;6000;build;stim;0.06170338799711317
39;6000;build;stim;0.06085103296209127
40;6000;build;stim;0.06414507399313152
41;6000;build;stim;0.06045288796303794
42;6000;build;stim;0.06094137503532693
43;6000;build;stim;0.06126553303329274
44;6000;build;stim;0.06002837501000613
45;6000;build;stim;0.06176434701774269
46;6000;build;stim;0.062376457965001464
47;6000;build;stim;0.06126596900867298
48;6000;build;stim;0.06179679505294189
49;6000;build;stim;0.06183405197225511
50;6000;build;stim;0.060786044981796294
51;6000;build;stim;0.05716174701228738
52;6000;build;stim;0.057269337004981935
53;6000;build;stim;0.05924890603637323
54;6000;build;stim;0.06276884902035818
55;6000;build;stim;0.0618656930164434
56;6000;build;stim;0.06034368899418041
57;6000;build;stim;0.06252046901499853
58;6000;build;stim;0.06046950799645856
59;6000;build;stim;0.05887967097805813
60;6000;build;stim;0.06376721599372104
61;6000;build;stim;0.05963001603959128
62;6000;build;stim;0.05985389702254906
63;6000;build;stim;0.06275050202384591
64;6000;build;stim;0.060480405983980745
65;6000;build;stim;0.05999645998235792
66;6000;build;stim;0.06160579703282565
67;6000;build;stim;0.0597151709953323
68;6000;build;stim;0.056328551028855145
69;6000;build;stim;0.06976423301966861
70;6000;build;stim;0.06311417696997523
71;6000;build;stim;0.060133583028800786
72;6000;build;stim;0.06088604498654604
73;6000;build;stim;0.06221656600246206
74;6000;build;stim;0.0648747620289214
75;6000;build;stim;0.05696024600183591
76;6000;build;stim;0.06969626498175785
77;6000;build;stim;0.05973936099326238
78;6000;build;stim;0.06032456801040098
79;6000;build;stim;0.056849941960535944
80;6000;build;stim;0.060002351994626224
81;6000;build;stim;0.05621672701090574
82;6000;build;stim;0.06095944298431277
83;6000;build;stim;0.06063023000024259
84;6000;build;stim;0.0561996340402402
85;6000;build;stim;0.058919173025060445
86;6000;build;stim;0.05640682199737057
87;6000;build;stim;0.056398677988909185
88;6000;build;stim;0.05637026100885123
89;6000;build;stim;0.05624737101607025
90;6000;build;stim;0.056382790964562446
91;6000;build;stim;0.056691033008974046
92;6000;build;stim;0.05628965201321989
93;6000;build;stim;0.059933490003459156
94;6000;build;stim;0.06175241497112438
95;6000;build;stim;0.06238443800248206
96;6000;build;stim;0.06293294398346916
97;6000;build;stim;0.06081289297435433
98;6000;build;stim;0.06274554500123486
99;6000;build;stim;0.05907820496940985
100;6000;build;stim;0.06183770904317498
1;8000;build;stim;0.07551504898583516
2;8000;build;stim;0.09298642200883478
3;8000;build;stim;0.08168640203075483
4;8000;build;stim;0.08428528002696112
5;8000;build;stim;0.08091830101329833
6;8000;build;stim;0.08008808200247586
7;8000;build;stim;0.08274742000503466
8;8000;build;stim;0.08313089999137446
9;8000;build;stim;0.08518050803104416
10;8000;build;stim;0.07497851399239153
11;8000;build;stim;0.08159102703211829
12;8000;build;stim;0.07498401403427124
13;8000;build;stim;0.07505877001676708
14;8000;build;stim;0.07972567604156211
15;8000;build;stim;0.0786165110184811
16;8000;build;stim;0.08165723097044975
17;8000;build;stim;0.08374888100661337
18;8000;build;stim;0.07529710402013734
19;8000;build;stim;0.08283456799108535
20;8000;build;stim;0.07908504898659885
21;8000;build;stim;0.0825407900265418
22;8000;build;stim;0.08185515401419252
23;8000;build;stim;0.08051611302653328
24;8000;build;stim;0.07800249196588993
25;8000;build;stim;0.07944103801855817
26;8000;build;stim;0.07904879801208153
27;8000;build;stim;0.0822754169930704
28;8000;build;stim;0.08446424698922783
29;8000;build;stim;0.07498797896550968
30;8000;build;stim;0.08246863802196458
31;8000;build;stim;0.08086510200519115
32;8000;build;stim;0.08191948302555829
33;8000;build;stim;0.0820718840113841
34;8000;build;stim;0.08439830900169909
35;8000;build;stim;0.07779453397961333
36;8000;build;stim;0.08368278603302315
37;8000;build;stim;0.08142698102165014
38;8000;build;stim;0.08265871001640335
39;8000;build;stim;0.0806791220093146
40;8000;build;stim;0.08009723800932989
41;8000;build;stim;0.08177881099982187
42;8000;build;stim;0.08294599299551919
43;8000;build;stim;0.08034949499415234
44;8000;build;stim;0.0750395369832404
45;8000;build;stim;0.07499524502782151
46;8000;build;stim;0.08289358497131616
47;8000;build;stim;0.08394273603335023
48;8000;build;stim;0.08307663298910484
49;8000;build;stim;0.08167908299947158
50;8000;build;stim;0.08253377501387149
51;8000;build;stim;0.07642707601189613
52;8000;build;stim;0.08397714601596817
53;8000;build;stim;0.08031679701525718
54;8000;build;stim;0.08276813197880983
55;8000;build;stim;0.07897052000043914
56;8000;build;stim;0.08220874500693753
57;8000;build;stim;0.08419191103894264
58;8000;build;stim;0.07847526099067181
59;8000;build;stim;0.07981728098820895
60;8000;build;stim;0.07988574699265882
61;8000;build;stim;0.08244237001053989
62;8000;build;stim;0.07501231896458194
63;8000;build;stim;0.08096154202939942
64;8000;build;stim;0.08143167401431128
65;8000;build;stim;0.0835128859616816
66;8000;build;stim;0.08172339503653347
67;8000;build;stim;0.09278069203719497
68;8000;build;stim;0.07706828200025484
69;8000;build;stim;0.07500154001172632
70;8000;build;stim;0.08281502895988524
71;8000;build;stim;0.08377810998354107
72;8000;build;stim;0.0789489199523814
73;8000;build;stim;0.08098851697286591
74;8000;build;stim;0.08051615697331727
75;8000;build;stim;0.07872103701811284
76;8000;build;stim;0.079192487988621
77;8000;build;stim;0.07948023598873988
78;8000;build;stim;0.08260016399435699
79;8000;build;stim;0.07956313103204593
80;8000;build;stim;0.07500417297706008
81;8000;build;stim;0.07854892499744892
82;8000;build;stim;0.07960581599036232
83;8000;build;stim;0.08121408999431878
84;8000;build;stim;0.07607531297253445
85;8000;build;stim;0.08369951799977571
86;8000;build;stim;0.08390077098738402
87;8000;build;stim;0.07500353502109647
88;8000;build;stim;0.07497817499097437
89;8000;build;stim;0.08199766697362065
90;8000;build;stim;0.07915684703039005
91;8000;build;stim;0.08053867402486503
92;8000;build;stim;0.07682101801037788
93;8000;build;stim;0.08019687002524734
94;8000;build;stim;0.07917004701448604
95;8000;build;stim;0.08229734300402924
96;8000;build;stim;0.08251109899720177
97;8000;build;stim;0.08524298999691382
98;8000;build;stim;0.08261113800108433
99;8000;build;stim;0.08262300898786634
100;8000;build;stim;0.08145608601626009
1;10000;build;stim;0.09354118001647294
2;10000;build;stim;0.09357220103265718
3;10000;build;stim;0.10103944397997111
4;10000;build;stim;0.10456548898946494
5;10000;build;stim;0.10274544701678678
6;10000;build;stim;0.10242915997514501
7;10000;build;stim;0.09928857901832089
8;10000;build;stim;0.10096720897126943
9;10000;build;stim;0.10374991100979969
10;10000;build;stim;0.0935829629888758
11;10000;build;stim;0.10121375398011878
12;10000;build;stim;0.09359770599985495
13;10000;build;stim;0.10097638698061928
14;10000;build;stim;0.10208628000691533
15;10000;build;stim;0.10002791101578623
16;10000;build;stim;0.10163544199895114
17;10000;build;stim;0.10007203498389572
18;10000;build;stim;0.10223289200803265
19;10000;build;stim;0.10266417998354882
20;10000;build;stim;0.10145803698105738
21;10000;build;stim;0.1044880700064823
22;10000;build;stim;0.0938737879623659
23;10000;build;stim;0.09811294701648876
24;10000;build;stim;0.09376769000664353
25;10000;build;stim;0.09971635998226702
26;10000;build;stim;0.09379119199002162
27;10000;build;stim;0.10342474200297147
28;10000;build;stim;0.0990172729943879
29;10000;build;stim;0.09694760397542268
30;10000;build;stim;0.09886871598428115
31;10000;build;stim;0.09364104905398563
32;10000;build;stim;0.10230160999344662
33;10000;build;stim;0.10073531599482521
34;10000;build;stim;0.10112005099654198
35;10000;build;stim;0.10541141201974824
36;10000;build;stim;0.09896093799034134
37;10000;build;stim;0.10319062898634002
38;10000;build;stim;0.10264504799852148
39;10000;build;stim;0.09370363305788487
40;10000;build;stim;0.10053630900802091
41;10000;build;stim;0.10222591098863631
42;10000;build;stim;0.1025854210020043
43;10000;build;stim;0.10129782999865711
44;10000;build;stim;0.10270351101644337
45;10000;build;stim;0.10017948702443391
46;10000;build;stim;0.10382865299470723
47;10000;build;stim;0.09925289201783016
48;10000;build;stim;0.10179887001868337
49;10000;build;stim;0.10264235700014979
50;10000;build;stim;0.10488509997958317
51;10000;build;stim;0.09369312896160409
52;10000;build;stim;0.09775384300155565
53;10000;build;stim;0.10147770098410547
54;10000;build;stim;0.09949030098505318
55;10000;build;stim;0.10329779196763411
56;10000;build;stim;0.09976428200025111
57;10000;build;stim;0.10254083701875061
58;10000;build;stim;0.10030566900968552
59;10000;build;stim;0.09360416501294822
60;10000;build;stim;0.10021310398587957
61;10000;build;stim;0.10063226002966985
62;10000;build;stim;0.09828464302700013
63;10000;build;stim;0.09699389402521774
64;10000;build;stim;0.1049709579674527
65;10000;build;stim;0.09859660698566586
66;10000;build;stim;0.09366983798099682
67;10000;build;stim;0.09371213801205158
68;10000;build;stim;0.0936761120101437
69;10000;build;stim;0.09950444800779223
70;10000;build;stim;0.10227383300662041
71;10000;build;stim;0.10125756403431296
72;10000;build;stim;0.10143770097056404
73;10000;build;stim;0.09886414598440751
74;10000;build;stim;0.1022651749663055
75;10000;build;stim;0.09362072497606277
76;10000;build;stim;0.09993770497385412
77;10000;build;stim;0.09356226498493925
78;10000;build;stim;0.10116576199652627
79;10000;build;stim;0.09469230001559481
80;10000;build;stim;0.09382261201972142
81;10000;build;stim;0.09369642101228237
82;10000;build;stim;0.09372207697015256
83;10000;build;stim;0.1035294919856824
84;10000;build;stim;0.10020344000076875
85;10000;build;stim;0.09829694801010191
86;10000;build;stim;0.10272765305126086
87;10000;build;stim;0.10206041397759691
88;10000;build;stim;0.09564632998080924
89;10000;build;stim;0.10053486400283873
90;10000;build;stim;0.09466024104040116
91;10000;build;stim;0.09508325101342052
92;10000;build;stim;0.09785980900051072
93;10000;build;stim;0.10282151401042938
94;10000;build;stim;0.10034840600565076
95;10000;build;stim;0.0978595670312643
96;10000;build;stim;0.10006431397050619
97;10000;build;stim;0.09755596099421382
98;10000;build;stim;0.1049989809980616
99;10000;build;stim;0.10333733598235995
100;10000;build;stim;0.10133966099238023
1;12000;build;stim;0.11218017502687871
2;12000;build;stim;0.11242659401614219
3;12000;build;stim;0.11724017595406622
4;12000;build;stim;0.11929584696190432
5;12000;build;stim;0.12031689897412434
6;12000;build;stim;0.12074055703124031
7;12000;build;stim;0.121826272981707
8;12000;build;stim;0.12483760097529739
9;12000;build;stim;0.12212803401052952
10;12000;build;stim;0.11773828399600461
11;12000;build;stim;0.11326596298022196
12;12000;build;stim;0.11780358501709998
13;12000;build;stim;0.11925226601306349
14;12000;build;stim;0.12113099102862179
15;12000;build;stim;0.12030463002156466
16;12000;build;stim;0.12151497200829908
17;12000;build;stim;0.11222108005313203
18;12000;build;stim;0.1196581149706617
19;12000;build;stim;0.12513203802518547
20;12000;build;stim;0.11779472097987309
21;12000;build;stim;0.11589705804362893
22;12000;build;stim;0.11866177595220506
23;12000;build;stim;0.12094260100275278
24;12000;build;stim;0.1182490520295687
25;12000;build;stim;0.11937773699173704
26;12000;build;stim;0.11759772396180779
27;12000;build;stim;0.1258262910414487
28;12000;build;stim;0.12082438101060688
29;12000;build;stim;0.1159471920109354
30;12000;build;stim;0.12229814700549468
31;12000;build;stim;0.12569683202309534
32;12000;build;stim;0.12135615304578096
33;12000;build;stim;0.12117567996028811
34;12000;build;stim;0.11675465502776206
35;12000;build;stim;0.11903977498877794
36;12000;build;stim;0.12398691900307313
37;12000;build;stim;0.12013738602399826
38;12000;build;stim;0.1197771150036715
39;12000;build;stim;0.12802221404854208
40;12000;build;stim;0.12659588101087138
41;12000;build;stim;0.1196615970111452
42;12000;build;stim;0.1194075730163604
43;12000;build;stim;0.11951928003691137
44;12000;build;stim;0.11866753699723631
45;12000;build;stim;0.12344325799494982
46;12000;build;stim;0.12111401901347563
47;12000;build;stim;0.12276134704006836
48;12000;build;stim;0.1299552950076759
49;12000;build;stim;0.12259045901009813
50;12000;build;stim;0.12297627900261432
51;12000;build;stim;0.12400606001028791
52;12000;build;stim;0.11868367297574878
53;12000;build;stim;0.12255106499651447
54;12000;build;stim;0.12449796299915761
55;12000;build;stim;0.12035817001014948
56;12000;build;stim;0.1230695850099437
57;12000;build;stim;0.12035814695991576
58;12000;build;stim;0.11841497401474044
59;12000;build;stim;0.11882145801791921
60;12000;build;stim;0.11403563397470862
61;12000;build;stim;0.11311760602984577
62;12000;build;stim;0.11863397801062092
63;12000;build;stim;0.1262399540282786
64;12000;build;stim;0.12233524699695408
65;12000;build;stim;0.1237377300276421
66;12000;build;stim;0.11236005404498428
67;12000;build;stim;0.11237826896831393
68;12000;build;stim;0.11836200597463176
69;12000;build;stim;0.12626029102830216
70;12000;build;stim;0.11716798297129571
71;12000;build;stim;0.12273892998928204
72;12000;build;stim;0.12248919805279002
73;12000;build;stim;0.11255491402698681
74;12000;build;stim;0.11936942796455696
75;12000;build;stim;0.11252052203053609
76;12000;build;stim;0.11211694299709052
77;12000;build;stim;0.11950806499226019
78;12000;build;stim;0.11921188398264349
79;12000;build;stim;0.11809707398060709
80;12000;build;stim;0.12700568401487544
81;12000;build;stim;0.1128404340124689
82;12000;build;stim;0.12285371299367398
83;12000;build;stim;0.12136472098063678
84;12000;build;stim;0.11565705400425941
85;12000;build;stim;0.12351326597854495
86;12000;build;stim;0.11230342701310292
87;12000;build;stim;0.11902357602957636
88;12000;build;stim;0.11237662902567536
89;12000;build;stim;0.11568380298558623
90;12000;build;stim;0.11212072102352977
91;12000;build;stim;0.1122417000005953
92;12000;build;stim;0.11862617201404646
93;12000;build;stim;0.12167065701214597
94;12000;build;stim;0.11590357002569363
95;12000;build;stim;0.12269769504200667
96;12000;build;stim;0.11866685299901292
97;12000;build;stim;0.12278788798721507
98;12000;build;stim;0.12361189298098907
99;12000;build;stim;0.12209122895728797
100;12000;build;stim;0.12673881195951253
1;10;build;paulie;0.0006262679817155004
2;10;build;paulie;0.000602995976805687
3;10;build;paulie;0.0008190099615603685
4;10;build;paulie;0.0008324970258399844
5;10;build;paulie;0.0007849489920772612
6;10;build;paulie;0.0008363539818674326
7;10;build;paulie;0.0008635249687358737
8;10;build;paulie;0.0008759719785302877
9;10;build;paulie;0.000866243033669889
10;10;build;paulie;0.0006160280317999423
11;10;build;paulie;0.0006111079710535705
12;10;build;paulie;0.0006088379886932671
13;10;build;paulie;0.0006082429899834096
14;10;build;paulie;0.000879475031979382
15;10;build;paulie;0.0008904809947125614
16;10;build;paulie;0.0008662549662403762
17;10;build;paulie;0.0008883030386641622
18;10;build;paulie;0.000848607043735683
19;10;build;paulie;0.0008944270084612072
20;10;build;paulie;0.000849688018206507
21;10;build;paulie;0.00082461501006037
22;10;build;paulie;0.0008258639718405902
23;10;build;paulie;0.0009609720436856151
24;10;build;paulie;0.00061197200557217
25;10;build;paulie;0.0006193190347403288
26;10;build;paulie;0.0006165470113046467
27;10;build;paulie;0.0009196620085276663
28;10;build;paulie;0.0008220850140787661
29;10;build;paulie;0.000869111972860992
30;10;build;paulie;0.0006049519870430231
31;10;build;paulie;0.0008475699578411877
32;10;build;paulie;0.0008255579741671681
33;10;build;paulie;0.0008544530137442052
34;10;build;paulie;0.0008595859981141984
35;10;build;paulie;0.0008400900405831635
36;10;build;paulie;0.0008767709950916469
37;10;build;paulie;0.0008751120185479522
38;10;build;paulie;0.0008721959893591702
39;10;build;paulie;0.0008753100410103798
40;10;build;paulie;0.0008493029745295644
41;10;build;paulie;0.0008959579863585532
42;10;build;paulie;0.0008449089946225286
43;10;build;paulie;0.0008336119935847819
44;10;build;paulie;0.0006117369630374014
45;10;build;paulie;0.0008450159803032875
46;10;build;paulie;0.0008710169931873679
47;10;build;paulie;0.000882274005562067
48;10;build;paulie;0.0008730660192668438
49;10;build;paulie;0.0008839819929562509
50;10;build;paulie;0.000896961020771414
51;10;build;paulie;0.0008929779869504273
52;10;build;paulie;0.0008607669733464718
53;10;build;paulie;0.0008386599947698414
54;10;build;paulie;0.0008682829793542624
55;10;build;paulie;0.0008884050184860826
56;10;build;paulie;0.0008443990373052657
57;10;build;paulie;0.0008808430284261703
58;10;build;paulie;0.000869942014105618
59;10;build;paulie;0.0006042110035195947
60;10;build;paulie;0.0008418759680353105
61;10;build;paulie;0.0008811650332063437
62;10;build;paulie;0.0006210220162756741
63;10;build;paulie;0.0009066869970411062
64;10;build;paulie;0.0007629010360687971
65;10;build;paulie;0.0008846600539982319
66;10;build;paulie;0.0008626630296930671
67;10;build;paulie;0.0006050540250726044
68;10;build;paulie;0.000593887991271913
69;10;build;paulie;0.0011419460061006248
70;10;build;paulie;0.0008685300126671791
71;10;build;paulie;0.0009064229670912027
72;10;build;paulie;0.0008536800160072744
73;10;build;paulie;0.0009221939835697412
74;10;build;paulie;0.0006175929447636008
75;10;build;paulie;0.0006187900435179472
76;10;build;paulie;0.0006094489945098758
77;10;build;paulie;0.0006040550069883466
78;10;build;paulie;0.0005988650373183191
79;10;build;paulie;0.0006090949755162001
80;10;build;paulie;0.000609608949162066
81;10;build;paulie;0.0009266440174542367
82;10;build;paulie;0.0008558909757994115
83;10;build;paulie;0.000919784011784941
84;10;build;paulie;0.0006117590237408876
85;10;build;paulie;0.0008850439917296171
86;10;build;paulie;0.0008367809932678938
87;10;build;paulie;0.0006175109883770347
88;10;build;paulie;0.0006235240143723786
89;10;build;paulie;0.0006060610176064074
90;10;build;paulie;0.0009081710013560951
91;10;build;paulie;0.0006228740094229579
92;10;build;paulie;0.0009305939893238246
93;10;build;paulie;0.0009120039758272469
94;10;build;paulie;0.0008470510365441442
95;10;build;paulie;0.0008247450459748507
96;10;build;paulie;0.0008417459903284907
97;10;build;paulie;0.0008536810055375099
98;10;build;paulie;0.0009064979967661202
99;10;build;paulie;0.0008845240226946771
100;10;build;paulie;0.0009162850328721106
1;100;build;paulie;0.0011577419936656952
2;100;build;paulie;0.0011706349905580282
3;100;build;paulie;0.0015079950098879635
4;100;build;paulie;0.0015600469778291881
5;100;build;paulie;0.001496187993325293
6;100;build;paulie;0.0015297149657271802
7;100;build;paulie;0.001489373971708119
8;100;build;paulie;0.0015047880006022751
9;100;build;paulie;0.0015480309957638383
10;100;build;paulie;0.001462621963582933
11;100;build;paulie;0.0012073279940523207
12;100;build;paulie;0.0011871609603986144
13;100;build;paulie;0.001798511017113924
14;100;build;paulie;0.001506270025856793
15;100;build;paulie;0.0015824759611859918
16;100;build;paulie;0.0015592689742334187
17;100;build;paulie;0.0015188290271908045
18;100;build;paulie;0.001195547985844314
19;100;build;paulie;0.0015341779799200594
20;100;build;paulie;0.001478702004533261
21;100;build;paulie;0.0015894669923000038
22;100;build;paulie;0.001544942962937057
23;100;build;paulie;0.0016268040053546429
24;100;build;paulie;0.0014747600071132183
25;100;build;paulie;0.0014693980338051915
26;100;build;paulie;0.0015722649986855686
27;100;build;paulie;0.0016244400176219642
28;100;build;paulie;0.0014983240398578346
29;100;build;paulie;0.0015047209453769028
30;100;build;paulie;0.0015216120518743992
31;100;build;paulie;0.0015796679654158652
32;100;build;paulie;0.0015510889934375882
33;100;build;paulie;0.001459079037886113
34;100;build;paulie;0.0015439069829881191
35;100;build;paulie;0.0015197710017673671
36;100;build;paulie;0.0015485100448131561
37;100;build;paulie;0.0014962520217522979
38;100;build;paulie;0.0015209029661491513
39;100;build;paulie;0.0014676930150017142
40;100;build;paulie;0.0015735590131953359
41;100;build;paulie;0.0014938440290279686
42;100;build;paulie;0.0014823100063949823
43;100;build;paulie;0.0014846510021016002
44;100;build;paulie;0.0011844089603982866
45;100;build;paulie;0.001588395971339196
46;100;build;paulie;0.0015901779988780618
47;100;build;paulie;0.0015350609901361167
48;100;build;paulie;0.001514637959189713
49;100;build;paulie;0.0015467120101675391
50;100;build;paulie;0.0015524810296483338
51;100;build;paulie;0.0014697129954583943
52;100;build;paulie;0.0015862970030866563
53;100;build;paulie;0.0016297550173476338
54;100;build;paulie;0.0014862759853713214
55;100;build;paulie;0.0015600579790771008
56;100;build;paulie;0.0014937770320102572
57;100;build;paulie;0.001523390004877001
58;100;build;paulie;0.001569350017234683
59;100;build;paulie;0.0011801720247603953
60;100;build;paulie;0.0015710890293121338
61;100;build;paulie;0.001517866039648652
62;100;build;paulie;0.002043189015239477
63;100;build;paulie;0.001570318010635674
64;100;build;paulie;0.0015478740097023547
65;100;build;paulie;0.0014048109878785908
66;100;build;paulie;0.0015445370227098465
67;100;build;paulie;0.0016130569856613874
68;100;build;paulie;0.0011759900371544063
69;100;build;paulie;0.0011949680047109723
70;100;build;paulie;0.0015362860285677016
71;100;build;paulie;0.00145530398003757
72;100;build;paulie;0.0015846560127101839
73;100;build;paulie;0.0015014660311862826
74;100;build;paulie;0.0013876689481548965
75;100;build;paulie;0.002035735989920795
76;100;build;paulie;0.0012011940125375986
77;100;build;paulie;0.0015486120246350765
78;100;build;paulie;0.0015380639815703034
79;100;build;paulie;0.0011958650429733098
80;100;build;paulie;0.0011779220076277852
81;100;build;paulie;0.0016447549569420516
82;100;build;paulie;0.0015920149744488299
83;100;build;paulie;0.0014845770201645792
84;100;build;paulie;0.0014741919585503638
85;100;build;paulie;0.0015327419969253242
86;100;build;paulie;0.0015090819797478616
87;100;build;paulie;0.0011817819904536009
88;100;build;paulie;0.001195732969790697
89;100;build;paulie;0.00144895602716133
90;100;build;paulie;0.0015350080211646855
91;100;build;paulie;0.0011921849800273776
92;100;build;paulie;0.0018871180363930762
93;100;build;paulie;0.001500119047705084
94;100;build;paulie;0.0014597930130548775
95;100;build;paulie;0.001555446011479944
96;100;build;paulie;0.0015628630062565207
97;100;build;paulie;0.0015495619736611843
98;100;build;paulie;0.0015533940168097615
99;100;build;paulie;0.0016456999583169818
100;100;build;paulie;0.0015349900349974632
1;1000;build;paulie;0.007047232007607818
2;1000;build;paulie;0.0077911989646963775
3;1000;build;paulie;0.008534221968147904
4;1000;build;paulie;0.008317356987390667
5;1000;build;paulie;0.00816677400143817
6;1000;build;paulie;0.008425036969128996
7;1000;build;paulie;0.008308506978210062
8;1000;build;paulie;0.008181412995327264
9;1000;build;paulie;0.008549862017389387
10;1000;build;paulie;0.007030861044768244
11;1000;build;paulie;0.007054749992676079
12;1000;build;paulie;0.00709920801455155
13;1000;build;paulie;0.007098997011780739
14;1000;build;paulie;0.00845896900864318
15;1000;build;paulie;0.007885094033554196
16;1000;build;paulie;0.008489714993629605
17;1000;build;paulie;0.00820031703915447
18;1000;build;paulie;0.006978601973969489
19;1000;build;paulie;0.00787449098424986
20;1000;build;paulie;0.008652359014376998
21;1000;build;paulie;0.00853759900201112
22;1000;build;paulie;0.007833320996724069
23;1000;build;paulie;0.008566675998736173
24;1000;build;paulie;0.007539187965448946
25;1000;build;paulie;0.007065012003295124
26;1000;build;paulie;0.00771887501468882
27;1000;build;paulie;0.008050341974012554
28;1000;build;paulie;0.008088039990980178
29;1000;build;paulie;0.008704029023647308
30;1000;build;paulie;0.008242515963502228
31;1000;build;paulie;0.008006617019418627
32;1000;build;paulie;0.008517745998688042
33;1000;build;paulie;0.008363605011254549
34;1000;build;paulie;0.008806011988781393
35;1000;build;paulie;0.008149626024533063
36;1000;build;paulie;0.008104626031126827
37;1000;build;paulie;0.008122739032842219
38;1000;build;paulie;0.00831984099932015
39;1000;build;paulie;0.00786957994569093
40;1000;build;paulie;0.008649480994790792
41;1000;build;paulie;0.0084649549680762
42;1000;build;paulie;0.00826035300269723
43;1000;build;paulie;0.008322652021888644
44;1000;build;paulie;0.0070391090121120214
45;1000;build;paulie;0.00834238197421655
46;1000;build;paulie;0.008141021011397243
47;1000;build;paulie;0.008578812004998326
48;1000;build;paulie;0.008226713980548084
49;1000;build;paulie;0.008212605025619268
50;1000;build;paulie;0.007831925002392381
51;1000;build;paulie;0.008377639984246343
52;1000;build;paulie;0.00856890098657459
53;1000;build;paulie;0.008539622998796403
54;1000;build;paulie;0.026319496042560786
55;1000;build;paulie;0.007733263948466629
56;1000;build;paulie;0.008356299018487334
57;1000;build;paulie;0.008093180018477142
58;1000;build;paulie;0.008745737024582922
59;1000;build;paulie;0.008162593992892653
60;1000;build;paulie;0.008389013994019479
61;1000;build;paulie;0.008170766988769174
62;1000;build;paulie;0.007047357968986034
63;1000;build;paulie;0.008304619987029582
64;1000;build;paulie;0.008604529954027385
65;1000;build;paulie;0.008238690032158047
66;1000;build;paulie;0.00818758102832362
67;1000;build;paulie;0.010158487013541162
68;1000;build;paulie;0.007027483021374792
69;1000;build;paulie;0.0070537219871766865
70;1000;build;paulie;0.00856682105222717
71;1000;build;paulie;0.008500942960381508
72;1000;build;paulie;0.008577632019296288
73;1000;build;paulie;0.008131452021189034
74;1000;build;paulie;0.007907321967650205
75;1000;build;paulie;0.00717546499799937
76;1000;build;paulie;0.007058966031763703
77;1000;build;paulie;0.007060349977109581
78;1000;build;paulie;0.00837645900901407
79;1000;build;paulie;0.00991743098711595
80;1000;build;paulie;0.00698346400167793
81;1000;build;paulie;0.0077483379864133894
82;1000;build;paulie;0.008607461990322918
83;1000;build;paulie;0.008541702991351485
84;1000;build;paulie;0.0069933399790897965
85;1000;build;paulie;0.008133844006806612
86;1000;build;paulie;0.008157781034242362
87;1000;build;paulie;0.009689753991551697
88;1000;build;paulie;0.007075265981256962
89;1000;build;paulie;0.007715107989497483
90;1000;build;paulie;0.008592458965722471
91;1000;build;paulie;0.007925544981844723
92;1000;build;paulie;0.007022264995612204
93;1000;build;paulie;0.00848973705433309
94;1000;build;paulie;0.00796849001199007
95;1000;build;paulie;0.008364632027223706
96;1000;build;paulie;0.007875641982536763
97;1000;build;paulie;0.008340697037056088
98;1000;build;paulie;0.00831407803343609
99;1000;build;paulie;0.00844094599597156
100;1000;build;paulie;0.008472049026750028
1;3000;build;paulie;0.02009273396106437
2;3000;build;paulie;0.021812087041325867
3;3000;build;paulie;0.02376797702163458
4;3000;build;paulie;0.04059686098480597
5;3000;build;paulie;0.023532307997811586
6;3000;build;paulie;0.024094734981190413
7;3000;build;paulie;0.023466341954190284
8;3000;build;paulie;0.023360248014796525
9;3000;build;paulie;0.0228742029867135
10;3000;build;paulie;0.020079959009308368
11;3000;build;paulie;0.023312956967856735
12;3000;build;paulie;0.020181408035568893
13;3000;build;paulie;0.020043395983520895
14;3000;build;paulie;0.023972194991074502
15;3000;build;paulie;0.023479895025957376
16;3000;build;paulie;0.02423560299212113
17;3000;build;paulie;0.024500172003172338
18;3000;build;paulie;0.021021513966843486
19;3000;build;paulie;0.022565366001799703
20;3000;build;paulie;0.023481698997784406
21;3000;build;paulie;0.024200584972277284
22;3000;build;paulie;0.023289881006348878
23;3000;build;paulie;0.0227087740204297
24;3000;build;paulie;0.02112258196575567
25;3000;build;paulie;0.02287007903214544
26;3000;build;paulie;0.021628107992000878
27;3000;build;paulie;0.023151442990638316
28;3000;build;paulie;0.022904882964212447
29;3000;build;paulie;0.02392841299297288
30;3000;build;paulie;0.023638010025024414
31;3000;build;paulie;0.02380932803498581
32;3000;build;paulie;0.02274802199099213
33;3000;build;paulie;0.022271941998042166
34;3000;build;paulie;0.023099865997210145
35;3000;build;paulie;0.02294572297250852
36;3000;build;paulie;0.023318140010815114
37;3000;build;paulie;0.023296213999856263
38;3000;build;paulie;0.022875647991895676
39;3000;build;paulie;0.022153322002850473
40;3000;build;paulie;0.021982418023981154
41;3000;build;paulie;0.023518988979049027
42;3000;build;paulie;0.02403827797388658
43;3000;build;paulie;0.023513997031841427
44;3000;build;paulie;0.020472242031246424
45;3000;build;paulie;0.023544195981230587
46;3000;build;paulie;0.022094928950536996
47;3000;build;paulie;0.022216160024981946
48;3000;build;paulie;0.02346738299820572
49;3000;build;paulie;0.022456790960859507
50;3000;build;paulie;0.023288700031116605
51;3000;build;paulie;0.023540228023193777
52;3000;build;paulie;0.023389059002511203
53;3000;build;paulie;0.023350420990027487
54;3000;build;paulie;0.02292421000311151
55;3000;build;paulie;0.023784224002156407
56;3000;build;paulie;0.022628300008364022
57;3000;build;paulie;0.023133323004003614
58;3000;build;paulie;0.0235720609780401
59;3000;build;paulie;0.020395078987348825
60;3000;build;paulie;0.02386508899508044
61;3000;build;paulie;0.022853579954244196
62;3000;build;paulie;0.02011658897390589
63;3000;build;paulie;0.02309002197580412
64;3000;build;paulie;0.022326289035845548
65;3000;build;paulie;0.022897082031704485
66;3000;build;paulie;0.023302228015381843
67;3000;build;paulie;0.020085987984202802
68;3000;build;paulie;0.02010219299700111
69;3000;build;paulie;0.0200721449800767
70;3000;build;paulie;0.02299597900127992
71;3000;build;paulie;0.023882912006229162
72;3000;build;paulie;0.022885648999363184
73;3000;build;paulie;0.02149624499725178
74;3000;build;paulie;0.020759404986165464
75;3000;build;paulie;0.02150974201504141
76;3000;build;paulie;0.021770445979200304
77;3000;build;paulie;0.021195631998125464
78;3000;build;paulie;0.023105295025743544
79;3000;build;paulie;0.020150241965893656
80;3000;build;paulie;0.02246404899051413
81;3000;build;paulie;0.022110343037638813
82;3000;build;paulie;0.023194830981083214
83;3000;build;paulie;0.022185567009728402
84;3000;build;paulie;0.021994295006152242
85;3000;build;paulie;0.023348118003923446
86;3000;build;paulie;0.020736331003718078
87;3000;build;paulie;0.020117007952649146
88;3000;build;paulie;0.020022001990582794
89;3000;build;paulie;0.027594816987402737
90;3000;build;paulie;0.020082229981198907
91;3000;build;paulie;0.020059700997080654
92;3000;build;paulie;0.028256646008230746
93;3000;build;paulie;0.02420881303260103
94;3000;build;paulie;0.022569580003619194
95;3000;build;paulie;0.022848463035188615
96;3000;build;paulie;0.02381255803629756
97;3000;build;paulie;0.02359299099771306
98;3000;build;paulie;0.023505705001298338
99;3000;build;paulie;0.022538776975125074
100;3000;build;paulie;0.022474609955679625
1;6000;build;paulie;0.042589485994540155
2;6000;build;paulie;0.03956915298476815
3;6000;build;paulie;0.04663670400623232
4;6000;build;paulie;0.04593096696771681
5;6000;build;paulie;0.04583453800296411
6;6000;build;paulie;0.046031897014472634
7;6000;build;paulie;0.047977502981666476
8;6000;build;paulie;0.04780470300465822
9;6000;build;paulie;0.046685740002430975
10;6000;build;paulie;0.039488399983383715
11;6000;build;paulie;0.045736408967059106
12;6000;build;paulie;0.03963288402883336
13;6000;build;paulie;0.03966370801208541
14;6000;build;paulie;0.04499394603772089
15;6000;build;paulie;0.044930084026418626
16;6000;build;paulie;0.04483953595627099
17;6000;build;paulie;0.045813350996468216
18;6000;build;paulie;0.03967080998700112
19;6000;build;paulie;0.04371866601286456
20;6000;build;paulie;0.046250541985500604
21;6000;build;paulie;0.04568866500630975
22;6000;build;paulie;0.046848640020471066
23;6000;build;paulie;0.0512339900014922
24;6000;build;paulie;0.03953772899694741
25;6000;build;paulie;0.03957425500266254
26;6000;build;paulie;0.04024599294643849
27;6000;build;paulie;0.039604541962035
28;6000;build;paulie;0.047765652008820325
29;6000;build;paulie;0.03962996799964458
30;6000;build;paulie;0.04779780999524519
31;6000;build;paulie;0.04440423101186752
32;6000;build;paulie;0.045625071972608566
33;6000;build;paulie;0.045968330989126116
34;6000;build;paulie;0.04606920399237424
35;6000;build;paulie;0.04399258201010525
36;6000;build;paulie;0.04574327199952677
37;6000;build;paulie;0.04532410798128694
38;6000;build;paulie;0.046569375961553305
39;6000;build;paulie;0.045652188011445105
40;6000;build;paulie;0.04643225495237857
41;6000;build;paulie;0.046929851989261806
42;6000;build;paulie;0.04612408595858142
43;6000;build;paulie;0.047732062987051904
44;6000;build;paulie;0.04299312300281599
45;6000;build;paulie;0.04556700499961153
46;6000;build;paulie;0.045561839011497796
47;6000;build;paulie;0.046256876026745886
48;6000;build;paulie;0.04673991398885846
49;6000;build;paulie;0.04496682999888435
50;6000;build;paulie;0.045313098991755396
51;6000;build;paulie;0.03964066400658339
52;6000;build;paulie;0.04586816200753674
53;6000;build;paulie;0.047861158032901585
54;6000;build;paulie;0.04694218799704686
55;6000;build;paulie;0.04515356302727014
56;6000;build;paulie;0.04439405503217131
57;6000;build;paulie;0.043600485019851476
58;6000;build;paulie;0.045998335001058877
59;6000;build;paulie;0.03948853601468727
60;6000;build;paulie;0.04520355997374281
61;6000;build;paulie;0.04676470998674631
62;6000;build;paulie;0.03996766800992191
63;6000;build;paulie;0.046081757987849414
64;6000;build;paulie;0.04478360997745767
65;6000;build;paulie;0.04453052504686639
66;6000;build;paulie;0.04747518902877346
67;6000;build;paulie;0.0394884689594619
68;6000;build;paulie;0.039529055007733405
69;6000;build;paulie;0.04097736504627392
70;6000;build;paulie;0.046786913997493684
71;6000;build;paulie;0.04722914897138253
72;6000;build;paulie;0.047382487973663956
73;6000;build;paulie;0.04739560896996409
74;6000;build;paulie;0.03950010298285633
75;6000;build;paulie;0.039394830993842334
76;6000;build;paulie;0.03956575004849583
77;6000;build;paulie;0.043115479056723416
78;6000;build;paulie;0.04592075396794826
79;6000;build;paulie;0.0582751200417988
80;6000;build;paulie;0.04295724199619144
81;6000;build;paulie;0.04343560303095728
82;6000;build;paulie;0.04554608999751508
83;6000;build;paulie;0.046524153964128345
84;6000;build;paulie;0.039530857000499964
85;6000;build;paulie;0.04711294895969331
86;6000;build;paulie;0.039902874967083335
87;6000;build;paulie;0.03950867598177865
88;6000;build;paulie;0.03982073802035302
89;6000;build;paulie;0.039546560030430555
90;6000;build;paulie;0.03992889198707417
91;6000;build;paulie;0.055049201007932425
92;6000;build;paulie;0.03961501899175346
93;6000;build;paulie;0.04442927299533039
94;6000;build;paulie;0.04672316799405962
95;6000;build;paulie;0.04577103699557483
96;6000;build;paulie;0.045800295018125325
97;6000;build;paulie;0.044033237965777516
98;6000;build;paulie;0.04737154400208965
99;6000;build;paulie;0.04614999599289149
100;6000;build;paulie;0.045301751990336925
1;8000;build;paulie;0.05333114304812625
2;8000;build;paulie;0.06356652098475024
3;8000;build;paulie;0.060699624998960644
4;8000;build;paulie;0.06202246103202924
5;8000;build;paulie;0.06241101899649948
6;8000;build;paulie;0.05992306803818792
7;8000;build;paulie;0.05870655202306807
8;8000;build;paulie;0.06174282502615824
9;8000;build;paulie;0.0598404579795897
10;8000;build;paulie;0.057754247973207384
11;8000;build;paulie;0.06143512297421694
12;8000;build;paulie;0.060871620022226125
13;8000;build;paulie;0.05282569001428783
14;8000;build;paulie;0.06120104901492596
15;8000;build;paulie;0.0638152280007489
16;8000;build;paulie;0.06158216198673472
17;8000;build;paulie;0.05721433198777959
18;8000;build;paulie;0.05283816496375948
19;8000;build;paulie;0.06242453999584541
20;8000;build;paulie;0.06009169796016067
21;8000;build;paulie;0.061861845024395734
22;8000;build;paulie;0.06149303400889039
23;8000;build;paulie;0.06160167703637853
24;8000;build;paulie;0.05255829298403114
25;8000;build;paulie;0.05300620902562514
26;8000;build;paulie;0.054005237005185336
27;8000;build;paulie;0.05996877100551501
28;8000;build;paulie;0.06313393102027476
29;8000;build;paulie;0.05256993597140536
30;8000;build;paulie;0.06130431604105979
31;8000;build;paulie;0.06067603197880089
32;8000;build;paulie;0.0625210470170714
33;8000;build;paulie;0.06162366701755673
34;8000;build;paulie;0.06085390504449606
35;8000;build;paulie;0.06206852599279955
36;8000;build;paulie;0.06189735099906102
37;8000;build;paulie;0.061289030010811985
38;8000;build;paulie;0.06248024699743837
39;8000;build;paulie;0.06056900601834059
40;8000;build;paulie;0.06167068099603057
41;8000;build;paulie;0.059340678970329463
42;8000;build;paulie;0.06170054600806907
43;8000;build;paulie;0.05924951902125031
44;8000;build;paulie;0.0577154119964689
45;8000;build;paulie;0.05577972502214834
46;8000;build;paulie;0.06258812401210889
47;8000;build;paulie;0.063533145992551
48;8000;build;paulie;0.06332072301302105
49;8000;build;paulie;0.060184020025189966
50;8000;build;paulie;0.06325478601502255
51;8000;build;paulie;0.05294242897070944
52;8000;build;paulie;0.06238798896083608
53;8000;build;paulie;0.0606286259717308
54;8000;build;paulie;0.059413511015009135
55;8000;build;paulie;0.059928881004452705
56;8000;build;paulie;0.06246827798895538
57;8000;build;paulie;0.06320692400913686
58;8000;build;paulie;0.06223688699537888
59;8000;build;paulie;0.05241342599038035
60;8000;build;paulie;0.05933747801464051
61;8000;build;paulie;0.05720967799425125
62;8000;build;paulie;0.05273593997117132
63;8000;build;paulie;0.06200932600768283
64;8000;build;paulie;0.06138451199512929
65;8000;build;paulie;0.05677374399965629
66;8000;build;paulie;0.059936438978184015
67;8000;build;paulie;0.05350514402380213
68;8000;build;paulie;0.05711216700728983
69;8000;build;paulie;0.058774701959919184
70;8000;build;paulie;0.06068533397046849
71;8000;build;paulie;0.057787417026702315
72;8000;build;paulie;0.06056946003809571
73;8000;build;paulie;0.05941235105274245
74;8000;build;paulie;0.061495717032812536
75;8000;build;paulie;0.05269216001033783
76;8000;build;paulie;0.05256101198028773
77;8000;build;paulie;0.05427026504185051
78;8000;build;paulie;0.05466329999035224
79;8000;build;paulie;0.05276830599177629
80;8000;build;paulie;0.05261192703619599
81;8000;build;paulie;0.057042729982640594
82;8000;build;paulie;0.05265303101623431
83;8000;build;paulie;0.06047131901141256
84;8000;build;paulie;0.052509448025375605
85;8000;build;paulie;0.060492869990412146
86;8000;build;paulie;0.05253103998256847
87;8000;build;paulie;0.052527248044498265
88;8000;build;paulie;0.06247562600765377
89;8000;build;paulie;0.05705103499349207
90;8000;build;paulie;0.052482437051367015
91;8000;build;paulie;0.06214881897903979
92;8000;build;paulie;0.053169101011008024
93;8000;build;paulie;0.061479358992073685
94;8000;build;paulie;0.06142246397212148
95;8000;build;paulie;0.06242609000764787
96;8000;build;paulie;0.0625379069824703
97;8000;build;paulie;0.059887234994675964
98;8000;build;paulie;0.060718853026628494
99;8000;build;paulie;0.05990292096976191
100;8000;build;paulie;0.057132165995426476
1;10000;build;paulie;0.06572557904291898
2;10000;build;paulie;0.0709135010256432
3;10000;build;paulie;0.0783274529967457
4;10000;build;paulie;0.08042418200057
5;10000;build;paulie;0.07366331404773518
6;10000;build;paulie;0.07869892800226808
7;10000;build;paulie;0.07650230400031433
8;10000;build;paulie;0.07398526096949354
9;10000;build;paulie;0.07634074002271518
10;10000;build;paulie;0.07407222897745669
11;10000;build;paulie;0.07607445999747142
12;10000;build;paulie;0.07128510100301355
13;10000;build;paulie;0.07893360202433541
14;10000;build;paulie;0.076487083977554
15;10000;build;paulie;0.07568665297003463
16;10000;build;paulie;0.07286952499998733
17;10000;build;paulie;0.07562349096406251
18;10000;build;paulie;0.0761763519840315
19;10000;build;paulie;0.07646535302046686
20;10000;build;paulie;0.07543044001795352
21;10000;build;paulie;0.07292527501704171
22;10000;build;paulie;0.06631463998928666
23;10000;build;paulie;0.07781081896973774
24;10000;build;paulie;0.06546064402209595
25;10000;build;paulie;0.06563016603467986
26;10000;build;paulie;0.0656890599639155
27;10000;build;paulie;0.07671309600118548
28;10000;build;paulie;0.07245709298877046
29;10000;build;paulie;0.06572703801793978
30;10000;build;paulie;0.07768262102035806
31;10000;build;paulie;0.06554629397578537
32;10000;build;paulie;0.07906818698393181
33;10000;build;paulie;0.07809075998375192
34;10000;build;paulie;0.07756840600632131
35;10000;build;paulie;0.07755966298282146
36;10000;build;paulie;0.07651609199820086
37;10000;build;paulie;0.0759855629876256
38;10000;build;paulie;0.07491089397808537
39;10000;build;paulie;0.06576011597644538
40;10000;build;paulie;0.07670650898944587
41;10000;build;paulie;0.0774791759904474
42;10000;build;paulie;0.07474897598149255
43;10000;build;paulie;0.07632180803921074
44;10000;build;paulie;0.07622489100322127
45;10000;build;paulie;0.0744277749909088
46;10000;build;paulie;0.07854282297194004
47;10000;build;paulie;0.07288605399662629
48;10000;build;paulie;0.07483460503863171
49;10000;build;paulie;0.07878369401441887
50;10000;build;paulie;0.07748574099969119
51;10000;build;paulie;0.07737349905073643
52;10000;build;paulie;0.07519633002812043
53;10000;build;paulie;0.07434781797928736
54;10000;build;paulie;0.07426396902883425
55;10000;build;paulie;0.07503822899889201
56;10000;build;paulie;0.07676884502870962
57;10000;build;paulie;0.07503261201782152
58;10000;build;paulie;0.07509503100300208
59;10000;build;paulie;0.06569186499109492
60;10000;build;paulie;0.07710179704008624
61;10000;build;paulie;0.07537976501043886
62;10000;build;paulie;0.07872047601267695
63;10000;build;paulie;0.07547504699323326
64;10000;build;paulie;0.06791062001138926
65;10000;build;paulie;0.07494180102366954
66;10000;build;paulie;0.07140949496533722
67;10000;build;paulie;0.0712754150154069
68;10000;build;paulie;0.06555004097754136
69;10000;build;paulie;0.0741126190405339
70;10000;build;paulie;0.07430718198884279
71;10000;build;paulie;0.07435611699474975
72;10000;build;paulie;0.07738125300966203
73;10000;build;paulie;0.07735409599263221
74;10000;build;paulie;0.06555637298151851
75;10000;build;paulie;0.071457237994764
76;10000;build;paulie;0.06699554994702339
77;10000;build;paulie;0.06562642398057505
78;10000;build;paulie;0.07819522800855339
79;10000;build;paulie;0.07139241497498006
80;10000;build;paulie;0.065621160028968
81;10000;build;paulie;0.06570493697654456
82;10000;build;paulie;0.07182689401088282
83;10000;build;paulie;0.07793475402286276
84;10000;build;paulie;0.07616783399134874
85;10000;build;paulie;0.07504736998816952
86;10000;build;paulie;0.06555402599042282
87;10000;build;paulie;0.07572647003689781
88;10000;build;paulie;0.06572843296453357
89;10000;build;paulie;0.07624324300559238
90;10000;build;paulie;0.06544447102351114
91;10000;build;paulie;0.07240864599589258
92;10000;build;paulie;0.07546718401135877
93;10000;build;paulie;0.07630222401348874
94;10000;build;paulie;0.07568099600030109
95;10000;build;paulie;0.0775442430167459
96;10000;build;paulie;0.07699587097158656
97;10000;build;paulie;0.07542845897842199
98;10000;build;paulie;0.07264352799393237
99;10000;build;paulie;0.07536415901267901
100;10000;build;paulie;0.07854998001130298
1;12000;build;paulie;0.0786035240162164
2;12000;build;paulie;0.09322838200023398
3;12000;build;paulie;0.08943860698491335
4;12000;build;paulie;0.09077419200912118
5;12000;build;paulie;0.09256194299086928
6;12000;build;paulie;0.09315600403351709
7;12000;build;paulie;0.09024717001011595
8;12000;build;paulie;0.08931992499856278
9;12000;build;paulie;0.07873994996771216
10;12000;build;paulie;0.07855438702972606
11;12000;build;paulie;0.07869985303841531
12;12000;build;paulie;0.07878097600769252
13;12000;build;paulie;0.07851645402843133
14;12000;build;paulie;0.0910377079853788
15;12000;build;paulie;0.09091093804454431
16;12000;build;paulie;0.0886363000026904
17;12000;build;paulie;0.07958802301436663
18;12000;build;paulie;0.09084627300035208
19;12000;build;paulie;0.09076342097250745
20;12000;build;paulie;0.0938391980016604
21;12000;build;paulie;0.09344668296398595
22;12000;build;paulie;0.10660164000000805
23;12000;build;paulie;0.08908859902294353
24;12000;build;paulie;0.07886817801045254
25;12000;build;paulie;0.0824273110483773
26;12000;build;paulie;0.08806860202457756
27;12000;build;paulie;0.09218408301239833
28;12000;build;paulie;0.09043157601263374
29;12000;build;paulie;0.07876027899328619
30;12000;build;paulie;0.09096598596079275
31;12000;build;paulie;0.09062792197801173
32;12000;build;paulie;0.09196108405012637
33;12000;build;paulie;0.0913915479904972
34;12000;build;paulie;0.08781240502139553
35;12000;build;paulie;0.09035618702182546
36;12000;build;paulie;0.09193116199458018
37;12000;build;paulie;0.09123302204534411
38;12000;build;paulie;0.0890736110159196
39;12000;build;paulie;0.09021485899575055
40;12000;build;paulie;0.09036130795720965
41;12000;build;paulie;0.0920251960051246
42;12000;build;paulie;0.09008799301227555
43;12000;build;paulie;0.08121161797316745
44;12000;build;paulie;0.0918197610299103
45;12000;build;paulie;0.09308623196557164
46;12000;build;paulie;0.08945033903000876
47;12000;build;paulie;0.09274428297067061
48;12000;build;paulie;0.09044957900187
49;12000;build;paulie;0.08993243996519595
50;12000;build;paulie;0.09158365603070706
51;12000;build;paulie;0.09410407795803621
52;12000;build;paulie;0.0930962409474887
53;12000;build;paulie;0.08941683202283457
54;12000;build;paulie;0.08710738801164553
55;12000;build;paulie;0.08875572000397369
56;12000;build;paulie;0.09323436400154606
57;12000;build;paulie;0.09163106000050902
58;12000;build;paulie;0.08969638898270205
59;12000;build;paulie;0.08723526203539222
60;12000;build;paulie;0.07918070699088275
61;12000;build;paulie;0.08472644799621776
62;12000;build;paulie;0.09159070096211508
63;12000;build;paulie;0.08814880100544542
64;12000;build;paulie;0.09234025201294571
65;12000;build;paulie;0.0913011230295524
66;12000;build;paulie;0.07876937498804182
67;12000;build;paulie;0.0786217880086042
68;12000;build;paulie;0.07874497200828046
69;12000;build;paulie;0.09216104698134586
70;12000;build;paulie;0.09380027803126723
71;12000;build;paulie;0.09115044603822753
72;12000;build;paulie;0.09093106398358941
73;12000;build;paulie;0.07893687998875976
74;12000;build;paulie;0.0918122009607032
75;12000;build;paulie;0.08561457198811695
76;12000;build;paulie;0.08154657203704119
77;12000;build;paulie;0.07886950997635722
78;12000;build;paulie;0.0785667029558681
79;12000;build;paulie;0.08546415698947385
80;12000;build;paulie;0.10630844003753737
81;12000;build;paulie;0.0788536180043593
82;12000;build;paulie;0.08883027301635593
83;12000;build;paulie;0.0887717290315777
84;12000;build;paulie;0.09072393795941025
85;12000;build;paulie;0.0936613489757292
86;12000;build;paulie;0.08540634001838043
87;12000;build;paulie;0.0784678710042499
88;12000;build;paulie;0.0878967609605752
89;12000;build;paulie;0.07872288598446175
90;12000;build;paulie;0.07853677397361025
91;12000;build;paulie;0.07858585601206869
92;12000;build;paulie;0.09182378399418667
93;12000;build;paulie;0.09155099000781775
94;12000;build;paulie;0.0880764769972302
95;12000;build;paulie;0.09004756901413202
96;12000;build;paulie;0.09115422097966075
97;12000;build;paulie;0.09179870301159099
98;12000;build;paulie;0.09018377994652838
99;12000;build;paulie;0.09113470499869436
100;12000;build;paulie;0.09315324801718816
1;10;build;pauliarray;0.007505849003791809
2;10;build;pauliarray;0.007514170021750033
3;10;build;pauliarray;0.01866740098921582
4;10;build;pauliarray;0.018105183029547334
5;10;build;pauliarray;0.0186117630219087
6;10;build;pauliarray;0.018356231972575188
7;10;build;pauliarray;0.01912954600993544
8;10;build;pauliarray;0.018364992050919682
9;10;build;pauliarray;0.019802407012321055
10;10;build;pauliarray;0.007321505981963128
11;10;build;pauliarray;0.007378167996648699
12;10;build;pauliarray;0.007340418000239879
13;10;build;pauliarray;0.00735449098283425
14;10;build;pauliarray;0.019141343014780432
15;10;build;pauliarray;0.01933299098163843
16;10;build;pauliarray;0.018367259006481618
17;10;build;pauliarray;0.018677334999665618
18;10;build;pauliarray;0.007386626035440713
19;10;build;pauliarray;0.018631538026966155
20;10;build;pauliarray;0.01849624002352357
21;10;build;pauliarray;0.018595386995002627
22;10;build;pauliarray;0.01916475995676592
23;10;build;pauliarray;0.007962887000758201
24;10;build;pauliarray;0.007489100040402263
25;10;build;pauliarray;0.01848236401565373
26;10;build;pauliarray;0.007576540985610336
27;10;build;pauliarray;0.007574958028271794
28;10;build;pauliarray;0.018716690014116466
29;10;build;pauliarray;0.01889832498272881
30;10;build;pauliarray;0.008329869015142322
31;10;build;pauliarray;0.01775537896901369
32;10;build;pauliarray;0.018026144010946155
33;10;build;pauliarray;0.018528326996602118
34;10;build;pauliarray;0.01868082903092727
35;10;build;pauliarray;0.01811891299439594
36;10;build;pauliarray;0.01862964400788769
37;10;build;pauliarray;0.01818087004357949
38;10;build;pauliarray;0.018793592986185104
39;10;build;pauliarray;0.017913556017447263
40;10;build;pauliarray;0.019539574976079166
41;10;build;pauliarray;0.018347946053836495
42;10;build;pauliarray;0.01752303499961272
43;10;build;pauliarray;0.01858191197970882
44;10;build;pauliarray;0.010718407051172107
45;10;build;pauliarray;0.018876951013226062
46;10;build;pauliarray;0.019695732044056058
47;10;build;pauliarray;0.018085314019117504
48;10;build;pauliarray;0.018643447023350745
49;10;build;pauliarray;0.01846504199784249
50;10;build;pauliarray;0.019796207023318857
51;10;build;pauliarray;0.017871619027573615
52;10;build;pauliarray;0.017784767027478665
53;10;build;pauliarray;0.018588814011309296
54;10;build;pauliarray;0.018687965988647193
55;10;build;pauliarray;0.019015006022527814
56;10;build;pauliarray;0.017798873013816774
57;10;build;pauliarray;0.019126100989524275
58;10;build;pauliarray;0.019084907951764762
59;10;build;pauliarray;0.007625174999702722
60;10;build;pauliarray;0.018490524031221867
61;10;build;pauliarray;0.01813352497993037
62;10;build;pauliarray;0.007437395979650319
63;10;build;pauliarray;0.018359762034378946
64;10;build;pauliarray;0.018328844977077097
65;10;build;pauliarray;0.0190085030044429
66;10;build;pauliarray;0.018920781963970512
67;10;build;pauliarray;0.007448290998581797
68;10;build;pauliarray;0.010826029989402741
69;10;build;pauliarray;0.0074129150016233325
70;10;build;pauliarray;0.018155610014218837
71;10;build;pauliarray;0.01829047896899283
72;10;build;pauliarray;0.018810859008226544
73;10;build;pauliarray;0.018656903004739434
74;10;build;pauliarray;0.007823026040568948
75;10;build;pauliarray;0.00764293601969257
76;10;build;pauliarray;0.013399739982560277
77;10;build;pauliarray;0.010667861031834036
78;10;build;pauliarray;0.01159677398391068
79;10;build;pauliarray;0.007336659997235984
80;10;build;pauliarray;0.010683957021683455
81;10;build;pauliarray;0.007293291040696204
82;10;build;pauliarray;0.01870644901646301
83;10;build;pauliarray;0.018616651999764144
84;10;build;pauliarray;0.00735188799444586
85;10;build;pauliarray;0.01819716702448204
86;10;build;pauliarray;0.01847749500302598
87;10;build;pauliarray;0.018122312030754983
88;10;build;pauliarray;0.009772376040928066
89;10;build;pauliarray;0.007322643999941647
90;10;build;pauliarray;0.01905913295922801
91;10;build;pauliarray;0.007475913967937231
92;10;build;pauliarray;0.010791873035486788
93;10;build;pauliarray;0.018668461008928716
94;10;build;pauliarray;0.01826827198965475
95;10;build;pauliarray;0.01800625101896003
96;10;build;pauliarray;0.019279247033409774
97;10;build;pauliarray;0.018502981984056532
98;10;build;pauliarray;0.018366639968007803
99;10;build;pauliarray;0.01814381399890408
100;10;build;pauliarray;0.018606167985126376
1;100;build;pauliarray;0.029635881015565246
2;100;build;pauliarray;0.014935741026420146
3;100;build;pauliarray;0.02997471601702273
4;100;build;pauliarray;0.02904403198044747
5;100;build;pauliarray;0.0311694240081124
6;100;build;pauliarray;0.030011864029802382
7;100;build;pauliarray;0.029729337024036795
8;100;build;pauliarray;0.030511582037433982
9;100;build;pauliarray;0.030147205980028957
10;100;build;pauliarray;0.01485287502873689
11;100;build;pauliarray;0.014866071986034513
12;100;build;pauliarray;0.014843779965303838
13;100;build;pauliarray;0.014903093979228288
14;100;build;pauliarray;0.0313662409898825
15;100;build;pauliarray;0.028852336981799453
16;100;build;pauliarray;0.030286505992989987
17;100;build;pauliarray;0.03029901400441304
18;100;build;pauliarray;0.014918570988811553
19;100;build;pauliarray;0.030461682996246964
20;100;build;pauliarray;0.030416593013796955
21;100;build;pauliarray;0.03065123298438266
22;100;build;pauliarray;0.029786341008730233
23;100;build;pauliarray;0.030144626973196864
24;100;build;pauliarray;0.014899578993208706
25;100;build;pauliarray;0.020342807983979583
26;100;build;pauliarray;0.014923392969649285
27;100;build;pauliarray;0.02060415397863835
28;100;build;pauliarray;0.030957614013459533
29;100;build;pauliarray;0.030308661051094532
30;100;build;pauliarray;0.031302532996051013
31;100;build;pauliarray;0.029130337992683053
32;100;build;pauliarray;0.030651270004455
33;100;build;pauliarray;0.029736567055806518
34;100;build;pauliarray;0.030164650990627706
35;100;build;pauliarray;0.030482225003652275
36;100;build;pauliarray;0.030326781969051808
37;100;build;pauliarray;0.030070448003243655
38;100;build;pauliarray;0.030773987993597984
39;100;build;pauliarray;0.030679961026180536
40;100;build;pauliarray;0.028980579983908683
41;100;build;pauliarray;0.030632898036856204
42;100;build;pauliarray;0.03131851594662294
43;100;build;pauliarray;0.03079696197528392
44;100;build;pauliarray;0.014877915964461863
45;100;build;pauliarray;0.031317391025368124
46;100;build;pauliarray;0.030325089988764375
47;100;build;pauliarray;0.030175480991601944
48;100;build;pauliarray;0.03131034900434315
49;100;build;pauliarray;0.030485697963740677
50;100;build;pauliarray;0.03052059398032725
51;100;build;pauliarray;0.031159723992459476
52;100;build;pauliarray;0.02999714098405093
53;100;build;pauliarray;0.0314352439600043
54;100;build;pauliarray;0.030413482047151774
55;100;build;pauliarray;0.030273861018940806
56;100;build;pauliarray;0.030063322046771646
57;100;build;pauliarray;0.030736543994862586
58;100;build;pauliarray;0.030598267971072346
59;100;build;pauliarray;0.015289108967408538
60;100;build;pauliarray;0.02928523498121649
61;100;build;pauliarray;0.031120446044951677
62;100;build;pauliarray;0.014950648008380085
63;100;build;pauliarray;0.031266061996575445
64;100;build;pauliarray;0.030480634013656527
65;100;build;pauliarray;0.030653699999675155
66;100;build;pauliarray;0.03047232300741598
67;100;build;pauliarray;0.017316954967100173
68;100;build;pauliarray;0.020553729962557554
69;100;build;pauliarray;0.01508549100253731
70;100;build;pauliarray;0.030139993992634118
71;100;build;pauliarray;0.03144264395814389
72;100;build;pauliarray;0.0300413949880749
73;100;build;pauliarray;0.030865661974530667
74;100;build;pauliarray;0.020035930967424065
75;100;build;pauliarray;0.01491955597884953
76;100;build;pauliarray;0.015304470027331263
77;100;build;pauliarray;0.015068747976329178
78;100;build;pauliarray;0.029757584037724882
79;100;build;pauliarray;0.014843908953480422
80;100;build;pauliarray;0.0202655759640038
81;100;build;pauliarray;0.0149186389753595
82;100;build;pauliarray;0.029465275001712143
83;100;build;pauliarray;0.030248587019741535
84;100;build;pauliarray;0.02063727396307513
85;100;build;pauliarray;0.029314792016521096
86;100;build;pauliarray;0.029601636982988566
87;100;build;pauliarray;0.020631104009225965
88;100;build;pauliarray;0.014808630978222936
89;100;build;pauliarray;0.019439942960161716
90;100;build;pauliarray;0.030766186013352126
91;100;build;pauliarray;0.01979010400827974
92;100;build;pauliarray;0.020345483033452183
93;100;build;pauliarray;0.030811637989245355
94;100;build;pauliarray;0.03029214800335467
95;100;build;pauliarray;0.030098681978415698
96;100;build;pauliarray;0.03002420498523861
97;100;build;pauliarray;0.02985084999818355
98;100;build;pauliarray;0.030841975996736437
99;100;build;pauliarray;0.030892211012542248
100;100;build;pauliarray;0.03015463100746274
1;1000;build;pauliarray;0.10425692005082965
2;1000;build;pauliarray;0.09795944998040795
3;1000;build;pauliarray;0.1575854779803194
4;1000;build;pauliarray;0.1606821269961074
5;1000;build;pauliarray;0.15606556402053684
6;1000;build;pauliarray;0.15672109700972214
7;1000;build;pauliarray;0.15267790999496356
8;1000;build;pauliarray;0.158877031004522
9;1000;build;pauliarray;0.1596851969952695
10;1000;build;pauliarray;0.10416795796481892
11;1000;build;pauliarray;0.09838650497840717
12;1000;build;pauliarray;0.10702272201888263
13;1000;build;pauliarray;0.0960720629664138
14;1000;build;pauliarray;0.154506966995541
15;1000;build;pauliarray;0.15844736900180578
16;1000;build;pauliarray;0.15671279601519927
17;1000;build;pauliarray;0.15445950505090877
18;1000;build;pauliarray;0.10890356998424977
19;1000;build;pauliarray;0.1617936699767597
20;1000;build;pauliarray;0.15603284898679703
21;1000;build;pauliarray;0.156512804038357
22;1000;build;pauliarray;0.1572004370391369
23;1000;build;pauliarray;0.16060776403173804
24;1000;build;pauliarray;0.15802755497861654
25;1000;build;pauliarray;0.13840317900758237
26;1000;build;pauliarray;0.12733601999934763
27;1000;build;pauliarray;0.09728030802216381
28;1000;build;pauliarray;0.1567176869721152
29;1000;build;pauliarray;0.153132634004578
30;1000;build;pauliarray;0.15290813898900524
31;1000;build;pauliarray;0.15308549400651827
32;1000;build;pauliarray;0.15782842598855495
33;1000;build;pauliarray;0.15853550197789446
34;1000;build;pauliarray;0.14883720001671463
35;1000;build;pauliarray;0.15596777998143807
36;1000;build;pauliarray;0.1563120170030743
37;1000;build;pauliarray;0.15814704401418567
38;1000;build;pauliarray;0.1509901619865559
39;1000;build;pauliarray;0.1626358210342005
40;1000;build;pauliarray;0.15780281298793852
41;1000;build;pauliarray;0.15762909303884953
42;1000;build;pauliarray;0.15940110001247376
43;1000;build;pauliarray;0.1572620230144821
44;1000;build;pauliarray;0.1022003770340234
45;1000;build;pauliarray;0.16541834000963718
46;1000;build;pauliarray;0.1540938260150142
47;1000;build;pauliarray;0.16001838399097323
48;1000;build;pauliarray;0.15215617103967816
49;1000;build;pauliarray;0.16130682895891368
50;1000;build;pauliarray;0.1624259920208715
51;1000;build;pauliarray;0.15377487300429493
52;1000;build;pauliarray;0.15609266300452873
53;1000;build;pauliarray;0.15581441699760035
54;1000;build;pauliarray;0.1566416280111298
55;1000;build;pauliarray;0.1620803140103817
56;1000;build;pauliarray;0.16845956799807027
57;1000;build;pauliarray;0.15915711602428928
58;1000;build;pauliarray;0.15440215298440307
59;1000;build;pauliarray;0.10152180300792679
60;1000;build;pauliarray;0.16485678299795836
61;1000;build;pauliarray;0.1599274140316993
62;1000;build;pauliarray;0.1002617459744215
63;1000;build;pauliarray;0.16285181598505005
64;1000;build;pauliarray;0.15410808403976262
65;1000;build;pauliarray;0.15615212998818606
66;1000;build;pauliarray;0.16010969498893246
67;1000;build;pauliarray;0.0958322049700655
68;1000;build;pauliarray;0.12571957299951464
69;1000;build;pauliarray;0.107700043998193
70;1000;build;pauliarray;0.16247484303312376
71;1000;build;pauliarray;0.16169660503510386
72;1000;build;pauliarray;0.15507807198446244
73;1000;build;pauliarray;0.15686484699836
74;1000;build;pauliarray;0.11438297998392954
75;1000;build;pauliarray;0.09728573396569118
76;1000;build;pauliarray;0.0950757329701446
77;1000;build;pauliarray;0.0957970320014283
78;1000;build;pauliarray;0.1592787469853647
79;1000;build;pauliarray;0.09566278598504141
80;1000;build;pauliarray;0.17207386199152097
81;1000;build;pauliarray;0.1508573269820772
82;1000;build;pauliarray;0.1564974799985066
83;1000;build;pauliarray;0.15462117397692055
84;1000;build;pauliarray;0.09598917904077098
85;1000;build;pauliarray;0.15691722399787977
86;1000;build;pauliarray;0.15148769499501213
87;1000;build;pauliarray;0.0962851379881613
88;1000;build;pauliarray;0.10280828998656943
89;1000;build;pauliarray;0.12189314200077206
90;1000;build;pauliarray;0.15911111398600042
91;1000;build;pauliarray;0.09595257800538093
92;1000;build;pauliarray;0.18319107202114537
93;1000;build;pauliarray;0.15529297199100256
94;1000;build;pauliarray;0.1573711009696126
95;1000;build;pauliarray;0.15811871801270172
96;1000;build;pauliarray;0.15441408997867256
97;1000;build;pauliarray;0.15445207402808592
98;1000;build;pauliarray;0.15779679705156013
99;1000;build;pauliarray;0.15268159500556067
100;1000;build;pauliarray;0.15871264599263668
1;3000;build;pauliarray;0.29167176102055237
2;3000;build;pauliarray;0.352219058026094
3;3000;build;pauliarray;0.43956810398958623
4;3000;build;pauliarray;0.4426669250242412
5;3000;build;pauliarray;0.46858208399498835
6;3000;build;pauliarray;0.4379718360141851
7;3000;build;pauliarray;0.44537898199632764
8;3000;build;pauliarray;0.43185165600152686
9;3000;build;pauliarray;0.4491650239797309
10;3000;build;pauliarray;0.27712944097584113
11;3000;build;pauliarray;0.4278931629960425
12;3000;build;pauliarray;0.2806326160207391
13;3000;build;pauliarray;0.27683470502961427
14;3000;build;pauliarray;0.43369169102516025
15;3000;build;pauliarray;0.45547903899569064
16;3000;build;pauliarray;0.45591177098685876
17;3000;build;pauliarray;0.4342590019805357
18;3000;build;pauliarray;0.27845297794556245
19;3000;build;pauliarray;0.4435406799893826
20;3000;build;pauliarray;0.4469081340357661
21;3000;build;pauliarray;0.44375673501053825
22;3000;build;pauliarray;0.4365133630344644
23;3000;build;pauliarray;0.4455370729556307
24;3000;build;pauliarray;0.40595999400829896
25;3000;build;pauliarray;0.45918711298145354
26;3000;build;pauliarray;0.2810642440454103
27;3000;build;pauliarray;0.36668167100287974
28;3000;build;pauliarray;0.4519781750277616
29;3000;build;pauliarray;0.4443951729917899
30;3000;build;pauliarray;0.4511715249973349
31;3000;build;pauliarray;0.4555211419938132
32;3000;build;pauliarray;0.44151151803089306
33;3000;build;pauliarray;0.4436568960081786
34;3000;build;pauliarray;0.4405033519724384
35;3000;build;pauliarray;0.43500285100890324
36;3000;build;pauliarray;0.43999649299075827
37;3000;build;pauliarray;0.4440313240047544
38;3000;build;pauliarray;0.44988507800735533
39;3000;build;pauliarray;0.4472707590321079
40;3000;build;pauliarray;0.4339389789965935
41;3000;build;pauliarray;0.44186998601071537
42;3000;build;pauliarray;0.4445012169890106
43;3000;build;pauliarray;0.44545296498108655
44;3000;build;pauliarray;0.27973005297826603
45;3000;build;pauliarray;0.44230270298430696
46;3000;build;pauliarray;0.44229148799786344
47;3000;build;pauliarray;0.44412084098439664
48;3000;build;pauliarray;0.4258613999700174
49;3000;build;pauliarray;0.43925020296592265
50;3000;build;pauliarray;0.4356069679488428
51;3000;build;pauliarray;0.45081969699822366
52;3000;build;pauliarray;0.4447143910219893
53;3000;build;pauliarray;0.45084866299293935
54;3000;build;pauliarray;0.4375781230046414
55;3000;build;pauliarray;0.4499685270129703
56;3000;build;pauliarray;0.44933414296247065
57;3000;build;pauliarray;0.45246220199624076
58;3000;build;pauliarray;0.438764215039555
59;3000;build;pauliarray;0.35621149197686464
60;3000;build;pauliarray;0.4408603049814701
61;3000;build;pauliarray;0.44652703002793714
62;3000;build;pauliarray;0.2766343679977581
63;3000;build;pauliarray;0.43676905799657106
64;3000;build;pauliarray;0.43392220203531906
65;3000;build;pauliarray;0.4370463079540059
66;3000;build;pauliarray;0.43352695496287197
67;3000;build;pauliarray;0.35857597598806024
68;3000;build;pauliarray;0.2764087859541178
69;3000;build;pauliarray;0.3734607920050621
70;3000;build;pauliarray;0.43777204997604713
71;3000;build;pauliarray;0.4397686989977956
72;3000;build;pauliarray;0.43941067496780306
73;3000;build;pauliarray;0.4472220049938187
74;3000;build;pauliarray;0.3384225720074028
75;3000;build;pauliarray;0.2983996029943228
76;3000;build;pauliarray;0.4286609929986298
77;3000;build;pauliarray;0.360392028989736
78;3000;build;pauliarray;0.42937070498010144
79;3000;build;pauliarray;0.2761415689601563
80;3000;build;pauliarray;0.3366873009945266
81;3000;build;pauliarray;0.27625960001023486
82;3000;build;pauliarray;0.4334582469891757
83;3000;build;pauliarray;0.43345659895567223
84;3000;build;pauliarray;0.311799771967344
85;3000;build;pauliarray;0.435058458999265
86;3000;build;pauliarray;0.3189963980112225
87;3000;build;pauliarray;0.27580594102619216
88;3000;build;pauliarray;0.2801989280269481
89;3000;build;pauliarray;0.35112506203586236
90;3000;build;pauliarray;0.27386069198837504
91;3000;build;pauliarray;0.4286296580103226
92;3000;build;pauliarray;0.3359710479853675
93;3000;build;pauliarray;0.44090690795565024
94;3000;build;pauliarray;0.4450258510187268
95;3000;build;pauliarray;0.44448377296794206
96;3000;build;pauliarray;0.43475209799362347
97;3000;build;pauliarray;0.42752202501287684
98;3000;build;pauliarray;0.4431065400131047
99;3000;build;pauliarray;0.43661485495977104
100;3000;build;pauliarray;0.4347226140089333
1;6000;build;pauliarray;0.5562776089645922
2;6000;build;pauliarray;0.8060472289798781
3;6000;build;pauliarray;0.8721300359466113
4;6000;build;pauliarray;0.8767397390329279
5;6000;build;pauliarray;0.846755214035511
6;6000;build;pauliarray;0.872553006047383
7;6000;build;pauliarray;0.8613038529874757
8;6000;build;pauliarray;0.8802053660037927
9;6000;build;pauliarray;0.8751821839832701
10;6000;build;pauliarray;0.5873662569792941
11;6000;build;pauliarray;0.8803998620132916
12;6000;build;pauliarray;0.5453650769777596
13;6000;build;pauliarray;0.6624582139775157
14;6000;build;pauliarray;0.868303841969464
15;6000;build;pauliarray;0.8592183850123547
16;6000;build;pauliarray;0.8690122079569846
17;6000;build;pauliarray;0.8819106570445001
18;6000;build;pauliarray;0.550135072960984
19;6000;build;pauliarray;0.8698740039835684
20;6000;build;pauliarray;0.8834307279903442
21;6000;build;pauliarray;0.8720881300396286
22;6000;build;pauliarray;0.6312177510117181
23;6000;build;pauliarray;0.8517761559924111
24;6000;build;pauliarray;0.555947681015823
25;6000;build;pauliarray;0.7725650999927893
26;6000;build;pauliarray;0.6921164680388756
27;6000;build;pauliarray;0.547878477955237
28;6000;build;pauliarray;0.8725801409455016
29;6000;build;pauliarray;0.5484198979684152
30;6000;build;pauliarray;0.8716346520232037
31;6000;build;pauliarray;0.8666305610095151
32;6000;build;pauliarray;0.8453049329691567
33;6000;build;pauliarray;0.86371450900333
34;6000;build;pauliarray;0.8740905720042065
35;6000;build;pauliarray;0.8956705419695936
36;6000;build;pauliarray;0.8844287119572982
37;6000;build;pauliarray;0.8771399569814093
38;6000;build;pauliarray;0.856012994016055
39;6000;build;pauliarray;0.880627435981296
40;6000;build;pauliarray;0.8568961500423029
41;6000;build;pauliarray;0.8786067449836992
42;6000;build;pauliarray;0.8674386260099709
43;6000;build;pauliarray;0.8697867030277848
44;6000;build;pauliarray;0.6102727260440588
45;6000;build;pauliarray;0.8636582989711314
46;6000;build;pauliarray;0.8627446000464261
47;6000;build;pauliarray;0.8458334499737248
48;6000;build;pauliarray;0.8706755430321209
49;6000;build;pauliarray;0.8698085849755444
50;6000;build;pauliarray;0.8691821729880758
51;6000;build;pauliarray;0.5569951320067048
52;6000;build;pauliarray;0.8751972090103664
53;6000;build;pauliarray;0.8749849789892323
54;6000;build;pauliarray;0.8619955390458927
55;6000;build;pauliarray;0.86699695099378
56;6000;build;pauliarray;0.8566213499871083
57;6000;build;pauliarray;0.8704798169783317
58;6000;build;pauliarray;0.8691426559817046
59;6000;build;pauliarray;0.6635184370097704
60;6000;build;pauliarray;0.8685172499972396
61;6000;build;pauliarray;0.8424460780224763
62;6000;build;pauliarray;0.6681998800486326
63;6000;build;pauliarray;0.879784623044543
64;6000;build;pauliarray;0.8550290429848246
65;6000;build;pauliarray;0.8632020270451903
66;6000;build;pauliarray;0.8700973409577273
67;6000;build;pauliarray;0.6565682020154782
68;6000;build;pauliarray;0.5486007009749301
69;6000;build;pauliarray;0.6025226020137779
70;6000;build;pauliarray;0.8454322810284793
71;6000;build;pauliarray;0.8626582309952937
72;6000;build;pauliarray;0.8709490229957737
73;6000;build;pauliarray;0.8759213860030286
74;6000;build;pauliarray;0.6344550189678557
75;6000;build;pauliarray;0.7028713820036501
76;6000;build;pauliarray;0.9304628450190648
77;6000;build;pauliarray;0.610020984953735
78;6000;build;pauliarray;0.8632046620477922
79;6000;build;pauliarray;0.5530522050103173
80;6000;build;pauliarray;0.6176923860330135
81;6000;build;pauliarray;0.5460439530434087
82;6000;build;pauliarray;0.8798119279672392
83;6000;build;pauliarray;0.8586398600018583
84;6000;build;pauliarray;0.6822183239855804
85;6000;build;pauliarray;0.8554899989976548
86;6000;build;pauliarray;0.6565467339823954
87;6000;build;pauliarray;0.5705879259621724
88;6000;build;pauliarray;0.6182802359689958
89;6000;build;pauliarray;0.5703853819868527
90;6000;build;pauliarray;0.5486131150391884
91;6000;build;pauliarray;0.6139155849814415
92;6000;build;pauliarray;0.5461434480384924
93;6000;build;pauliarray;0.8568670240347274
94;6000;build;pauliarray;0.8613832829869352
95;6000;build;pauliarray;0.8549050079891458
96;6000;build;pauliarray;0.8791378259775229
97;6000;build;pauliarray;0.8455042190034874
98;6000;build;pauliarray;0.8608427059953101
99;6000;build;pauliarray;0.8763137710047886
100;6000;build;pauliarray;0.8522226729546674
1;8000;build;pauliarray;0.7376226549968123
2;8000;build;pauliarray;0.8105851919972338
3;8000;build;pauliarray;1.1461923100287095
4;8000;build;pauliarray;1.153796998958569
5;8000;build;pauliarray;1.161512380989734
6;8000;build;pauliarray;1.1756755990209058
7;8000;build;pauliarray;1.1583385620033368
8;8000;build;pauliarray;1.1554851719993167
9;8000;build;pauliarray;1.1438503709505312
10;8000;build;pauliarray;0.7209819880081341
11;8000;build;pauliarray;1.1703633549623191
12;8000;build;pauliarray;0.7376193710369989
13;8000;build;pauliarray;0.9257348900428042
14;8000;build;pauliarray;1.166845375963021
15;8000;build;pauliarray;1.1684215489658527
16;8000;build;pauliarray;1.1506821049842983
17;8000;build;pauliarray;1.1225767050054856
18;8000;build;pauliarray;1.1596268939902075
19;8000;build;pauliarray;1.1481652940274216
20;8000;build;pauliarray;1.1553010120405816
21;8000;build;pauliarray;1.1802028539823368
22;8000;build;pauliarray;1.128589812957216
23;8000;build;pauliarray;1.1628061429946683
24;8000;build;pauliarray;0.9211462319944985
25;8000;build;pauliarray;0.9924867579829879
26;8000;build;pauliarray;0.8085538840387017
27;8000;build;pauliarray;1.1525480420095846
28;8000;build;pauliarray;1.1548583710100502
29;8000;build;pauliarray;0.8904161530081183
30;8000;build;pauliarray;1.1496225190348923
31;8000;build;pauliarray;1.164032759028487
32;8000;build;pauliarray;1.1545903669903055
33;8000;build;pauliarray;1.1542205199948512
34;8000;build;pauliarray;1.177397494961042
35;8000;build;pauliarray;1.1538807070464827
36;8000;build;pauliarray;1.1690532350330614
37;8000;build;pauliarray;1.154683856992051
38;8000;build;pauliarray;1.1462165520060807
39;8000;build;pauliarray;1.133268695033621
40;8000;build;pauliarray;1.1626458750106394
41;8000;build;pauliarray;1.1400428960332647
42;8000;build;pauliarray;1.152006572985556
43;8000;build;pauliarray;1.1458924090256914
44;8000;build;pauliarray;0.8879757120157592
45;8000;build;pauliarray;0.7361826479900628
46;8000;build;pauliarray;1.1524437830084935
47;8000;build;pauliarray;1.1532018479774706
48;8000;build;pauliarray;1.147180926054716
49;8000;build;pauliarray;1.1430138500290923
50;8000;build;pauliarray;1.1456029069959186
51;8000;build;pauliarray;0.730392450990621
52;8000;build;pauliarray;1.155589970992878
53;8000;build;pauliarray;1.1371437999769114
54;8000;build;pauliarray;1.1450208789901808
55;8000;build;pauliarray;1.1541071069659665
56;8000;build;pauliarray;1.15277252800297
57;8000;build;pauliarray;1.1534226539661177
58;8000;build;pauliarray;1.167843873030506
59;8000;build;pauliarray;0.9170792510267347
60;8000;build;pauliarray;1.1463416559854522
61;8000;build;pauliarray;1.150605375005398
62;8000;build;pauliarray;0.9082325909985229
63;8000;build;pauliarray;1.1428783329902217
64;8000;build;pauliarray;1.1505217850208282
65;8000;build;pauliarray;1.1756601199740544
66;8000;build;pauliarray;1.1775442829821259
67;8000;build;pauliarray;0.7641789649496786
68;8000;build;pauliarray;0.8138802719768137
69;8000;build;pauliarray;0.7255809489870444
70;8000;build;pauliarray;1.1345487849903293
71;8000;build;pauliarray;1.1629224130301736
72;8000;build;pauliarray;1.1463351729908027
73;8000;build;pauliarray;1.1518462819512933
74;8000;build;pauliarray;1.1466883399989456
75;8000;build;pauliarray;0.8940048760268837
76;8000;build;pauliarray;0.887892818020191
77;8000;build;pauliarray;0.7259713019593619
78;8000;build;pauliarray;1.147295431990642
79;8000;build;pauliarray;0.9111956180422567
80;8000;build;pauliarray;0.8191438830108382
81;8000;build;pauliarray;0.8787215490010567
82;8000;build;pauliarray;0.8611610789666884
83;8000;build;pauliarray;1.1434685330023058
84;8000;build;pauliarray;0.7770423869951628
85;8000;build;pauliarray;1.1424626060179435
86;8000;build;pauliarray;0.8872232779976912
87;8000;build;pauliarray;1.1677397419698536
88;8000;build;pauliarray;0.9189975690096617
89;8000;build;pauliarray;1.1551878119935282
90;8000;build;pauliarray;0.752441416028887
91;8000;build;pauliarray;1.1389047330012545
92;8000;build;pauliarray;0.742205749033019
93;8000;build;pauliarray;1.1699602199951187
94;8000;build;pauliarray;1.1465002769837156
95;8000;build;pauliarray;1.1394611190189607
96;8000;build;pauliarray;1.1363198849721812
97;8000;build;pauliarray;1.1545546060078777
98;8000;build;pauliarray;1.1559481430449523
99;8000;build;pauliarray;1.1420260689919814
100;8000;build;pauliarray;1.1500225240015425
1;10000;build;pauliarray;1.1923140810104087
2;10000;build;pauliarray;0.9158619499648921
3;10000;build;pauliarray;1.436502254975494
4;10000;build;pauliarray;1.426316281023901
5;10000;build;pauliarray;1.44069745199522
6;10000;build;pauliarray;1.4365328209823929
7;10000;build;pauliarray;1.4406715540098958
8;10000;build;pauliarray;1.428271661978215
9;10000;build;pauliarray;1.2489781099720858
10;10000;build;pauliarray;0.9051357720163651
11;10000;build;pauliarray;1.4572084409883246
12;10000;build;pauliarray;0.9324555999482982
13;10000;build;pauliarray;1.0443242929759435
14;10000;build;pauliarray;1.4628864820115268
15;10000;build;pauliarray;1.4270373749895953
16;10000;build;pauliarray;1.4429392600432038
17;10000;build;pauliarray;1.4520689159980975
18;10000;build;pauliarray;1.4548155659576878
19;10000;build;pauliarray;1.4386495880316943
20;10000;build;pauliarray;1.42454675398767
21;10000;build;pauliarray;1.431599652976729
22;10000;build;pauliarray;1.090834044967778
23;10000;build;pauliarray;1.4354408160434105
24;10000;build;pauliarray;0.9670966239646077
25;10000;build;pauliarray;1.0249481779756024
26;10000;build;pauliarray;1.439346936007496
27;10000;build;pauliarray;1.4194099169690162
28;10000;build;pauliarray;1.430241693975404
29;10000;build;pauliarray;1.0684776850393973
30;10000;build;pauliarray;1.430235188046936
31;10000;build;pauliarray;1.4432753199944273
32;10000;build;pauliarray;1.4412257159710862
33;10000;build;pauliarray;1.4360322399879806
34;10000;build;pauliarray;1.4510228940052912
35;10000;build;pauliarray;1.4489313149824739
36;10000;build;pauliarray;1.4276220820029266
37;10000;build;pauliarray;1.45312574604759
38;10000;build;pauliarray;1.42968420102261
39;10000;build;pauliarray;1.4270694290171377
40;10000;build;pauliarray;1.4290085639804602
41;10000;build;pauliarray;1.4438508449820802
42;10000;build;pauliarray;1.4330153849441558
43;10000;build;pauliarray;1.4313194919959642
44;10000;build;pauliarray;1.4389778690529056
45;10000;build;pauliarray;1.4314177169580944
46;10000;build;pauliarray;1.435790651012212
47;10000;build;pauliarray;1.4352988470345736
48;10000;build;pauliarray;1.4092304449877702
49;10000;build;pauliarray;1.4403326850151643
50;10000;build;pauliarray;1.4389760330086574
51;10000;build;pauliarray;1.4617823910084553
52;10000;build;pauliarray;1.4432933990028687
53;10000;build;pauliarray;1.4371113529778086
54;10000;build;pauliarray;1.4538247360032983
55;10000;build;pauliarray;1.426657319010701
56;10000;build;pauliarray;1.4623693290050142
57;10000;build;pauliarray;1.4238183629931882
58;10000;build;pauliarray;1.4193230479722843
59;10000;build;pauliarray;0.9067337659653276
60;10000;build;pauliarray;1.4266141430125572
61;10000;build;pauliarray;1.0105009200051427
62;10000;build;pauliarray;1.4397741989814676
63;10000;build;pauliarray;1.4433716339990497
64;10000;build;pauliarray;0.9109021160402335
65;10000;build;pauliarray;1.4374310389976017
66;10000;build;pauliarray;1.1957818659720942
67;10000;build;pauliarray;0.9399908839841373
68;10000;build;pauliarray;1.0284687720122747
69;10000;build;pauliarray;1.432270838005934
70;10000;build;pauliarray;1.4162677520071156
71;10000;build;pauliarray;1.4441934149945155
72;10000;build;pauliarray;1.4533289939863607
73;10000;build;pauliarray;1.438804977980908
74;10000;build;pauliarray;0.9649308749940246
75;10000;build;pauliarray;0.9041904999758117
76;10000;build;pauliarray;0.9053665219689719
77;10000;build;pauliarray;1.115172124991659
78;10000;build;pauliarray;1.1994060610304587
79;10000;build;pauliarray;1.0065843620104715
80;10000;build;pauliarray;0.9171897959895432
81;10000;build;pauliarray;1.050532425986603
82;10000;build;pauliarray;1.0655948750209063
83;10000;build;pauliarray;1.425147763977293
84;10000;build;pauliarray;1.425657807965763
85;10000;build;pauliarray;1.4192666450398974
86;10000;build;pauliarray;1.062633975991048
87;10000;build;pauliarray;1.4565690850140527
88;10000;build;pauliarray;1.0679763280204497
89;10000;build;pauliarray;1.1019718570169061
90;10000;build;pauliarray;1.2961773260030895
91;10000;build;pauliarray;0.9825307609862648
92;10000;build;pauliarray;1.4094670759513974
93;10000;build;pauliarray;1.4292203559889458
94;10000;build;pauliarray;1.4395442749955691
95;10000;build;pauliarray;1.4318631329806522
96;10000;build;pauliarray;1.4232672340003774
97;10000;build;pauliarray;1.4413070270093158
98;10000;build;pauliarray;1.445902669976931
99;10000;build;pauliarray;1.4371114590321667
100;10000;build;pauliarray;1.4446368950302713
1;12000;build;pauliarray;1.1646518019842915
2;12000;build;pauliarray;1.7228117390186526
3;12000;build;pauliarray;1.7225510540301912
4;12000;build;pauliarray;1.7280145669938065
5;12000;build;pauliarray;1.7412176090292633
6;12000;build;pauliarray;1.7294939629500732
7;12000;build;pauliarray;1.7443275589612313
8;12000;build;pauliarray;1.7090017540031113
9;12000;build;pauliarray;1.2204235380049795
10;12000;build;pauliarray;1.5851433540228754
11;12000;build;pauliarray;1.1582637910032645
12;12000;build;pauliarray;1.1695495080202818
13;12000;build;pauliarray;1.1341630780370906
14;12000;build;pauliarray;1.6967445120099
15;12000;build;pauliarray;1.7240121640497819
16;12000;build;pauliarray;1.7418433749699034
17;12000;build;pauliarray;1.1151875099749304
18;12000;build;pauliarray;1.714313418022357
19;12000;build;pauliarray;1.718055953970179
20;12000;build;pauliarray;1.7430399360018782
21;12000;build;pauliarray;1.7207603840506636
22;12000;build;pauliarray;1.2103881409857422
23;12000;build;pauliarray;1.7278643909958191
24;12000;build;pauliarray;1.1766289950464852
25;12000;build;pauliarray;1.3122562660137191
26;12000;build;pauliarray;1.7245910209603608
27;12000;build;pauliarray;1.7180240930174477
28;12000;build;pauliarray;1.716795961954631
29;12000;build;pauliarray;1.2686481229611672
30;12000;build;pauliarray;1.7066411720006727
31;12000;build;pauliarray;1.714419003983494
32;12000;build;pauliarray;1.710192968021147
33;12000;build;pauliarray;1.731388813990634
34;12000;build;pauliarray;1.7153204370406456
35;12000;build;pauliarray;1.7329609270091169
36;12000;build;pauliarray;1.7329153399914503
37;12000;build;pauliarray;1.719538870966062
38;12000;build;pauliarray;1.7115907369880006
39;12000;build;pauliarray;1.704451757017523
40;12000;build;pauliarray;1.7074799109832384
41;12000;build;pauliarray;1.7086922629969195
42;12000;build;pauliarray;1.7063769250526093
43;12000;build;pauliarray;1.4242948569590226
44;12000;build;pauliarray;1.701365469954908
45;12000;build;pauliarray;1.7080836169770919
46;12000;build;pauliarray;1.7108767639729194
47;12000;build;pauliarray;1.7314152990002185
48;12000;build;pauliarray;1.7168908690218814
49;12000;build;pauliarray;1.7135438419645652
50;12000;build;pauliarray;1.7272440230008215
51;12000;build;pauliarray;1.7278790620039217
52;12000;build;pauliarray;1.7262213029898703
53;12000;build;pauliarray;1.7074092580005527
54;12000;build;pauliarray;1.719850822002627
55;12000;build;pauliarray;1.7255819519632496
56;12000;build;pauliarray;1.7301797210238874
57;12000;build;pauliarray;1.5000858010025695
58;12000;build;pauliarray;1.7207288880017586
59;12000;build;pauliarray;1.2531856279820204
60;12000;build;pauliarray;1.0951950890012085
61;12000;build;pauliarray;1.2684668829897419
62;12000;build;pauliarray;1.7143691760138609
63;12000;build;pauliarray;1.6979554529534653
64;12000;build;pauliarray;1.7116217109723948
65;12000;build;pauliarray;1.7250247490010224
66;12000;build;pauliarray;1.5659116870374419
67;12000;build;pauliarray;1.1877180339652114
68;12000;build;pauliarray;1.1990230709780008
69;12000;build;pauliarray;1.7066787230432965
70;12000;build;pauliarray;1.69636200502282
71;12000;build;pauliarray;1.7168916909722611
72;12000;build;pauliarray;1.70906773902243
73;12000;build;pauliarray;1.0861925749923103
74;12000;build;pauliarray;1.7164521829690784
75;12000;build;pauliarray;1.268036552995909
76;12000;build;pauliarray;1.3123308829963207
77;12000;build;pauliarray;1.383215827983804
78;12000;build;pauliarray;1.0988246880006045
79;12000;build;pauliarray;1.4587682879646309
80;12000;build;pauliarray;1.2569617010303773
81;12000;build;pauliarray;1.0902994039934129
82;12000;build;pauliarray;1.7183720900211483
83;12000;build;pauliarray;1.7272735370206647
84;12000;build;pauliarray;1.7172423979500309
85;12000;build;pauliarray;1.7172256400226615
86;12000;build;pauliarray;1.2150916440295987
87;12000;build;pauliarray;1.194662318972405
88;12000;build;pauliarray;1.268071420956403
89;12000;build;pauliarray;1.3486297259805724
90;12000;build;pauliarray;1.141659934015479
91;12000;build;pauliarray;1.4786086099920794
92;12000;build;pauliarray;1.6930624219821766
93;12000;build;pauliarray;1.7444202909828164
94;12000;build;pauliarray;1.7098785209818743
95;12000;build;pauliarray;1.6810139840235934
96;12000;build;pauliarray;1.6942425390006974
97;12000;build;pauliarray;1.6974698830163106
98;12000;build;pauliarray;1.700424815993756
99;12000;build;pauliarray;1.7141060999711044
100;12000;build;pauliarray;1.722695458040107
1;10;build;pauliengine;0.0013700959971174598
2;10;build;pauliengine;0.0013870249968022108
3;10;build;pauliengine;0.0025029979879036546
4;10;build;pauliengine;0.0025334840174764395
5;10;build;pauliengine;0.0026701679453253746
6;10;build;pauliengine;0.0023870719596743584
7;10;build;pauliengine;0.002420892007648945
8;10;build;pauliengine;0.002485677949152887
9;10;build;pauliengine;0.0023893059697002172
10;10;build;pauliengine;0.0013701340067200363
11;10;build;pauliengine;0.0013628359884023666
12;10;build;pauliengine;0.0014229349908418953
13;10;build;pauliengine;0.0014113259967416525
14;10;build;pauliengine;0.0024784959969110787
15;10;build;pauliengine;0.002525402989704162
16;10;build;pauliengine;0.0025498239556327462
17;10;build;pauliengine;0.002508619974832982
18;10;build;pauliengine;0.0013628029846586287
19;10;build;pauliengine;0.002583264955319464
20;10;build;pauliengine;0.002511885017156601
21;10;build;pauliengine;0.0023565590381622314
22;10;build;pauliengine;0.0025259650428779423
23;10;build;pauliengine;0.002545225026551634
24;10;build;pauliengine;0.0013868029927834868
25;10;build;pauliengine;0.002016306039877236
26;10;build;pauliengine;0.0024836129741743207
27;10;build;pauliengine;0.002096672949846834
28;10;build;pauliengine;0.0023734429851174355
29;10;build;pauliengine;0.00239392596995458
30;10;build;pauliengine;0.0020891070016659796
31;10;build;pauliengine;0.0024908820050768554
32;10;build;pauliengine;0.0024326929706148803
33;10;build;pauliengine;0.0024411340127699077
34;10;build;pauliengine;0.0024547939538024366
35;10;build;pauliengine;0.002436423033941537
36;10;build;pauliengine;0.002505612967070192
37;10;build;pauliengine;0.0025340549764223397
38;10;build;pauliengine;0.002467784972395748
39;10;build;pauliengine;0.0024547940120100975
40;10;build;pauliengine;0.002477638015989214
41;10;build;pauliengine;0.0024570069508627057
42;10;build;pauliengine;0.0025194630143232644
43;10;build;pauliengine;0.0024896309478208423
44;10;build;pauliengine;0.001386847987305373
45;10;build;pauliengine;0.002446988015435636
46;10;build;pauliengine;0.002577845996711403
47;10;build;pauliengine;0.002637701982166618
48;10;build;pauliengine;0.0024587539955973625
49;10;build;pauliengine;0.0025859170127660036
50;10;build;pauliengine;0.0024983169860206544
51;10;build;pauliengine;0.002397366042714566
52;10;build;pauliengine;0.0024814929929561913
53;10;build;pauliengine;0.0023763880017213523
54;10;build;pauliengine;0.0024834679788909853
55;10;build;pauliengine;0.002517565037123859
56;10;build;pauliengine;0.002562484994996339
57;10;build;pauliengine;0.0024461550056003034
58;10;build;pauliengine;0.0024030759814195335
59;10;build;pauliengine;0.0026739570312201977
60;10;build;pauliengine;0.0025561630027368665
61;10;build;pauliengine;0.002383089973591268
62;10;build;pauliengine;0.0013913139700889587
63;10;build;pauliengine;0.00247747398680076
64;10;build;pauliengine;0.0025385110056959093
65;10;build;pauliengine;0.0026635770336724818
66;10;build;pauliengine;0.0023742769844830036
67;10;build;pauliengine;0.0013958800118416548
68;10;build;pauliengine;0.0013897750177420676
69;10;build;pauliengine;0.0026928290026262403
70;10;build;pauliengine;0.0025393659598194063
71;10;build;pauliengine;0.0025354359531775117
72;10;build;pauliengine;0.0026002719532698393
73;10;build;pauliengine;0.0025342139997519553
74;10;build;pauliengine;0.0024675740278325975
75;10;build;pauliengine;0.0014231590321287513
76;10;build;pauliengine;0.002070482005365193
77;10;build;pauliengine;0.0018911799998022616
78;10;build;pauliengine;0.0025697420351207256
79;10;build;pauliengine;0.002091225003823638
80;10;build;pauliengine;0.002066010027192533
81;10;build;pauliengine;0.002505507960449904
82;10;build;pauliengine;0.002408514032140374
83;10;build;pauliengine;0.00260626501403749
84;10;build;pauliengine;0.0013914619921706617
85;10;build;pauliengine;0.0024776289938017726
86;10;build;pauliengine;0.002505760989151895
87;10;build;pauliengine;0.0013932310394011438
88;10;build;pauliengine;0.0027023510192520916
89;10;build;pauliengine;0.0014023429830558598
90;10;build;pauliengine;0.0023905440466478467
91;10;build;pauliengine;0.0014137410325929523
92;10;build;pauliengine;0.0014272700063884258
93;10;build;pauliengine;0.0023923179833218455
94;10;build;pauliengine;0.0025380729930475354
95;10;build;pauliengine;0.002468666003551334
96;10;build;pauliengine;0.0024829860194586217
97;10;build;pauliengine;0.002599133993498981
98;10;build;pauliengine;0.0025123200030066073
99;10;build;pauliengine;0.00254672096343711
100;10;build;pauliengine;0.0025154739851132035
1;100;build;pauliengine;0.010127467045094818
2;100;build;pauliengine;0.010002030001487583
3;100;build;pauliengine;0.01391725498251617
4;100;build;pauliengine;0.01478148001478985
5;100;build;pauliengine;0.01451421104138717
6;100;build;pauliengine;0.014829997962806374
7;100;build;pauliengine;0.014082933019381016
8;100;build;pauliengine;0.01415554597042501
9;100;build;pauliengine;0.014348183991387486
10;100;build;pauliengine;0.010105232999194413
11;100;build;pauliengine;0.009987466968595982
12;100;build;pauliengine;0.010023218987043947
13;100;build;pauliengine;0.009910298977047205
14;100;build;pauliengine;0.01542396703734994
15;100;build;pauliengine;0.014962014043703675
16;100;build;pauliengine;0.014606059005018324
17;100;build;pauliengine;0.014119270024821162
18;100;build;pauliengine;0.009950239968020469
19;100;build;pauliengine;0.01441487402189523
20;100;build;pauliengine;0.014146827976219356
21;100;build;pauliengine;0.01470306800911203
22;100;build;pauliengine;0.014276730013079941
23;100;build;pauliengine;0.014354181999806315
24;100;build;pauliengine;0.010252986976411194
25;100;build;pauliengine;0.011396429035812616
26;100;build;pauliengine;0.013260526990052313
27;100;build;pauliengine;0.01003642799332738
28;100;build;pauliengine;0.01475263194879517
29;100;build;pauliengine;0.015018417034298182
30;100;build;pauliengine;0.014932695019524544
31;100;build;pauliengine;0.015338932047598064
32;100;build;pauliengine;0.014880475006066263
33;100;build;pauliengine;0.01458652300061658
34;100;build;pauliengine;0.01460008800495416
35;100;build;pauliengine;0.015027276996988803
36;100;build;pauliengine;0.014600208029150963
37;100;build;pauliengine;0.014915640000253916
38;100;build;pauliengine;0.013841655978467315
39;100;build;pauliengine;0.014451964991167188
40;100;build;pauliengine;0.014264767989516258
41;100;build;pauliengine;0.01355515600880608
42;100;build;pauliengine;0.014166812994517386
43;100;build;pauliengine;0.014403296052478254
44;100;build;pauliengine;0.010010230005718768
45;100;build;pauliengine;0.015408567967824638
46;100;build;pauliengine;0.014161468017846346
47;100;build;pauliengine;0.014557639951817691
48;100;build;pauliengine;0.014696647005621344
49;100;build;pauliengine;0.01431646099081263
50;100;build;pauliengine;0.014479411009233445
51;100;build;pauliengine;0.01476994197582826
52;100;build;pauliengine;0.014955406018998474
53;100;build;pauliengine;0.014971316966693848
54;100;build;pauliengine;0.014645752031356096
55;100;build;pauliengine;0.014622163958847523
56;100;build;pauliengine;0.014615223975852132
57;100;build;pauliengine;0.014561226009391248
58;100;build;pauliengine;0.014767310000024736
59;100;build;pauliengine;0.01241412595845759
60;100;build;pauliengine;0.014160808990709484
61;100;build;pauliengine;0.013831740012392402
62;100;build;pauliengine;0.013101872988045216
63;100;build;pauliengine;0.014621413021814078
64;100;build;pauliengine;0.014872186002321541
65;100;build;pauliengine;0.014807361003477126
66;100;build;pauliengine;0.014530487009324133
67;100;build;pauliengine;0.010066702961921692
68;100;build;pauliengine;0.013057873991783708
69;100;build;pauliengine;0.010063772031571716
70;100;build;pauliengine;0.014591309998650104
71;100;build;pauliengine;0.01460086100269109
72;100;build;pauliengine;0.014924274990335107
73;100;build;pauliengine;0.014256800001021475
74;100;build;pauliengine;0.01400112098781392
75;100;build;pauliengine;0.010242282995022833
76;100;build;pauliengine;0.010355503996834159
77;100;build;pauliengine;0.009931713051628321
78;100;build;pauliengine;0.01463628001511097
79;100;build;pauliengine;0.012967758986633271
80;100;build;pauliengine;0.012981463980395347
81;100;build;pauliengine;0.010042070993222296
82;100;build;pauliengine;0.014868316007778049
83;100;build;pauliengine;0.014654519967734814
84;100;build;pauliengine;0.009971205028705299
85;100;build;pauliengine;0.014985329995397478
86;100;build;pauliengine;0.014911142992787063
87;100;build;pauliengine;0.009977639012504369
88;100;build;pauliengine;0.017683270969428122
89;100;build;pauliengine;0.01026708201970905
90;100;build;pauliengine;0.014488833956420422
91;100;build;pauliengine;0.01284003397449851
92;100;build;pauliengine;0.010063306021038443
93;100;build;pauliengine;0.015211566002108157
94;100;build;pauliengine;0.01478822302306071
95;100;build;pauliengine;0.014320025977212936
96;100;build;pauliengine;0.014326297969091684
97;100;build;pauliengine;0.014614677987992764
98;100;build;pauliengine;0.014678390987683088
99;100;build;pauliengine;0.01465660601388663
100;100;build;pauliengine;0.014561711985152215
1;1000;build;pauliengine;0.11329086497426033
2;1000;build;pauliengine;0.0961850939784199
3;1000;build;pauliengine;0.14715281198732555
4;1000;build;pauliengine;0.14320822595618665
5;1000;build;pauliengine;0.13962647400330752
6;1000;build;pauliengine;0.1367530389688909
7;1000;build;pauliengine;0.14812388899736106
8;1000;build;pauliengine;0.14516580698546022
9;1000;build;pauliengine;0.13929502200335264
10;1000;build;pauliengine;0.16318922000937164
11;1000;build;pauliengine;0.14108311297604814
12;1000;build;pauliengine;0.0980100340093486
13;1000;build;pauliengine;0.10614362102933228
14;1000;build;pauliengine;0.1388781299465336
15;1000;build;pauliengine;0.1397733020130545
16;1000;build;pauliengine;0.14611269102897495
17;1000;build;pauliengine;0.1379281579866074
18;1000;build;pauliengine;0.09778835799079388
19;1000;build;pauliengine;0.14426965004531667
20;1000;build;pauliengine;0.14177126600407064
21;1000;build;pauliengine;0.14258915703976527
22;1000;build;pauliengine;0.1424790729652159
23;1000;build;pauliengine;0.14322726998943835
24;1000;build;pauliengine;0.12648544600233436
25;1000;build;pauliengine;0.14589886198518798
26;1000;build;pauliengine;0.11382329696789384
27;1000;build;pauliengine;0.1379331200150773
28;1000;build;pauliengine;0.13974802801385522
29;1000;build;pauliengine;0.14370044798124582
30;1000;build;pauliengine;0.13869425299344584
31;1000;build;pauliengine;0.14594293799018487
32;1000;build;pauliengine;0.1461132219992578
33;1000;build;pauliengine;0.14444621599977836
34;1000;build;pauliengine;0.13737529999343678
35;1000;build;pauliengine;0.14494001201819628
36;1000;build;pauliengine;0.14379455702146515
37;1000;build;pauliengine;0.14005324098980054
38;1000;build;pauliengine;0.1385784390149638
39;1000;build;pauliengine;0.14790174399968237
40;1000;build;pauliengine;0.13941800798056647
41;1000;build;pauliengine;0.1370637959917076
42;1000;build;pauliengine;0.14382545702392235
43;1000;build;pauliengine;0.14949209499172866
44;1000;build;pauliengine;0.09827931097242981
45;1000;build;pauliengine;0.1399256900185719
46;1000;build;pauliengine;0.14364626602036878
47;1000;build;pauliengine;0.14393479702994227
48;1000;build;pauliengine;0.139650298980996
49;1000;build;pauliengine;0.14348538999911398
50;1000;build;pauliengine;0.14976674900390208
51;1000;build;pauliengine;0.14686269499361515
52;1000;build;pauliengine;0.13906094705453143
53;1000;build;pauliengine;0.13770903804106638
54;1000;build;pauliengine;0.14089339901693165
55;1000;build;pauliengine;0.14367250399664044
56;1000;build;pauliengine;0.14636650698957965
57;1000;build;pauliengine;0.1442165799671784
58;1000;build;pauliengine;0.14361784100765362
59;1000;build;pauliengine;0.0975222359993495
60;1000;build;pauliengine;0.14153131999773905
61;1000;build;pauliengine;0.13917674601543695
62;1000;build;pauliengine;0.09789613803150132
63;1000;build;pauliengine;0.14188499300507829
64;1000;build;pauliengine;0.1384694050066173
65;1000;build;pauliengine;0.14179221005178988
66;1000;build;pauliengine;0.1367664949502796
67;1000;build;pauliengine;0.12002188595943153
68;1000;build;pauliengine;0.09782431396888569
69;1000;build;pauliengine;0.10837185801938176
70;1000;build;pauliengine;0.1451335250167176
71;1000;build;pauliengine;0.14347929297946393
72;1000;build;pauliengine;0.14544174203183502
73;1000;build;pauliengine;0.14141801500227302
74;1000;build;pauliengine;0.09802363900234923
75;1000;build;pauliengine;0.09814857097808272
76;1000;build;pauliengine;0.09797760599758476
77;1000;build;pauliengine;0.09730627702083439
78;1000;build;pauliengine;0.14640314102871343
79;1000;build;pauliengine;0.09792494302382693
80;1000;build;pauliengine;0.0976183220045641
81;1000;build;pauliengine;0.09810283296974376
82;1000;build;pauliengine;0.13942298700567335
83;1000;build;pauliengine;0.13909633900038898
84;1000;build;pauliengine;0.12541879201307893
85;1000;build;pauliengine;0.14254311099648476
86;1000;build;pauliengine;0.09849776700139046
87;1000;build;pauliengine;0.11168310802895576
88;1000;build;pauliengine;0.10333932196954265
89;1000;build;pauliengine;0.09812867199070752
90;1000;build;pauliengine;0.09831811301410198
91;1000;build;pauliengine;0.12433701200643554
92;1000;build;pauliengine;0.09788741497322917
93;1000;build;pauliengine;0.14032385201426223
94;1000;build;pauliengine;0.14334919396787882
95;1000;build;pauliengine;0.14009215199621394
96;1000;build;pauliengine;0.14085400302428752
97;1000;build;pauliengine;0.13918676797766238
98;1000;build;pauliengine;0.14552042697323486
99;1000;build;pauliengine;0.14632674399763346
100;1000;build;pauliengine;0.14771665399894118
1;3000;build;pauliengine;0.3505440350272693
2;3000;build;pauliengine;0.28485186997568235
3;3000;build;pauliengine;0.4135140540311113
4;3000;build;pauliengine;0.40944198897341266
5;3000;build;pauliengine;0.4092446430004202
6;3000;build;pauliengine;0.40892397897550836
7;3000;build;pauliengine;0.40177665604278445
8;3000;build;pauliengine;0.4049875249620527
9;3000;build;pauliengine;0.41576482402160764
10;3000;build;pauliengine;0.336718209029641
11;3000;build;pauliengine;0.41505552997114137
12;3000;build;pauliengine;0.3182145769824274
13;3000;build;pauliengine;0.3443741400260478
14;3000;build;pauliengine;0.41361183900153264
15;3000;build;pauliengine;0.41380724601913244
16;3000;build;pauliengine;0.4172562530147843
17;3000;build;pauliengine;0.4141045580036007
18;3000;build;pauliengine;0.2870160129969008
19;3000;build;pauliengine;0.42512186901876703
20;3000;build;pauliengine;0.4204208350274712
21;3000;build;pauliengine;0.41169100801926106
22;3000;build;pauliengine;0.4159311890252866
23;3000;build;pauliengine;0.42134929297026247
24;3000;build;pauliengine;0.28649739699903876
25;3000;build;pauliengine;0.3463887970428914
26;3000;build;pauliengine;0.2881662200088613
27;3000;build;pauliengine;0.2998467790312134
28;3000;build;pauliengine;0.40779172198381275
29;3000;build;pauliengine;0.30724963499233127
30;3000;build;pauliengine;0.41932521399576217
31;3000;build;pauliengine;0.4300388469710015
32;3000;build;pauliengine;0.41590914101107046
33;3000;build;pauliengine;0.42084760597208515
34;3000;build;pauliengine;0.4110140629927628
35;3000;build;pauliengine;0.4158086769748479
36;3000;build;pauliengine;0.4235438460018486
37;3000;build;pauliengine;0.42286175495246425
38;3000;build;pauliengine;0.400649118993897
39;3000;build;pauliengine;0.41534694901201874
40;3000;build;pauliengine;0.4038843829766847
41;3000;build;pauliengine;0.40366645698668435
42;3000;build;pauliengine;0.42806811904301867
43;3000;build;pauliengine;0.42787605902412906
44;3000;build;pauliengine;0.28666780301136896
45;3000;build;pauliengine;0.42401423503179103
46;3000;build;pauliengine;0.4156661400338635
47;3000;build;pauliengine;0.4226329829543829
48;3000;build;pauliengine;0.42390698997769505
49;3000;build;pauliengine;0.42533109796931967
50;3000;build;pauliengine;0.40682583197485656
51;3000;build;pauliengine;0.2884754940168932
52;3000;build;pauliengine;0.4076043490204029
53;3000;build;pauliengine;0.4216396760311909
54;3000;build;pauliengine;0.42703806603094563
55;3000;build;pauliengine;0.4261396490037441
56;3000;build;pauliengine;0.4185177719919011
57;3000;build;pauliengine;0.408930703997612
58;3000;build;pauliengine;0.40381972899194807
59;3000;build;pauliengine;0.3455767220002599
60;3000;build;pauliengine;0.418531546019949
61;3000;build;pauliengine;0.40432079700985923
62;3000;build;pauliengine;0.28711873502470553
63;3000;build;pauliengine;0.42043333500623703
64;3000;build;pauliengine;0.4231501659960486
65;3000;build;pauliengine;0.4100378089933656
66;3000;build;pauliengine;0.4155216700164601
67;3000;build;pauliengine;0.4116165649611503
68;3000;build;pauliengine;0.3689993739826605
69;3000;build;pauliengine;0.32484279200434685
70;3000;build;pauliengine;0.42054160800762475
71;3000;build;pauliengine;0.4244795700069517
72;3000;build;pauliengine;0.40023316600127146
73;3000;build;pauliengine;0.41537706600502133
74;3000;build;pauliengine;0.3240326319937594
75;3000;build;pauliengine;0.2888537980034016
76;3000;build;pauliengine;0.28867442696355283
77;3000;build;pauliengine;0.34128143097041175
78;3000;build;pauliengine;0.41200094495434314
79;3000;build;pauliengine;0.4527198660071008
80;3000;build;pauliengine;0.2902037469903007
81;3000;build;pauliengine;0.41179672500584275
82;3000;build;pauliengine;0.4087660390068777
83;3000;build;pauliengine;0.4020473609562032
84;3000;build;pauliengine;0.2891972090001218
85;3000;build;pauliengine;0.42168506095185876
86;3000;build;pauliengine;0.2888113139779307
87;3000;build;pauliengine;0.29224908200558275
88;3000;build;pauliengine;0.2872030340367928
89;3000;build;pauliengine;0.3393563900026493
90;3000;build;pauliengine;0.30833410000195727
91;3000;build;pauliengine;0.38308301102370024
92;3000;build;pauliengine;0.2900333399884403
93;3000;build;pauliengine;0.4159062899998389
94;3000;build;pauliengine;0.4017950049601495
95;3000;build;pauliengine;0.4196245170314796
96;3000;build;pauliengine;0.40787803899729624
97;3000;build;pauliengine;0.4112600589869544
98;3000;build;pauliengine;0.39506105898180977
99;3000;build;pauliengine;0.42942620697431266
100;3000;build;pauliengine;0.4113536640070379
1;6000;build;pauliengine;0.6674675900139846
2;6000;build;pauliengine;0.6749840849661268
3;6000;build;pauliengine;0.8258877759799361
4;6000;build;pauliengine;0.8317622059839778
5;6000;build;pauliengine;0.8222701500053518
6;6000;build;pauliengine;0.8399855819880031
7;6000;build;pauliengine;0.8399172439821996
8;6000;build;pauliengine;0.5785667540039867
9;6000;build;pauliengine;0.8409586390480399
10;6000;build;pauliengine;0.7451151579734869
11;6000;build;pauliengine;0.8209142600535415
12;6000;build;pauliengine;0.580988135014195
13;6000;build;pauliengine;0.6282390360138379
14;6000;build;pauliengine;0.8316549059818499
15;6000;build;pauliengine;0.8323140959837474
16;6000;build;pauliengine;0.8180007149931043
17;6000;build;pauliengine;0.8328114590258338
18;6000;build;pauliengine;0.5771223609917797
19;6000;build;pauliengine;0.8336328220320866
20;6000;build;pauliengine;0.8169710399815813
21;6000;build;pauliengine;0.8263393660308793
22;6000;build;pauliengine;0.6639652750454843
23;6000;build;pauliengine;0.8348239440238103
24;6000;build;pauliengine;0.6031763079809025
25;6000;build;pauliengine;0.5799319269717671
26;6000;build;pauliengine;0.585332867980469
27;6000;build;pauliengine;0.5786577920080163
28;6000;build;pauliengine;0.8333683829987422
29;6000;build;pauliengine;0.6027964260429144
30;6000;build;pauliengine;0.86212105298182
31;6000;build;pauliengine;0.8392476200242527
32;6000;build;pauliengine;0.8451377999735996
33;6000;build;pauliengine;0.824711678957101
34;6000;build;pauliengine;0.8256720950012095
35;6000;build;pauliengine;0.8331693249638192
36;6000;build;pauliengine;0.8321577010210603
37;6000;build;pauliengine;0.8259364309487864
38;6000;build;pauliengine;0.8149722450179979
39;6000;build;pauliengine;0.8349452439579181
40;6000;build;pauliengine;0.8302055349922739
41;6000;build;pauliengine;0.8408854200388305
42;6000;build;pauliengine;0.840938932960853
43;6000;build;pauliengine;0.8494880310026929
44;6000;build;pauliengine;0.6496316699776798
45;6000;build;pauliengine;0.5766637760098092
46;6000;build;pauliengine;0.8388696470065042
47;6000;build;pauliengine;0.8450341900461353
48;6000;build;pauliengine;0.8341509339516051
49;6000;build;pauliengine;0.8310988890007138
50;6000;build;pauliengine;0.8343137500341982
51;6000;build;pauliengine;0.5790131239918992
52;6000;build;pauliengine;0.847161268000491
53;6000;build;pauliengine;0.8503821279737167
54;6000;build;pauliengine;0.8453868210199289
55;6000;build;pauliengine;0.8366331830038689
56;6000;build;pauliengine;0.825735712016467
57;6000;build;pauliengine;0.8480512840324081
58;6000;build;pauliengine;0.8241638240288012
59;6000;build;pauliengine;0.755025293037761
60;6000;build;pauliengine;0.8186057629645802
61;6000;build;pauliengine;0.831845858017914
62;6000;build;pauliengine;0.6293006300111301
63;6000;build;pauliengine;0.8161291560390964
64;6000;build;pauliengine;0.7722088000155054
65;6000;build;pauliengine;0.8206655210233293
66;6000;build;pauliengine;0.8253316390328109
67;6000;build;pauliengine;0.7614825239870697
68;6000;build;pauliengine;0.637872006976977
69;6000;build;pauliengine;0.7437742620240897
70;6000;build;pauliengine;0.8404696459765546
71;6000;build;pauliengine;0.8322706230101176
72;6000;build;pauliengine;0.8410605380195193
73;6000;build;pauliengine;0.8385094780242071
74;6000;build;pauliengine;0.8425285689882003
75;6000;build;pauliengine;0.6048322790302336
76;6000;build;pauliengine;0.7510658070095815
77;6000;build;pauliengine;0.6831566820037551
78;6000;build;pauliengine;0.8250151950051077
79;6000;build;pauliengine;0.7519458380411379
80;6000;build;pauliengine;0.5893259739968926
81;6000;build;pauliengine;0.7000755030312575
82;6000;build;pauliengine;0.6692074240418151
83;6000;build;pauliengine;0.8376205280073918
84;6000;build;pauliengine;0.7705400879494846
85;6000;build;pauliengine;0.8508194520254619
86;6000;build;pauliengine;0.6506504329736345
87;6000;build;pauliengine;0.7046784259728156
88;6000;build;pauliengine;0.6582197399693541
89;6000;build;pauliengine;0.848068572988268
90;6000;build;pauliengine;0.6091660060337745
91;6000;build;pauliengine;0.8322642769780941
92;6000;build;pauliengine;0.5865876680472866
93;6000;build;pauliengine;0.8360897420207039
94;6000;build;pauliengine;0.8308598709991202
95;6000;build;pauliengine;0.837539138039574
96;6000;build;pauliengine;0.8326866389834322
97;6000;build;pauliengine;0.8349174790200777
98;6000;build;pauliengine;0.8309386420296505
99;6000;build;pauliengine;0.8258960269740783
100;6000;build;pauliengine;0.8146887070033699
1;8000;build;pauliengine;0.9881911739939824
2;8000;build;pauliengine;1.0424433230073191
3;8000;build;pauliengine;1.1583044489962049
4;8000;build;pauliengine;1.1392549369484186
5;8000;build;pauliengine;1.1444910769932903
6;8000;build;pauliengine;1.167111057031434
7;8000;build;pauliengine;1.1727785780094564
8;8000;build;pauliengine;1.176000210980419
9;8000;build;pauliengine;1.1872142700012773
10;8000;build;pauliengine;0.8023197870352305
11;8000;build;pauliengine;1.161762683012057
12;8000;build;pauliengine;0.9366706740111113
13;8000;build;pauliengine;0.9956711329868995
14;8000;build;pauliengine;1.148863194976002
15;8000;build;pauliengine;1.147198545979336
16;8000;build;pauliengine;1.1693236160208471
17;8000;build;pauliengine;1.1633695749915205
18;8000;build;pauliengine;1.1480630000005476
19;8000;build;pauliengine;1.1480452329851687
20;8000;build;pauliengine;1.1591922719962895
21;8000;build;pauliengine;1.1560318210395053
22;8000;build;pauliengine;1.032064610044472
23;8000;build;pauliengine;0.8597000970039517
24;8000;build;pauliengine;0.9903142600087449
25;8000;build;pauliengine;0.806309717008844
26;8000;build;pauliengine;0.8889619820402004
27;8000;build;pauliengine;1.166545259009581
28;8000;build;pauliengine;1.160311012994498
29;8000;build;pauliengine;1.1447654980001971
30;8000;build;pauliengine;1.1521068790461868
31;8000;build;pauliengine;0.8568441360257566
32;8000;build;pauliengine;1.161506415985059
33;8000;build;pauliengine;1.1589940489502624
34;8000;build;pauliengine;1.170315585040953
35;8000;build;pauliengine;1.1517684260034002
36;8000;build;pauliengine;1.165098763012793
37;8000;build;pauliengine;1.1327500540064648
38;8000;build;pauliengine;1.150267697055824
39;8000;build;pauliengine;1.004183154029306
40;8000;build;pauliengine;1.1624621039954945
41;8000;build;pauliengine;1.145303009019699
42;8000;build;pauliengine;1.1563881789916195
43;8000;build;pauliengine;1.1467664410010912
44;8000;build;pauliengine;1.1639697009813972
45;8000;build;pauliengine;1.1402697680168785
46;8000;build;pauliengine;1.1548737400444224
47;8000;build;pauliengine;1.1677069959696382
48;8000;build;pauliengine;1.1581552010029554
49;8000;build;pauliengine;1.1599695379845798
50;8000;build;pauliengine;1.1488332640146837
51;8000;build;pauliengine;0.9922993939835578
52;8000;build;pauliengine;1.1674403519718908
53;8000;build;pauliengine;1.16037645295728
54;8000;build;pauliengine;1.1318004860077053
55;8000;build;pauliengine;1.1525174290291034
56;8000;build;pauliengine;1.1574434519861825
57;8000;build;pauliengine;1.1644662030157633
58;8000;build;pauliengine;1.154822697979398
59;8000;build;pauliengine;0.8756226639961824
60;8000;build;pauliengine;1.1604710899991915
61;8000;build;pauliengine;1.1634468919946812
62;8000;build;pauliengine;1.001892471977044
63;8000;build;pauliengine;1.1492866699700244
64;8000;build;pauliengine;0.8926391580025665
65;8000;build;pauliengine;1.1532095440197736
66;8000;build;pauliengine;0.8447997570037842
67;8000;build;pauliengine;0.8355828759958968
68;8000;build;pauliengine;1.0075260020093992
69;8000;build;pauliengine;0.8102218169951811
70;8000;build;pauliengine;1.1478396609891206
71;8000;build;pauliengine;1.1507984839845449
72;8000;build;pauliengine;1.1789882630109787
73;8000;build;pauliengine;1.1370111019932665
74;8000;build;pauliengine;1.1533805869985372
75;8000;build;pauliengine;0.8101967319962569
76;8000;build;pauliengine;0.865593213995453
77;8000;build;pauliengine;0.8423292660154402
78;8000;build;pauliengine;1.1542790829553269
79;8000;build;pauliengine;0.9526349740335718
80;8000;build;pauliengine;1.0101744669955224
81;8000;build;pauliengine;0.8230887239915319
82;8000;build;pauliengine;0.8954021740355529
83;8000;build;pauliengine;1.1901501219836064
84;8000;build;pauliengine;0.8123179640388116
85;8000;build;pauliengine;1.1580187539802864
86;8000;build;pauliengine;0.9487401189981028
87;8000;build;pauliengine;1.1550743199768476
88;8000;build;pauliengine;1.0265004520188086
89;8000;build;pauliengine;1.171333404025063
90;8000;build;pauliengine;0.8215088000288233
91;8000;build;pauliengine;1.1483794890227728
92;8000;build;pauliengine;1.1176677469629794
93;8000;build;pauliengine;1.148925289977342
94;8000;build;pauliengine;1.145498858008068
95;8000;build;pauliengine;1.1836231750203297
96;8000;build;pauliengine;1.1601671649841592
97;8000;build;pauliengine;1.1623646360239945
98;8000;build;pauliengine;1.1484031319851056
99;8000;build;pauliengine;1.1662957550142892
100;8000;build;pauliengine;1.1781510380096734
1;10000;build;pauliengine;1.1976284250267781
2;10000;build;pauliengine;0.9997907790238969
3;10000;build;pauliengine;1.3981479869689792
4;10000;build;pauliengine;1.4083578590070829
5;10000;build;pauliengine;1.4126352479797788
6;10000;build;pauliengine;1.405216752027627
7;10000;build;pauliengine;1.3838569829822518
8;10000;build;pauliengine;1.4045582879916765
9;10000;build;pauliengine;1.0687643479905091
10;10000;build;pauliengine;1.0510654569952749
11;10000;build;pauliengine;0.9896488160011359
12;10000;build;pauliengine;1.1631772739929147
13;10000;build;pauliengine;0.9886040259734727
14;10000;build;pauliengine;1.4391341430018656
15;10000;build;pauliengine;1.4255863680155016
16;10000;build;pauliengine;1.415236836008262
17;10000;build;pauliengine;1.0296930029871874
18;10000;build;pauliengine;1.4179063790361397
19;10000;build;pauliengine;1.4170553630101494
20;10000;build;pauliengine;1.4003772860160097
21;10000;build;pauliengine;1.4034994870307855
22;10000;build;pauliengine;1.1476914869854227
23;10000;build;pauliengine;1.4185952679836191
24;10000;build;pauliengine;1.207986140041612
25;10000;build;pauliengine;1.0552187919965945
26;10000;build;pauliengine;1.4192674109945074
27;10000;build;pauliengine;1.4157289760187268
28;10000;build;pauliengine;1.397144012968056
29;10000;build;pauliengine;1.1310190439689904
30;10000;build;pauliengine;1.4379594199708663
31;10000;build;pauliengine;1.4212848449824378
32;10000;build;pauliengine;1.4084039520239457
33;10000;build;pauliengine;1.409865678055212
34;10000;build;pauliengine;1.4082211300265044
35;10000;build;pauliengine;1.4070639600395225
36;10000;build;pauliengine;1.4110063359839842
37;10000;build;pauliengine;1.4170148929697461
38;10000;build;pauliengine;1.408756228047423
39;10000;build;pauliengine;1.426917006028816
40;10000;build;pauliengine;1.4137189959874377
41;10000;build;pauliengine;1.3803200719994493
42;10000;build;pauliengine;1.4209893529769033
43;10000;build;pauliengine;1.114404970954638
44;10000;build;pauliengine;1.4137454059673473
45;10000;build;pauliengine;1.4258008770411834
46;10000;build;pauliengine;1.417194368026685
47;10000;build;pauliengine;1.4074542169691995
48;10000;build;pauliengine;1.4119634020025842
49;10000;build;pauliengine;1.4184956940007396
50;10000;build;pauliengine;1.4382510100258514
51;10000;build;pauliengine;1.4399345020065084
52;10000;build;pauliengine;1.4263535510399379
53;10000;build;pauliengine;1.4271406879997812
54;10000;build;pauliengine;1.4209819469833747
55;10000;build;pauliengine;1.424328783992678
56;10000;build;pauliengine;1.4272625529556535
57;10000;build;pauliengine;1.4179420690052211
58;10000;build;pauliengine;1.4093490990344435
59;10000;build;pauliengine;1.0770862310309894
60;10000;build;pauliengine;1.1289881659904495
61;10000;build;pauliengine;1.0208307880093344
62;10000;build;pauliengine;1.4267070689820684
63;10000;build;pauliengine;1.431670184014365
64;10000;build;pauliengine;1.4051074659801088
65;10000;build;pauliengine;1.4106772099621594
66;10000;build;pauliengine;1.156314279010985
67;10000;build;pauliengine;1.0264848779770546
68;10000;build;pauliengine;1.0843254110077396
69;10000;build;pauliengine;1.4399331439635716
70;10000;build;pauliengine;1.4437518440536223
71;10000;build;pauliengine;1.4274701170506887
72;10000;build;pauliengine;1.439140735019464
73;10000;build;pauliengine;1.0724402710329741
74;10000;build;pauliengine;1.421620290959254
75;10000;build;pauliengine;1.1668827979592606
76;10000;build;pauliengine;1.1078898460255004
77;10000;build;pauliengine;1.1776085480232723
78;10000;build;pauliengine;1.2513764220057055
79;10000;build;pauliengine;1.0487463530153036
80;10000;build;pauliengine;1.1674993690103292
81;10000;build;pauliengine;1.0642460700473748
82;10000;build;pauliengine;1.4348158560460433
83;10000;build;pauliengine;1.4337879059603438
84;10000;build;pauliengine;1.4031614789855666
85;10000;build;pauliengine;1.4099939350271598
86;10000;build;pauliengine;1.0556596600217745
87;10000;build;pauliengine;1.0980156599543989
88;10000;build;pauliengine;1.2208948839688674
89;10000;build;pauliengine;1.098910573986359
90;10000;build;pauliengine;1.4236170530202799
91;10000;build;pauliengine;1.2376019739895128
92;10000;build;pauliengine;1.4580325460410677
93;10000;build;pauliengine;1.4413445519749075
94;10000;build;pauliengine;1.4467755120131187
95;10000;build;pauliengine;1.4401572200004011
96;10000;build;pauliengine;1.4342732559889555
97;10000;build;pauliengine;1.4095640620216727
98;10000;build;pauliengine;1.4375285599962808
99;10000;build;pauliengine;1.4453793940483592
100;10000;build;pauliengine;1.4406432490213774
1;12000;build;pauliengine;1.358839877997525
2;12000;build;pauliengine;1.6980268800398335
3;12000;build;pauliengine;1.654618394037243
4;12000;build;pauliengine;1.6935920180403627
5;12000;build;pauliengine;1.7039474549819715
6;12000;build;pauliengine;1.691651820030529
7;12000;build;pauliengine;1.6684565329924226
8;12000;build;pauliengine;1.675548293045722
9;12000;build;pauliengine;1.2958478819928132
10;12000;build;pauliengine;1.22851934900973
11;12000;build;pauliengine;1.1854638130171224
12;12000;build;pauliengine;1.501567670959048
13;12000;build;pauliengine;1.6924035550327972
14;12000;build;pauliengine;1.6662942719995044
15;12000;build;pauliengine;1.6788763069780543
16;12000;build;pauliengine;1.6933519819867797
17;12000;build;pauliengine;1.3172893490409479
18;12000;build;pauliengine;1.6874485180014744
19;12000;build;pauliengine;1.711498025979381
20;12000;build;pauliengine;1.6947847210103646
21;12000;build;pauliengine;1.6930852730292827
22;12000;build;pauliengine;1.4619837310165167
23;12000;build;pauliengine;1.2214740740018897
24;12000;build;pauliengine;1.1943577870260924
25;12000;build;pauliengine;1.334760677011218
26;12000;build;pauliengine;1.3829264630330727
27;12000;build;pauliengine;1.6903884410276078
28;12000;build;pauliengine;1.723326787003316
29;12000;build;pauliengine;1.309623803012073
30;12000;build;pauliengine;1.682326131965965
31;12000;build;pauliengine;1.7061679359758273
32;12000;build;pauliengine;1.7205107729532756
33;12000;build;pauliengine;1.6832367040333338
34;12000;build;pauliengine;1.6981420390075073
35;12000;build;pauliengine;1.6977679380215704
36;12000;build;pauliengine;1.7025714039918967
37;12000;build;pauliengine;1.699339063023217
38;12000;build;pauliengine;1.6797933079651557
39;12000;build;pauliengine;1.6724870409816504
40;12000;build;pauliengine;1.6921808890183456
41;12000;build;pauliengine;1.677728469017893
42;12000;build;pauliengine;1.6689749070210382
43;12000;build;pauliengine;1.3144049709662795
44;12000;build;pauliengine;1.67608934402233
45;12000;build;pauliengine;1.6899212410207838
46;12000;build;pauliengine;1.6999763639760204
47;12000;build;pauliengine;1.6793262619758025
48;12000;build;pauliengine;1.668377399968449
49;12000;build;pauliengine;1.700573765032459
50;12000;build;pauliengine;1.7050665260176174
51;12000;build;pauliengine;1.6805138739873655
52;12000;build;pauliengine;1.7092501699808054
53;12000;build;pauliengine;1.6969324139645323
54;12000;build;pauliengine;1.6924424970056862
55;12000;build;pauliengine;1.6863888390362263
56;12000;build;pauliengine;1.7246625890256837
57;12000;build;pauliengine;1.589519196015317
58;12000;build;pauliengine;1.315107889007777
59;12000;build;pauliengine;1.2717084150062874
60;12000;build;pauliengine;1.712794478982687
61;12000;build;pauliengine;1.2262008070247248
62;12000;build;pauliengine;1.697610592993442
63;12000;build;pauliengine;1.6906573520391248
64;12000;build;pauliengine;1.6910262429737486
65;12000;build;pauliengine;1.690770610992331
66;12000;build;pauliengine;1.1814467490185052
67;12000;build;pauliengine;1.405478855012916
68;12000;build;pauliengine;1.490412522049155
69;12000;build;pauliengine;1.6934343239990994
70;12000;build;pauliengine;1.6815554029890336
71;12000;build;pauliengine;1.6793791960226372
72;12000;build;pauliengine;1.708090786007233
73;12000;build;pauliengine;1.228803747042548
74;12000;build;pauliengine;1.3558749699732289
75;12000;build;pauliengine;1.643727493006736
76;12000;build;pauliengine;1.4481352209695615
77;12000;build;pauliengine;1.214240057975985
78;12000;build;pauliengine;1.253285158018116
79;12000;build;pauliengine;1.5847581929992884
80;12000;build;pauliengine;1.40528250701027
81;12000;build;pauliengine;1.705095037992578
82;12000;build;pauliengine;1.6905272669973783
83;12000;build;pauliengine;1.3742780710454099
84;12000;build;pauliengine;1.686904791975394
85;12000;build;pauliengine;1.6874907339806668
86;12000;build;pauliengine;1.2869623299920931
87;12000;build;pauliengine;1.4671978330006823
88;12000;build;pauliengine;1.2717476729885675
89;12000;build;pauliengine;1.5161253639962524
90;12000;build;pauliengine;1.3216318499762565
91;12000;build;pauliengine;1.5984848520020023
92;12000;build;pauliengine;1.7119727819808759
93;12000;build;pauliengine;1.7092106810305268
94;12000;build;pauliengine;1.66933267301647
95;12000;build;pauliengine;1.7024828050052747
96;12000;build;pauliengine;1.7259178989916109
97;12000;build;pauliengine;1.6873341869795695
98;12000;build;pauliengine;1.6764176870347
99;12000;build;pauliengine;1.7166734840138815
100;12000;build;pauliengine;1.7023382569896057
1;10;commutes_with;stim;0.1876573979970999
2;10;commutes_with;stim;0.11791933298809454
3;10;commutes_with;stim;0.1861720920423977
4;10;commutes_with;stim;0.1825991029618308
5;10;commutes_with;stim;0.1866329470067285
6;10;commutes_with;stim;0.18310387298697606
7;10;commutes_with;stim;0.18584706401452422
8;10;commutes_with;stim;0.1878465799964033
9;10;commutes_with;stim;0.18923507200088352
10;10;commutes_with;stim;0.12300367798889056
11;10;commutes_with;stim;0.12046668998664245
12;10;commutes_with;stim;0.12211825599661097
13;10;commutes_with;stim;0.11869612795999274
14;10;commutes_with;stim;0.18480030505452305
15;10;commutes_with;stim;0.1805781340226531
16;10;commutes_with;stim;0.18344095099018887
17;10;commutes_with;stim;0.18402427801629528
18;10;commutes_with;stim;0.11832528101513162
19;10;commutes_with;stim;0.1918138510081917
20;10;commutes_with;stim;0.18108653399394825
21;10;commutes_with;stim;0.18130997300613672
22;10;commutes_with;stim;0.18315849697683007
23;10;commutes_with;stim;0.12653761298861355
24;10;commutes_with;stim;0.16523914400022477
25;10;commutes_with;stim;0.11855171498609707
26;10;commutes_with;stim;0.13033440604340285
27;10;commutes_with;stim;0.13059237197740003
28;10;commutes_with;stim;0.1885699299746193
29;10;commutes_with;stim;0.18223787797614932
30;10;commutes_with;stim;0.11978558299597353
31;10;commutes_with;stim;0.17166264000115916
32;10;commutes_with;stim;0.18850828101858497
33;10;commutes_with;stim;0.18840911699226126
34;10;commutes_with;stim;0.19157493999227881
35;10;commutes_with;stim;0.18451304401969537
36;10;commutes_with;stim;0.18296933302190155
37;10;commutes_with;stim;0.18002504098694772
38;10;commutes_with;stim;0.1831277419696562
39;10;commutes_with;stim;0.18466336996061727
40;10;commutes_with;stim;0.18296834401553497
41;10;commutes_with;stim;0.18370799702825025
42;10;commutes_with;stim;0.17800239904318005
43;10;commutes_with;stim;0.18302214704453945
44;10;commutes_with;stim;0.1319392540026456
45;10;commutes_with;stim;0.18269960797624663
46;10;commutes_with;stim;0.1785918310051784
47;10;commutes_with;stim;0.18082418100675568
48;10;commutes_with;stim;0.1856143600307405
49;10;commutes_with;stim;0.17995571001665667
50;10;commutes_with;stim;0.18386527296388522
51;10;commutes_with;stim;0.1818411130225286
52;10;commutes_with;stim;0.18582753103692085
53;10;commutes_with;stim;0.1803671710076742
54;10;commutes_with;stim;0.17876291496213526
55;10;commutes_with;stim;0.19221433001803234
56;10;commutes_with;stim;0.19263016595505178
57;10;commutes_with;stim;0.19662917597452179
58;10;commutes_with;stim;0.1535551340202801
59;10;commutes_with;stim;0.12603316502645612
60;10;commutes_with;stim;0.18026673304848373
61;10;commutes_with;stim;0.18119555001612753
62;10;commutes_with;stim;0.12709084298694506
63;10;commutes_with;stim;0.18598330399254337
64;10;commutes_with;stim;0.1824992120382376
65;10;commutes_with;stim;0.18195658904733136
66;10;commutes_with;stim;0.1797651099623181
67;10;commutes_with;stim;0.1675877130473964
68;10;commutes_with;stim;0.11921547399833798
69;10;commutes_with;stim;0.21095409500412643
70;10;commutes_with;stim;0.18706913403002545
71;10;commutes_with;stim;0.1822740100324154
72;10;commutes_with;stim;0.18877769098617136
73;10;commutes_with;stim;0.18630151799879968
74;10;commutes_with;stim;0.11889153398806229
75;10;commutes_with;stim;0.11818678805138916
76;10;commutes_with;stim;0.13438338600099087
77;10;commutes_with;stim;0.11909797799307853
78;10;commutes_with;stim;0.11960142699535936
79;10;commutes_with;stim;0.2535838540061377
80;10;commutes_with;stim;0.1702781699714251
81;10;commutes_with;stim;0.12613631295971572
82;10;commutes_with;stim;0.1795082759927027
83;10;commutes_with;stim;0.18871051800670102
84;10;commutes_with;stim;0.1703575200517662
85;10;commutes_with;stim;0.18071516300551593
86;10;commutes_with;stim;0.18640275101643056
87;10;commutes_with;stim;0.15339810104342178
88;10;commutes_with;stim;0.11801921296864748
89;10;commutes_with;stim;0.11928073200397193
90;10;commutes_with;stim;0.1869160850183107
91;10;commutes_with;stim;0.150038032035809
92;10;commutes_with;stim;0.13895971496822312
93;10;commutes_with;stim;0.18412520998390391
94;10;commutes_with;stim;0.18816900497768074
95;10;commutes_with;stim;0.1834913509665057
96;10;commutes_with;stim;0.19118783198064193
97;10;commutes_with;stim;0.18319120595697314
98;10;commutes_with;stim;0.1878954140120186
99;10;commutes_with;stim;0.18310944497352466
100;10;commutes_with;stim;0.18724242300959304
1;100;commutes_with;stim;0.12043493904639035
2;100;commutes_with;stim;0.2027675909921527
3;100;commutes_with;stim;0.186558319022879
4;100;commutes_with;stim;0.18531947600422427
5;100;commutes_with;stim;0.1774639780051075
6;100;commutes_with;stim;0.18228870298480615
7;100;commutes_with;stim;0.18175016500754282
8;100;commutes_with;stim;0.18556715396698564
9;100;commutes_with;stim;0.1810141919995658
10;100;commutes_with;stim;0.16986168798757717
11;100;commutes_with;stim;0.1191356250201352
12;100;commutes_with;stim;0.14690069702919573
13;100;commutes_with;stim;0.11792876198887825
14;100;commutes_with;stim;0.1874863780103624
15;100;commutes_with;stim;0.18608176097040996
16;100;commutes_with;stim;0.18013557803351432
17;100;commutes_with;stim;0.18370970198884606
18;100;commutes_with;stim;0.11702396295731887
19;100;commutes_with;stim;0.18103837501257658
20;100;commutes_with;stim;0.179197040037252
21;100;commutes_with;stim;0.18097811698680744
22;100;commutes_with;stim;0.1821621800190769
23;100;commutes_with;stim;0.19127440999727696
24;100;commutes_with;stim;0.1556574139976874
25;100;commutes_with;stim;0.16702227300265804
26;100;commutes_with;stim;0.11791401100344956
27;100;commutes_with;stim;0.16635511704953387
28;100;commutes_with;stim;0.18376689997967333
29;100;commutes_with;stim;0.18524074496235698
30;100;commutes_with;stim;0.17993431200738996
31;100;commutes_with;stim;0.18321208603447303
32;100;commutes_with;stim;0.18883721897145733
33;100;commutes_with;stim;0.18242424196796492
34;100;commutes_with;stim;0.18579571699956432
35;100;commutes_with;stim;0.18443596502766013
36;100;commutes_with;stim;0.18658927298383787
37;100;commutes_with;stim;0.18221934605389833
38;100;commutes_with;stim;0.18332652299432084
39;100;commutes_with;stim;0.1822394139599055
40;100;commutes_with;stim;0.18449642701307312
41;100;commutes_with;stim;0.18252064398257062
42;100;commutes_with;stim;0.18297726195305586
43;100;commutes_with;stim;0.18938716797856614
44;100;commutes_with;stim;0.11817471997346729
45;100;commutes_with;stim;0.18234647199278697
46;100;commutes_with;stim;0.17732632404658943
47;100;commutes_with;stim;0.17701622802997008
48;100;commutes_with;stim;0.18483859696425498
49;100;commutes_with;stim;0.18720190302701667
50;100;commutes_with;stim;0.18740975303808227
51;100;commutes_with;stim;0.18181824800558388
52;100;commutes_with;stim;0.1842966970289126
53;100;commutes_with;stim;0.188206935999915
54;100;commutes_with;stim;0.18870824901387095
55;100;commutes_with;stim;0.18557229300495237
56;100;commutes_with;stim;0.17645380803151056
57;100;commutes_with;stim;0.18854886095505208
58;100;commutes_with;stim;0.1850172569975257
59;100;commutes_with;stim;0.12399110599653795
60;100;commutes_with;stim;0.17691345798084512
61;100;commutes_with;stim;0.1852452859748155
62;100;commutes_with;stim;0.11847152101108804
63;100;commutes_with;stim;0.18683297402458265
64;100;commutes_with;stim;0.18828409997513518
65;100;commutes_with;stim;0.18641162902349606
66;100;commutes_with;stim;0.18502879102015868
67;100;commutes_with;stim;0.17048552201595157
68;100;commutes_with;stim;0.11865921202115715
69;100;commutes_with;stim;0.25346379599068314
70;100;commutes_with;stim;0.1710963940131478
71;100;commutes_with;stim;0.19095220504095778
72;100;commutes_with;stim;0.18692034803098068
73;100;commutes_with;stim;0.18644515797495842
74;100;commutes_with;stim;0.18660550296772271
75;100;commutes_with;stim;0.11823890602681786
76;100;commutes_with;stim;0.16389018297195435
77;100;commutes_with;stim;0.16792413598159328
78;100;commutes_with;stim;0.18082928197691217
79;100;commutes_with;stim;0.1667832899838686
80;100;commutes_with;stim;0.16765343298902735
81;100;commutes_with;stim;0.18133890099124983
82;100;commutes_with;stim;0.17741304502123967
83;100;commutes_with;stim;0.1815186360036023
84;100;commutes_with;stim;0.16731401003198698
85;100;commutes_with;stim;0.17258880997542292
86;100;commutes_with;stim;0.18569950002711266
87;100;commutes_with;stim;0.12485123000806198
88;100;commutes_with;stim;0.1964438339928165
89;100;commutes_with;stim;0.11864122201222926
90;100;commutes_with;stim;0.18401034001726657
91;100;commutes_with;stim;0.12001770699862391
92;100;commutes_with;stim;0.12273266701959074
93;100;commutes_with;stim;0.18543252302333713
94;100;commutes_with;stim;0.19120260898489505
95;100;commutes_with;stim;0.18421177001437172
96;100;commutes_with;stim;0.18453502201009542
97;100;commutes_with;stim;0.181166734022554
98;100;commutes_with;stim;0.17927839700132608
99;100;commutes_with;stim;0.18228521797573194
100;100;commutes_with;stim;0.18259407300502062
1;1000;commutes_with;stim;0.11990406201221049
2;1000;commutes_with;stim;0.11937218898674473
3;1000;commutes_with;stim;0.1864165169536136
4;1000;commutes_with;stim;0.18759795499499887
5;1000;commutes_with;stim;0.1861373549909331
6;1000;commutes_with;stim;0.18338683701585978
7;1000;commutes_with;stim;0.19296054705046117
8;1000;commutes_with;stim;0.18323311599669978
9;1000;commutes_with;stim;0.1946037960005924
10;1000;commutes_with;stim;0.12084775598486885
11;1000;commutes_with;stim;0.12129405897576362
12;1000;commutes_with;stim;0.12357946502743289
13;1000;commutes_with;stim;0.13542292901547626
14;1000;commutes_with;stim;0.1872083239722997
15;1000;commutes_with;stim;0.18591734097572044
16;1000;commutes_with;stim;0.18207564199110493
17;1000;commutes_with;stim;0.18361481901956722
18;1000;commutes_with;stim;0.11980525398394093
19;1000;commutes_with;stim;0.19430376298259944
20;1000;commutes_with;stim;0.192477613047231
21;1000;commutes_with;stim;0.18496685900026932
22;1000;commutes_with;stim;0.19281714502722025
23;1000;commutes_with;stim;0.19069360103458166
24;1000;commutes_with;stim;0.17512453702511266
25;1000;commutes_with;stim;0.12284431903390214
26;1000;commutes_with;stim;0.12050749198533595
27;1000;commutes_with;stim;0.1354389040498063
28;1000;commutes_with;stim;0.1763204580056481
29;1000;commutes_with;stim;0.18856509902980179
30;1000;commutes_with;stim;0.1970363919972442
31;1000;commutes_with;stim;0.18701446999330074
32;1000;commutes_with;stim;0.18151133495848626
33;1000;commutes_with;stim;0.19170181098161265
34;1000;commutes_with;stim;0.18251992302248254
35;1000;commutes_with;stim;0.1849951429758221
36;1000;commutes_with;stim;0.18588461499894038
37;1000;commutes_with;stim;0.19034813402686268
38;1000;commutes_with;stim;0.1830319280270487
39;1000;commutes_with;stim;0.18645458499668166
40;1000;commutes_with;stim;0.19005927501711994
41;1000;commutes_with;stim;0.18443558498984203
42;1000;commutes_with;stim;0.1923529239720665
43;1000;commutes_with;stim;0.1924682919634506
44;1000;commutes_with;stim;0.12473113898886368
45;1000;commutes_with;stim;0.18633203901117668
46;1000;commutes_with;stim;0.18884894798975438
47;1000;commutes_with;stim;0.1890374009963125
48;1000;commutes_with;stim;0.18983341194689274
49;1000;commutes_with;stim;0.17966474394779652
50;1000;commutes_with;stim;0.1928592879557982
51;1000;commutes_with;stim;0.18830120901111513
52;1000;commutes_with;stim;0.188876161002554
53;1000;commutes_with;stim;0.18117083801189438
54;1000;commutes_with;stim;0.19056743202963844
55;1000;commutes_with;stim;0.18794009200064465
56;1000;commutes_with;stim;0.18108862201916054
57;1000;commutes_with;stim;0.191595371987205
58;1000;commutes_with;stim;0.18849593499908224
59;1000;commutes_with;stim;0.16980856098234653
60;1000;commutes_with;stim;0.18728049797937274
61;1000;commutes_with;stim;0.18543021200457588
62;1000;commutes_with;stim;0.17227875400567427
63;1000;commutes_with;stim;0.19082939601503313
64;1000;commutes_with;stim;0.18810861802194268
65;1000;commutes_with;stim;0.18453819601563737
66;1000;commutes_with;stim;0.1861065340344794
67;1000;commutes_with;stim;0.14858130901120603
68;1000;commutes_with;stim;0.12087776104453951
69;1000;commutes_with;stim;0.12210487603442743
70;1000;commutes_with;stim;0.18549273698590696
71;1000;commutes_with;stim;0.18172755802515894
72;1000;commutes_with;stim;0.18663385295076296
73;1000;commutes_with;stim;0.1836365390336141
74;1000;commutes_with;stim;0.12264523300109431
75;1000;commutes_with;stim;0.1211645959992893
76;1000;commutes_with;stim;0.12052544800098985
77;1000;commutes_with;stim;0.13244063104502857
78;1000;commutes_with;stim;0.18852598796365783
79;1000;commutes_with;stim;0.12579028203617781
80;1000;commutes_with;stim;0.16673764801817015
81;1000;commutes_with;stim;0.12140526302391663
82;1000;commutes_with;stim;0.18636688601691276
83;1000;commutes_with;stim;0.180726368969772
84;1000;commutes_with;stim;0.12133027199888602
85;1000;commutes_with;stim;0.1841992560075596
86;1000;commutes_with;stim;0.18003870302345604
87;1000;commutes_with;stim;0.12947940302547067
88;1000;commutes_with;stim;0.1276189360069111
89;1000;commutes_with;stim;0.1711123150307685
90;1000;commutes_with;stim;0.19312521297251806
91;1000;commutes_with;stim;0.1349983279942535
92;1000;commutes_with;stim;0.12194479198660702
93;1000;commutes_with;stim;0.18694807402789593
94;1000;commutes_with;stim;0.1797085459693335
95;1000;commutes_with;stim;0.18976379197556525
96;1000;commutes_with;stim;0.18625124800018966
97;1000;commutes_with;stim;0.18021005199989304
98;1000;commutes_with;stim;0.1853457560064271
99;1000;commutes_with;stim;0.18439738702727482
100;1000;commutes_with;stim;0.1872493969858624
1;3000;commutes_with;stim;0.1245510769658722
2;3000;commutes_with;stim;0.12326779600698501
3;3000;commutes_with;stim;0.19205671199597418
4;3000;commutes_with;stim;0.19077602197648957
5;3000;commutes_with;stim;0.1981429390143603
6;3000;commutes_with;stim;0.19320351496571675
7;3000;commutes_with;stim;0.1908261040225625
8;3000;commutes_with;stim;0.19406476902076975
9;3000;commutes_with;stim;0.1873730339575559
10;3000;commutes_with;stim;0.16043616598472
11;3000;commutes_with;stim;0.19830759998876601
12;3000;commutes_with;stim;0.12555604701628909
13;3000;commutes_with;stim;0.1810193780111149
14;3000;commutes_with;stim;0.19091347401263192
15;3000;commutes_with;stim;0.1994312489987351
16;3000;commutes_with;stim;0.19473345996811986
17;3000;commutes_with;stim;0.2012873649946414
18;3000;commutes_with;stim;0.1238519360194914
19;3000;commutes_with;stim;0.18814945599297062
20;3000;commutes_with;stim;0.19754539598943666
21;3000;commutes_with;stim;0.19405480800196528
22;3000;commutes_with;stim;0.1994910019566305
23;3000;commutes_with;stim;0.19229741004528478
24;3000;commutes_with;stim;0.17239582998445258
25;3000;commutes_with;stim;0.19767051696544513
26;3000;commutes_with;stim;0.2635027460055426
27;3000;commutes_with;stim;0.19023152301087976
28;3000;commutes_with;stim;0.18614476401126012
29;3000;commutes_with;stim;0.19238074898021296
30;3000;commutes_with;stim;0.19464359898120165
31;3000;commutes_with;stim;0.18980431801173836
32;3000;commutes_with;stim;0.18648623902117833
33;3000;commutes_with;stim;0.18911871197633445
34;3000;commutes_with;stim;0.1880445660208352
35;3000;commutes_with;stim;0.19902976194862276
36;3000;commutes_with;stim;0.19690585101488978
37;3000;commutes_with;stim;0.195414213987533
38;3000;commutes_with;stim;0.1987801060313359
39;3000;commutes_with;stim;0.1863957800087519
40;3000;commutes_with;stim;0.19039015902671963
41;3000;commutes_with;stim;0.19143142201937735
42;3000;commutes_with;stim;0.1965654160012491
43;3000;commutes_with;stim;0.18959340499714017
44;3000;commutes_with;stim;0.19363330595660955
45;3000;commutes_with;stim;0.18614452105248347
46;3000;commutes_with;stim;0.18555591598851606
47;3000;commutes_with;stim;0.1963795669726096
48;3000;commutes_with;stim;0.19910036103101447
49;3000;commutes_with;stim;0.19358847400872037
50;3000;commutes_with;stim;0.20003459800500423
51;3000;commutes_with;stim;0.19325457501690835
52;3000;commutes_with;stim;0.188745457038749
53;3000;commutes_with;stim;0.19894388102693483
54;3000;commutes_with;stim;0.19772870396263897
55;3000;commutes_with;stim;0.1968553970218636
56;3000;commutes_with;stim;0.1961790660279803
57;3000;commutes_with;stim;0.1993266679928638
58;3000;commutes_with;stim;0.1846062570111826
59;3000;commutes_with;stim;0.26347389101283625
60;3000;commutes_with;stim;0.1923357560299337
61;3000;commutes_with;stim;0.20213359198532999
62;3000;commutes_with;stim;0.13222739601042122
63;3000;commutes_with;stim;0.1889120260020718
64;3000;commutes_with;stim;0.19410731096286327
65;3000;commutes_with;stim;0.19524988200282678
66;3000;commutes_with;stim;0.19755324703874066
67;3000;commutes_with;stim;0.17781138001009822
68;3000;commutes_with;stim;0.12434541498078033
69;3000;commutes_with;stim;0.17750870995223522
70;3000;commutes_with;stim;0.1885662890272215
71;3000;commutes_with;stim;0.19747928698780015
72;3000;commutes_with;stim;0.2002135809743777
73;3000;commutes_with;stim;0.19304673798615113
74;3000;commutes_with;stim;0.12432892801007256
75;3000;commutes_with;stim;0.1405398520291783
76;3000;commutes_with;stim;0.17513578600483015
77;3000;commutes_with;stim;0.12375492497812957
78;3000;commutes_with;stim;0.19118245999561623
79;3000;commutes_with;stim;0.12448786501772702
80;3000;commutes_with;stim;0.135290103033185
81;3000;commutes_with;stim;0.14378954999847338
82;3000;commutes_with;stim;0.19461761298589408
83;3000;commutes_with;stim;0.19234418298583478
84;3000;commutes_with;stim;0.1636517649749294
85;3000;commutes_with;stim;0.18796602101065218
86;3000;commutes_with;stim;0.12551779299974442
87;3000;commutes_with;stim;0.17443712701788172
88;3000;commutes_with;stim;0.1708213359816
89;3000;commutes_with;stim;0.12360663199797273
90;3000;commutes_with;stim;0.12597260001348332
91;3000;commutes_with;stim;0.1317143039777875
92;3000;commutes_with;stim;0.13536339602433145
93;3000;commutes_with;stim;0.19588501600082964
94;3000;commutes_with;stim;0.18267823901260272
95;3000;commutes_with;stim;0.19617469800869003
96;3000;commutes_with;stim;0.19568137399619445
97;3000;commutes_with;stim;0.19715503498446196
98;3000;commutes_with;stim;0.1883669689996168
99;3000;commutes_with;stim;0.19518099003471434
100;3000;commutes_with;stim;0.1973636450129561
1;6000;commutes_with;stim;0.1415643700165674
2;6000;commutes_with;stim;0.1839355539996177
3;6000;commutes_with;stim;0.20147464197361842
4;6000;commutes_with;stim;0.19826885900693014
5;6000;commutes_with;stim;0.20098092302214354
6;6000;commutes_with;stim;0.20442777901189402
7;6000;commutes_with;stim;0.19953369302675128
8;6000;commutes_with;stim;0.2014335740241222
9;6000;commutes_with;stim;0.20030644402140751
10;6000;commutes_with;stim;0.18126115197082981
11;6000;commutes_with;stim;0.20395189902046695
12;6000;commutes_with;stim;0.13071328401565552
13;6000;commutes_with;stim;0.1721621520118788
14;6000;commutes_with;stim;0.2065032569807954
15;6000;commutes_with;stim;0.19568275299388915
16;6000;commutes_with;stim;0.2005216380348429
17;6000;commutes_with;stim;0.2041935070301406
18;6000;commutes_with;stim;0.13212658098200336
19;6000;commutes_with;stim;0.207370625983458
20;6000;commutes_with;stim;0.20744934695539996
21;6000;commutes_with;stim;0.20812553400173783
22;6000;commutes_with;stim;0.2014912610175088
23;6000;commutes_with;stim;0.20415595697704703
24;6000;commutes_with;stim;0.13149355602217838
25;6000;commutes_with;stim;0.17513431899715215
26;6000;commutes_with;stim;0.13954192795790732
27;6000;commutes_with;stim;0.13211023999610916
28;6000;commutes_with;stim;0.20166766998590901
29;6000;commutes_with;stim;0.13265145005425438
30;6000;commutes_with;stim;0.1999080699752085
31;6000;commutes_with;stim;0.20259962900308892
32;6000;commutes_with;stim;0.2041456970036961
33;6000;commutes_with;stim;0.2057530110469088
34;6000;commutes_with;stim;0.1955899559543468
35;6000;commutes_with;stim;0.20359312201617286
36;6000;commutes_with;stim;0.19276502198772505
37;6000;commutes_with;stim;0.20560629502870142
38;6000;commutes_with;stim;0.20561410003574565
39;6000;commutes_with;stim;0.1980114469770342
40;6000;commutes_with;stim;0.20722664397908375
41;6000;commutes_with;stim;0.19245752203278244
42;6000;commutes_with;stim;0.20406756998272613
43;6000;commutes_with;stim;0.1969860380049795
44;6000;commutes_with;stim;0.18613270699279383
45;6000;commutes_with;stim;0.20047666801838204
46;6000;commutes_with;stim;0.20637860300485045
47;6000;commutes_with;stim;0.19927725300658494
48;6000;commutes_with;stim;0.20578216499416158
49;6000;commutes_with;stim;0.20188001601491123
50;6000;commutes_with;stim;0.2014700600411743
51;6000;commutes_with;stim;0.15531106997514144
52;6000;commutes_with;stim;0.1960979939904064
53;6000;commutes_with;stim;0.20483391301240772
54;6000;commutes_with;stim;0.20888634398579597
55;6000;commutes_with;stim;0.20286921598017216
56;6000;commutes_with;stim;0.20320430700667202
57;6000;commutes_with;stim;0.20486681099282578
58;6000;commutes_with;stim;0.19560934300534427
59;6000;commutes_with;stim;0.1804388799937442
60;6000;commutes_with;stim;0.21168166300049052
61;6000;commutes_with;stim;0.19928177102701738
62;6000;commutes_with;stim;0.18911562795983627
63;6000;commutes_with;stim;0.20106726099038497
64;6000;commutes_with;stim;0.20361844799481332
65;6000;commutes_with;stim;0.2007881350000389
66;6000;commutes_with;stim;0.20425181195605546
67;6000;commutes_with;stim;0.18544813699554652
68;6000;commutes_with;stim;0.131419598008506
69;6000;commutes_with;stim;0.20159754197811708
70;6000;commutes_with;stim;0.20206062396755442
71;6000;commutes_with;stim;0.2053424760233611
72;6000;commutes_with;stim;0.2068013389944099
73;6000;commutes_with;stim;0.19888283597538248
74;6000;commutes_with;stim;0.16244474099949002
75;6000;commutes_with;stim;0.1306255210074596
76;6000;commutes_with;stim;0.1964366789907217
77;6000;commutes_with;stim;0.1844352989573963
78;6000;commutes_with;stim;0.20662550994893536
79;6000;commutes_with;stim;0.18488390097627416
80;6000;commutes_with;stim;0.16679388599004596
81;6000;commutes_with;stim;0.13222083199070767
82;6000;commutes_with;stim;0.20068823802284896
83;6000;commutes_with;stim;0.19798547198297456
84;6000;commutes_with;stim;0.13495962601155043
85;6000;commutes_with;stim;0.20240698696579784
86;6000;commutes_with;stim;0.13220074801938608
87;6000;commutes_with;stim;0.16518152004573494
88;6000;commutes_with;stim;0.13046795898117125
89;6000;commutes_with;stim;0.13102218095446005
90;6000;commutes_with;stim;0.13199195999186486
91;6000;commutes_with;stim;0.20123036502627656
92;6000;commutes_with;stim;0.1311064789770171
93;6000;commutes_with;stim;0.2002433700254187
94;6000;commutes_with;stim;0.2024213310214691
95;6000;commutes_with;stim;0.20178771700011566
96;6000;commutes_with;stim;0.20224703999701887
97;6000;commutes_with;stim;0.20698986004572362
98;6000;commutes_with;stim;0.20013674901565537
99;6000;commutes_with;stim;0.19995373697020113
100;6000;commutes_with;stim;0.20615008001914248
1;8000;commutes_with;stim;0.15489097603131086
2;8000;commutes_with;stim;0.20898112101713195
3;8000;commutes_with;stim;0.20293816894991323
4;8000;commutes_with;stim;0.21058103599352762
5;8000;commutes_with;stim;0.20423605397809297
6;8000;commutes_with;stim;0.2062780350097455
7;8000;commutes_with;stim;0.21221077197697014
8;8000;commutes_with;stim;0.2117066319915466
9;8000;commutes_with;stim;0.2138931030058302
10;8000;commutes_with;stim;0.13572510902304202
11;8000;commutes_with;stim;0.20710918301483616
12;8000;commutes_with;stim;0.1406338820233941
13;8000;commutes_with;stim;0.13748359598685056
14;8000;commutes_with;stim;0.21012826601509005
15;8000;commutes_with;stim;0.21001231705304235
16;8000;commutes_with;stim;0.20664509502239525
17;8000;commutes_with;stim;0.21168171102181077
18;8000;commutes_with;stim;0.13614880898967385
19;8000;commutes_with;stim;0.2118609320023097
20;8000;commutes_with;stim;0.20799069898203015
21;8000;commutes_with;stim;0.20044247596524656
22;8000;commutes_with;stim;0.21225978899747133
23;8000;commutes_with;stim;0.20723278797231615
24;8000;commutes_with;stim;0.1371069330489263
25;8000;commutes_with;stim;0.18615777097875252
26;8000;commutes_with;stim;0.18956358300056309
27;8000;commutes_with;stim;0.2101223940262571
28;8000;commutes_with;stim;0.21052727103233337
29;8000;commutes_with;stim;0.1386114929919131
30;8000;commutes_with;stim;0.20606191403931007
31;8000;commutes_with;stim;0.2028981419862248
32;8000;commutes_with;stim;0.20665330800693482
33;8000;commutes_with;stim;0.2013295820215717
34;8000;commutes_with;stim;0.21037010103464127
35;8000;commutes_with;stim;0.2076182040036656
36;8000;commutes_with;stim;0.20740782102802768
37;8000;commutes_with;stim;0.20545614301227033
38;8000;commutes_with;stim;0.21216791903134435
39;8000;commutes_with;stim;0.20551749400328845
40;8000;commutes_with;stim;0.21024051698623225
41;8000;commutes_with;stim;0.21082561096409336
42;8000;commutes_with;stim;0.2056078590103425
43;8000;commutes_with;stim;0.21047355700284243
44;8000;commutes_with;stim;0.13642013701610267
45;8000;commutes_with;stim;0.13596485200105235
46;8000;commutes_with;stim;0.20868312701350078
47;8000;commutes_with;stim;0.21328112500486895
48;8000;commutes_with;stim;0.20978802000172436
49;8000;commutes_with;stim;0.19969231897266582
50;8000;commutes_with;stim;0.2061610390082933
51;8000;commutes_with;stim;0.14904650097014382
52;8000;commutes_with;stim;0.21807443298166618
53;8000;commutes_with;stim;0.2039643219904974
54;8000;commutes_with;stim;0.2198483109823428
55;8000;commutes_with;stim;0.21067542902892455
56;8000;commutes_with;stim;0.2052048910409212
57;8000;commutes_with;stim;0.20766387099865824
58;8000;commutes_with;stim;0.19963750598253682
59;8000;commutes_with;stim;0.19669901300221682
60;8000;commutes_with;stim;0.2025549659738317
61;8000;commutes_with;stim;0.21319024002877995
62;8000;commutes_with;stim;0.13608613202814013
63;8000;commutes_with;stim;0.21215991099597886
64;8000;commutes_with;stim;0.198521321057342
65;8000;commutes_with;stim;0.2115942160016857
66;8000;commutes_with;stim;0.21616493101464584
67;8000;commutes_with;stim;0.24873813503654674
68;8000;commutes_with;stim;0.19544814701657742
69;8000;commutes_with;stim;0.1777169769629836
70;8000;commutes_with;stim;0.20735068497015163
71;8000;commutes_with;stim;0.2165595749975182
72;8000;commutes_with;stim;0.20364836603403091
73;8000;commutes_with;stim;0.20818621799116954
74;8000;commutes_with;stim;0.21501222299411893
75;8000;commutes_with;stim;0.19146376097342
76;8000;commutes_with;stim;0.1817108290269971
77;8000;commutes_with;stim;0.1933257530326955
78;8000;commutes_with;stim;0.2007425370393321
79;8000;commutes_with;stim;0.16414735099533573
80;8000;commutes_with;stim;0.13801395701011643
81;8000;commutes_with;stim;0.13788314600242302
82;8000;commutes_with;stim;0.1933138610329479
83;8000;commutes_with;stim;0.20600606297375634
84;8000;commutes_with;stim;0.19207402097526938
85;8000;commutes_with;stim;0.2133766429615207
86;8000;commutes_with;stim;0.21867723297327757
87;8000;commutes_with;stim;0.21444895601598546
88;8000;commutes_with;stim;0.16287268203450367
89;8000;commutes_with;stim;0.21171074296580628
90;8000;commutes_with;stim;0.19325607403879985
91;8000;commutes_with;stim;0.21213454200187698
92;8000;commutes_with;stim;0.13680118200136349
93;8000;commutes_with;stim;0.2066859119804576
94;8000;commutes_with;stim;0.20108137698844075
95;8000;commutes_with;stim;0.20995551598025486
96;8000;commutes_with;stim;0.21864753001136705
97;8000;commutes_with;stim;0.21317762602120638
98;8000;commutes_with;stim;0.20204045600257814
99;8000;commutes_with;stim;0.2112354210112244
100;8000;commutes_with;stim;0.21156620897818357
1;10000;commutes_with;stim;0.1860639770166017
2;10000;commutes_with;stim;0.1415246200049296
3;10000;commutes_with;stim;0.20351230195956305
4;10000;commutes_with;stim;0.21650104096625
5;10000;commutes_with;stim;0.2184214990120381
6;10000;commutes_with;stim;0.21385228500002995
7;10000;commutes_with;stim;0.2120789149776101
8;10000;commutes_with;stim;0.21771119703771546
9;10000;commutes_with;stim;0.2222511149593629
10;10000;commutes_with;stim;0.14322572702076286
11;10000;commutes_with;stim;0.21549147804034874
12;10000;commutes_with;stim;0.14877199503825977
13;10000;commutes_with;stim;0.21465247601736337
14;10000;commutes_with;stim;0.21647543302970007
15;10000;commutes_with;stim;0.21889090299373493
16;10000;commutes_with;stim;0.22081005899235606
17;10000;commutes_with;stim;0.217052202031482
18;10000;commutes_with;stim;0.2196619749884121
19;10000;commutes_with;stim;0.21814612398156896
20;10000;commutes_with;stim;0.21676469600060955
21;10000;commutes_with;stim;0.22124718996929005
22;10000;commutes_with;stim;0.14341043797321618
23;10000;commutes_with;stim;0.1629586119670421
24;10000;commutes_with;stim;0.1423777209711261
25;10000;commutes_with;stim;0.21204998303437606
26;10000;commutes_with;stim;0.14374144200701267
27;10000;commutes_with;stim;0.2158494990435429
28;10000;commutes_with;stim;0.213272555032745
29;10000;commutes_with;stim;0.19934611301869154
30;10000;commutes_with;stim;0.22388741798931733
31;10000;commutes_with;stim;0.15019939100602642
32;10000;commutes_with;stim;0.20936931599862874
33;10000;commutes_with;stim;0.21368849399732426
34;10000;commutes_with;stim;0.21592252899426967
35;10000;commutes_with;stim;0.21300084399990737
36;10000;commutes_with;stim;0.21879413799615577
37;10000;commutes_with;stim;0.2159064799780026
38;10000;commutes_with;stim;0.21407647000160068
39;10000;commutes_with;stim;0.1422000490128994
40;10000;commutes_with;stim;0.20231543597765267
41;10000;commutes_with;stim;0.21741595905041322
42;10000;commutes_with;stim;0.22001613397151232
43;10000;commutes_with;stim;0.2183846550178714
44;10000;commutes_with;stim;0.21586583700263873
45;10000;commutes_with;stim;0.2125327429967001
46;10000;commutes_with;stim;0.2158145180437714
47;10000;commutes_with;stim;0.21295865200227126
48;10000;commutes_with;stim;0.21665420097997412
49;10000;commutes_with;stim;0.21387542597949505
50;10000;commutes_with;stim;0.21218329900875688
51;10000;commutes_with;stim;0.14234525099163875
52;10000;commutes_with;stim;0.2069010540144518
53;10000;commutes_with;stim;0.22383309196447954
54;10000;commutes_with;stim;0.21436832996550947
55;10000;commutes_with;stim;0.21668491599848494
56;10000;commutes_with;stim;0.20765173400286585
57;10000;commutes_with;stim;0.21864604501752183
58;10000;commutes_with;stim;0.21752525598276407
59;10000;commutes_with;stim;0.14242480200482532
60;10000;commutes_with;stim;0.21259433403611183
61;10000;commutes_with;stim;0.22115839802427217
62;10000;commutes_with;stim;0.21773645200300962
63;10000;commutes_with;stim;0.21361047099344432
64;10000;commutes_with;stim;0.16577708796830848
65;10000;commutes_with;stim;0.2107971740188077
66;10000;commutes_with;stim;0.14240032399538904
67;10000;commutes_with;stim;0.14159977895906195
68;10000;commutes_with;stim;0.1421480110147968
69;10000;commutes_with;stim;0.2167219899711199
70;10000;commutes_with;stim;0.21051687700673938
71;10000;commutes_with;stim;0.21457111201016232
72;10000;commutes_with;stim;0.20706080802483484
73;10000;commutes_with;stim;0.21433031902415678
74;10000;commutes_with;stim;0.20842644199728966
75;10000;commutes_with;stim;0.1423297779983841
76;10000;commutes_with;stim;0.17537394998362288
77;10000;commutes_with;stim;0.1435971229802817
78;10000;commutes_with;stim;0.21559976204298437
79;10000;commutes_with;stim;0.19976631295867264
80;10000;commutes_with;stim;0.14791441097622737
81;10000;commutes_with;stim;0.14211997197708115
82;10000;commutes_with;stim;0.14209145901259035
83;10000;commutes_with;stim;0.22133153397589922
84;10000;commutes_with;stim;0.21221693302504718
85;10000;commutes_with;stim;0.2121008860412985
86;10000;commutes_with;stim;0.2812942679738626
87;10000;commutes_with;stim;0.2111603469820693
88;10000;commutes_with;stim;0.15430916496552527
89;10000;commutes_with;stim;0.21480850200168788
90;10000;commutes_with;stim;0.20217288797721267
91;10000;commutes_with;stim;0.21090587001526728
92;10000;commutes_with;stim;0.21233745000790805
93;10000;commutes_with;stim;0.21771687897853553
94;10000;commutes_with;stim;0.20979408995481208
95;10000;commutes_with;stim;0.2062407450284809
96;10000;commutes_with;stim;0.21334623801521957
97;10000;commutes_with;stim;0.20864649902796373
98;10000;commutes_with;stim;0.21863948699319735
99;10000;commutes_with;stim;0.21685797499958426
100;10000;commutes_with;stim;0.20932626200374216
1;12000;commutes_with;stim;0.15197897504549474
2;12000;commutes_with;stim;0.15110456000547856
3;12000;commutes_with;stim;0.21636664698598906
4;12000;commutes_with;stim;0.2155393910361454
5;12000;commutes_with;stim;0.217085266020149
6;12000;commutes_with;stim;0.21934450999833643
7;12000;commutes_with;stim;0.22121154697379097
8;12000;commutes_with;stim;0.22967201797291636
9;12000;commutes_with;stim;0.22185063001234084
10;12000;commutes_with;stim;0.19754154601832852
11;12000;commutes_with;stim;0.1729902799706906
12;12000;commutes_with;stim;0.2020119299995713
13;12000;commutes_with;stim;0.19048051297431812
14;12000;commutes_with;stim;0.22201500897062942
15;12000;commutes_with;stim;0.2228741180151701
16;12000;commutes_with;stim;0.21938485698774457
17;12000;commutes_with;stim;0.15060702001210302
18;12000;commutes_with;stim;0.22195135097717866
19;12000;commutes_with;stim;0.22299069695873186
20;12000;commutes_with;stim;0.22246678202645853
21;12000;commutes_with;stim;0.21992309298366308
22;12000;commutes_with;stim;0.20470261602895334
23;12000;commutes_with;stim;0.21779899299144745
24;12000;commutes_with;stim;0.20997999800601974
25;12000;commutes_with;stim;0.21125044103246182
26;12000;commutes_with;stim;0.21548614103812724
27;12000;commutes_with;stim;0.2227373570203781
28;12000;commutes_with;stim;0.22479916602605954
29;12000;commutes_with;stim;0.20627001899993047
30;12000;commutes_with;stim;0.22148513299180195
31;12000;commutes_with;stim;0.22607937798602507
32;12000;commutes_with;stim;0.22116635396378115
33;12000;commutes_with;stim;0.21681891998741776
34;12000;commutes_with;stim;0.22405339597025886
35;12000;commutes_with;stim;0.22167100600199774
36;12000;commutes_with;stim;0.222078958991915
37;12000;commutes_with;stim;0.21500414400361478
38;12000;commutes_with;stim;0.2253177860402502
39;12000;commutes_with;stim;0.22600911295739934
40;12000;commutes_with;stim;0.22495382005581632
41;12000;commutes_with;stim;0.22109210497001186
42;12000;commutes_with;stim;0.21797304297797382
43;12000;commutes_with;stim;0.21418181399349123
44;12000;commutes_with;stim;0.22012944699963555
45;12000;commutes_with;stim;0.22678383102174848
46;12000;commutes_with;stim;0.22584442497463897
47;12000;commutes_with;stim;0.22849542798940092
48;12000;commutes_with;stim;0.22716889501316473
49;12000;commutes_with;stim;0.2218830730416812
50;12000;commutes_with;stim;0.2275133299990557
51;12000;commutes_with;stim;0.22235748200910166
52;12000;commutes_with;stim;0.2083052119705826
53;12000;commutes_with;stim;0.22170149500016123
54;12000;commutes_with;stim;0.22203822596929967
55;12000;commutes_with;stim;0.22192259499570355
56;12000;commutes_with;stim;0.22100451297592372
57;12000;commutes_with;stim;0.22000701597426087
58;12000;commutes_with;stim;0.21641335397725925
59;12000;commutes_with;stim;0.15041194600053132
60;12000;commutes_with;stim;0.15095784497680143
61;12000;commutes_with;stim;0.15296517102979124
62;12000;commutes_with;stim;0.2269310220144689
63;12000;commutes_with;stim;0.21920039498945698
64;12000;commutes_with;stim;0.22762472601607442
65;12000;commutes_with;stim;0.2229707399965264
66;12000;commutes_with;stim;0.1511398609727621
67;12000;commutes_with;stim;0.18347665696637705
68;12000;commutes_with;stim;0.2026966229896061
69;12000;commutes_with;stim;0.2234746830072254
70;12000;commutes_with;stim;0.2233275059843436
71;12000;commutes_with;stim;0.2213936279877089
72;12000;commutes_with;stim;0.22172562801279128
73;12000;commutes_with;stim;0.1533790060202591
74;12000;commutes_with;stim;0.21363001503050327
75;12000;commutes_with;stim;0.19936552899889648
76;12000;commutes_with;stim;0.1806655380059965
77;12000;commutes_with;stim;0.20904198702191934
78;12000;commutes_with;stim;0.18794146599248052
79;12000;commutes_with;stim;0.2025514300330542
80;12000;commutes_with;stim;0.15428616100689396
81;12000;commutes_with;stim;0.15387209999607876
82;12000;commutes_with;stim;0.22456578200217336
83;12000;commutes_with;stim;0.22075351199600846
84;12000;commutes_with;stim;0.21939237701008096
85;12000;commutes_with;stim;0.22713041002862155
86;12000;commutes_with;stim;0.15247870102757588
87;12000;commutes_with;stim;0.19638453697552904
88;12000;commutes_with;stim;0.15208619798067957
89;12000;commutes_with;stim;0.15673711703857407
90;12000;commutes_with;stim;0.1612875380087644
91;12000;commutes_with;stim;0.2122115429956466
92;12000;commutes_with;stim;0.2154794890084304
93;12000;commutes_with;stim;0.22009757003979757
94;12000;commutes_with;stim;0.2148136820178479
95;12000;commutes_with;stim;0.2172180040506646
96;12000;commutes_with;stim;0.21445840800879523
97;12000;commutes_with;stim;0.22527767199790105
98;12000;commutes_with;stim;0.22743571002501994
99;12000;commutes_with;stim;0.21675062598660588
100;12000;commutes_with;stim;0.22551263100467622
1;10;commutes_with;paulie;0.20270505000371486
2;10;commutes_with;paulie;0.11466294300043955
3;10;commutes_with;paulie;0.20088222000049427
4;10;commutes_with;paulie;0.1962832389981486
5;10;commutes_with;paulie;0.19746491604018956
6;10;commutes_with;paulie;0.20116709999274462
7;10;commutes_with;paulie;0.20464330300455913
8;10;commutes_with;paulie;0.20268881699303165
9;10;commutes_with;paulie;0.1946884209755808
10;10;commutes_with;paulie;0.12149840703932568
11;10;commutes_with;paulie;0.11703547794604674
12;10;commutes_with;paulie;0.11485125595936552
13;10;commutes_with;paulie;0.11546236800495535
14;10;commutes_with;paulie;0.21416493703145534
15;10;commutes_with;paulie;0.20226664800429717
16;10;commutes_with;paulie;0.20035106397699565
17;10;commutes_with;paulie;0.20159545599017292
18;10;commutes_with;paulie;0.16339859797153622
19;10;commutes_with;paulie;0.20003572601126507
20;10;commutes_with;paulie;0.2017427669488825
21;10;commutes_with;paulie;0.2022381389979273
22;10;commutes_with;paulie;0.19548876397311687
23;10;commutes_with;paulie;0.17009727499680594
24;10;commutes_with;paulie;0.11741897801402956
25;10;commutes_with;paulie;0.11712074204115197
26;10;commutes_with;paulie;0.11627680499805138
27;10;commutes_with;paulie;0.13247993198456243
28;10;commutes_with;paulie;0.1983687150059268
29;10;commutes_with;paulie;0.20713110797805712
30;10;commutes_with;paulie;0.11698158900253475
31;10;commutes_with;paulie;0.20217991602839902
32;10;commutes_with;paulie;0.20906810398446396
33;10;commutes_with;paulie;0.20968599000480026
34;10;commutes_with;paulie;0.20565537502989173
35;10;commutes_with;paulie;0.19894856901373714
36;10;commutes_with;paulie;0.19747395702870563
37;10;commutes_with;paulie;0.20569753501331434
38;10;commutes_with;paulie;0.2098729829885997
39;10;commutes_with;paulie;0.20961200399324298
40;10;commutes_with;paulie;0.1985272709862329
41;10;commutes_with;paulie;0.2133739850251004
42;10;commutes_with;paulie;0.2045048059662804
43;10;commutes_with;paulie;0.2041302919969894
44;10;commutes_with;paulie;0.11562438600230962
45;10;commutes_with;paulie;0.20356701803393662
46;10;commutes_with;paulie;0.20795860001817346
47;10;commutes_with;paulie;0.20317934098420665
48;10;commutes_with;paulie;0.2068894209805876
49;10;commutes_with;paulie;0.20148260396672413
50;10;commutes_with;paulie;0.2048260800074786
51;10;commutes_with;paulie;0.2039019349613227
52;10;commutes_with;paulie;0.20244001800892875
53;10;commutes_with;paulie;0.20225719799054787
54;10;commutes_with;paulie;0.2039324109791778
55;10;commutes_with;paulie;0.20675478101475164
56;10;commutes_with;paulie;0.19731971400324255
57;10;commutes_with;paulie;0.20617809903342277
58;10;commutes_with;paulie;0.20678438298637047
59;10;commutes_with;paulie;0.1179350950405933
60;10;commutes_with;paulie;0.20865199499530718
61;10;commutes_with;paulie;0.20515295502264053
62;10;commutes_with;paulie;0.11624778696568683
63;10;commutes_with;paulie;0.20768422196852043
64;10;commutes_with;paulie;0.19651478598825634
65;10;commutes_with;paulie;0.20737195503897965
66;10;commutes_with;paulie;0.20531871600542217
67;10;commutes_with;paulie;0.11584623000817373
68;10;commutes_with;paulie;0.11746479495195672
69;10;commutes_with;paulie;0.2572977190138772
70;10;commutes_with;paulie;0.20757813501404598
71;10;commutes_with;paulie;0.20876105496427044
72;10;commutes_with;paulie;0.21090739901410416
73;10;commutes_with;paulie;0.20536667696433142
74;10;commutes_with;paulie;0.11654310201993212
75;10;commutes_with;paulie;0.12531977699836716
76;10;commutes_with;paulie;0.14784325199434534
77;10;commutes_with;paulie;0.11580458999378607
78;10;commutes_with;paulie;0.11547726002754644
79;10;commutes_with;paulie;0.14371206099167466
80;10;commutes_with;paulie;0.11583458096720278
81;10;commutes_with;paulie;0.1497891359613277
82;10;commutes_with;paulie;0.20238621899625286
83;10;commutes_with;paulie;0.20709466998232529
84;10;commutes_with;paulie;0.1341954289819114
85;10;commutes_with;paulie;0.20953618496423587
86;10;commutes_with;paulie;0.19291430903831497
87;10;commutes_with;paulie;0.17046118900179863
88;10;commutes_with;paulie;0.12208261003252119
89;10;commutes_with;paulie;0.1900671849725768
90;10;commutes_with;paulie;0.19838065496878698
91;10;commutes_with;paulie;0.11587294802302495
92;10;commutes_with;paulie;0.1742092079948634
93;10;commutes_with;paulie;0.20825357199646533
94;10;commutes_with;paulie;0.19275321799796075
95;10;commutes_with;paulie;0.19781911600148305
96;10;commutes_with;paulie;0.1997854669461958
97;10;commutes_with;paulie;0.20478922699112445
98;10;commutes_with;paulie;0.20363652100786567
99;10;commutes_with;paulie;0.2123076720163226
100;10;commutes_with;paulie;0.2084876360022463
1;100;commutes_with;paulie;0.20399867504602298
2;100;commutes_with;paulie;0.11665062402607873
3;100;commutes_with;paulie;0.20705238403752446
4;100;commutes_with;paulie;0.2074078629957512
5;100;commutes_with;paulie;0.20966565399430692
6;100;commutes_with;paulie;0.2029504009988159
7;100;commutes_with;paulie;0.20751808199565858
8;100;commutes_with;paulie;0.20569817902287468
9;100;commutes_with;paulie;0.20666071400046349
10;100;commutes_with;paulie;0.16333661501994357
11;100;commutes_with;paulie;0.13445144100114703
12;100;commutes_with;paulie;0.1210310099995695
13;100;commutes_with;paulie;0.24193418101640418
14;100;commutes_with;paulie;0.2060150490142405
15;100;commutes_with;paulie;0.20889454195275903
16;100;commutes_with;paulie;0.21071734401630238
17;100;commutes_with;paulie;0.20564028900116682
18;100;commutes_with;paulie;0.11843471101019531
19;100;commutes_with;paulie;0.20381669595371932
20;100;commutes_with;paulie;0.20858150604180992
21;100;commutes_with;paulie;0.21050587797071785
22;100;commutes_with;paulie;0.20187052997061983
23;100;commutes_with;paulie;0.21461251401342452
24;100;commutes_with;paulie;0.12100187002215534
25;100;commutes_with;paulie;0.1662119929678738
26;100;commutes_with;paulie;0.17886399599956349
27;100;commutes_with;paulie;0.12315847002901137
28;100;commutes_with;paulie;0.21036416396964341
29;100;commutes_with;paulie;0.20584115502424538
30;100;commutes_with;paulie;0.2069895780296065
31;100;commutes_with;paulie;0.2136380720185116
32;100;commutes_with;paulie;0.2129262740490958
33;100;commutes_with;paulie;0.20307546498952433
34;100;commutes_with;paulie;0.20615204400382936
35;100;commutes_with;paulie;0.20483318297192454
36;100;commutes_with;paulie;0.2096572570153512
37;100;commutes_with;paulie;0.2093385269981809
38;100;commutes_with;paulie;0.20050439302576706
39;100;commutes_with;paulie;0.20554379897657782
40;100;commutes_with;paulie;0.2106098959920928
41;100;commutes_with;paulie;0.2064877130324021
42;100;commutes_with;paulie;0.21002270694589242
43;100;commutes_with;paulie;0.2080696210032329
44;100;commutes_with;paulie;0.11901504301931709
45;100;commutes_with;paulie;0.207852793042548
46;100;commutes_with;paulie;0.2119514140067622
47;100;commutes_with;paulie;0.20777661097235978
48;100;commutes_with;paulie;0.20444188796682283
49;100;commutes_with;paulie;0.20542038104031235
50;100;commutes_with;paulie;0.2101010379847139
51;100;commutes_with;paulie;0.19623750500613824
52;100;commutes_with;paulie;0.21647960698464885
53;100;commutes_with;paulie;0.211046609969344
54;100;commutes_with;paulie;0.20560661400668323
55;100;commutes_with;paulie;0.21529188100248575
56;100;commutes_with;paulie;0.20780218695290387
57;100;commutes_with;paulie;0.21199873101431876
58;100;commutes_with;paulie;0.20655459800036624
59;100;commutes_with;paulie;0.11773711501155049
60;100;commutes_with;paulie;0.21105895098298788
61;100;commutes_with;paulie;0.2042893449543044
62;100;commutes_with;paulie;0.14148757996736094
63;100;commutes_with;paulie;0.21436822798568755
64;100;commutes_with;paulie;0.2063168459571898
65;100;commutes_with;paulie;0.1989279810222797
66;100;commutes_with;paulie;0.20052062295144424
67;100;commutes_with;paulie;0.18206888204440475
68;100;commutes_with;paulie;0.12303466798039153
69;100;commutes_with;paulie;0.1410144890542142
70;100;commutes_with;paulie;0.21288532199105248
71;100;commutes_with;paulie;0.20458282600156963
72;100;commutes_with;paulie;0.2083395940135233
73;100;commutes_with;paulie;0.2073153920355253
74;100;commutes_with;paulie;0.13867581798695028
75;100;commutes_with;paulie;0.29000990401254967
76;100;commutes_with;paulie;0.11826023698085919
77;100;commutes_with;paulie;0.154779783973936
78;100;commutes_with;paulie;0.2101496509858407
79;100;commutes_with;paulie;0.11831110395723954
80;100;commutes_with;paulie;0.11924293998163193
81;100;commutes_with;paulie;0.1296810600324534
82;100;commutes_with;paulie;0.21357175504090264
83;100;commutes_with;paulie;0.20419727603439242
84;100;commutes_with;paulie;0.18157183495350182
85;100;commutes_with;paulie;0.21025704202475026
86;100;commutes_with;paulie;0.20491937402402982
87;100;commutes_with;paulie;0.16191698802867904
88;100;commutes_with;paulie;0.11791306897066534
89;100;commutes_with;paulie;0.16903576999902725
90;100;commutes_with;paulie;0.20717344601871446
91;100;commutes_with;paulie;0.12572646100306883
92;100;commutes_with;paulie;0.17198262398596853
93;100;commutes_with;paulie;0.20556150301126763
94;100;commutes_with;paulie;0.2035481950151734
95;100;commutes_with;paulie;0.21382608800195158
96;100;commutes_with;paulie;0.20905593503266573
97;100;commutes_with;paulie;0.201184450997971
98;100;commutes_with;paulie;0.2056900500319898
99;100;commutes_with;paulie;0.2131570529891178
100;100;commutes_with;paulie;0.20150702801765874
1;1000;commutes_with;paulie;0.1892735849833116
2;1000;commutes_with;paulie;0.24196131201460958
3;1000;commutes_with;paulie;0.30820654600393027
4;1000;commutes_with;paulie;0.309380590042565
5;1000;commutes_with;paulie;0.30862775404239073
6;1000;commutes_with;paulie;0.31192277400987223
7;1000;commutes_with;paulie;0.30146509502083063
8;1000;commutes_with;paulie;0.3001655909465626
9;1000;commutes_with;paulie;0.3090569810010493
10;1000;commutes_with;paulie;0.19066355901304632
11;1000;commutes_with;paulie;0.190246780985035
12;1000;commutes_with;paulie;0.19094252499053255
13;1000;commutes_with;paulie;0.19197415403323248
14;1000;commutes_with;paulie;0.3051384960417636
15;1000;commutes_with;paulie;0.30173503601690754
16;1000;commutes_with;paulie;0.31200269097462296
17;1000;commutes_with;paulie;0.31164770701434463
18;1000;commutes_with;paulie;0.19137847603997216
19;1000;commutes_with;paulie;0.3051433099899441
20;1000;commutes_with;paulie;0.3123136250069365
21;1000;commutes_with;paulie;0.312379889015574
22;1000;commutes_with;paulie;0.30598191200988367
23;1000;commutes_with;paulie;0.313590885954909
24;1000;commutes_with;paulie;0.2635044070193544
25;1000;commutes_with;paulie;0.2068195480387658
26;1000;commutes_with;paulie;0.2578479439835064
27;1000;commutes_with;paulie;0.21344142098678276
28;1000;commutes_with;paulie;0.3041147540207021
29;1000;commutes_with;paulie;0.3142202000017278
30;1000;commutes_with;paulie;0.309158869960811
31;1000;commutes_with;paulie;0.2967158340034075
32;1000;commutes_with;paulie;0.3065776079893112
33;1000;commutes_with;paulie;0.30009858100675046
34;1000;commutes_with;paulie;0.3057533939718269
35;1000;commutes_with;paulie;0.30734932800987735
36;1000;commutes_with;paulie;0.3018915799912065
37;1000;commutes_with;paulie;0.297381296986714
38;1000;commutes_with;paulie;0.3159996530157514
39;1000;commutes_with;paulie;0.29948833101661876
40;1000;commutes_with;paulie;0.32091799803311005
41;1000;commutes_with;paulie;0.3081770230201073
42;1000;commutes_with;paulie;0.29928309697424993
43;1000;commutes_with;paulie;0.3041364210075699
44;1000;commutes_with;paulie;0.19000891799805686
45;1000;commutes_with;paulie;0.3000587490387261
46;1000;commutes_with;paulie;0.31162605801364407
47;1000;commutes_with;paulie;0.3109284149832092
48;1000;commutes_with;paulie;0.30352277198107913
49;1000;commutes_with;paulie;0.3005382380215451
50;1000;commutes_with;paulie;0.3036762860137969
51;1000;commutes_with;paulie;0.31046894600149244
52;1000;commutes_with;paulie;0.3109476889949292
53;1000;commutes_with;paulie;0.32298504596110433
54;1000;commutes_with;paulie;0.29416370898252353
55;1000;commutes_with;paulie;0.29304557101568207
56;1000;commutes_with;paulie;0.30231482099043205
57;1000;commutes_with;paulie;0.3128528720117174
58;1000;commutes_with;paulie;0.3070815249811858
59;1000;commutes_with;paulie;0.27479731204221025
60;1000;commutes_with;paulie;0.29910111700883135
61;1000;commutes_with;paulie;0.30366319901077077
62;1000;commutes_with;paulie;0.33665495802415535
63;1000;commutes_with;paulie;0.295466054987628
64;1000;commutes_with;paulie;0.31219266197877005
65;1000;commutes_with;paulie;0.31181773700518534
66;1000;commutes_with;paulie;0.3106934280367568
67;1000;commutes_with;paulie;0.3582740749698132
68;1000;commutes_with;paulie;0.18918218702310696
69;1000;commutes_with;paulie;0.1922553760232404
70;1000;commutes_with;paulie;0.3098236820078455
71;1000;commutes_with;paulie;0.31252826104173437
72;1000;commutes_with;paulie;0.31603538402123377
73;1000;commutes_with;paulie;0.30375731899403036
74;1000;commutes_with;paulie;0.26615117699839175
75;1000;commutes_with;paulie;0.1899740639491938
76;1000;commutes_with;paulie;0.2540475829737261
77;1000;commutes_with;paulie;0.1903548510163091
78;1000;commutes_with;paulie;0.314916625036858
79;1000;commutes_with;paulie;0.2516333149978891
80;1000;commutes_with;paulie;0.19534643297083676
81;1000;commutes_with;paulie;0.28426152997417375
82;1000;commutes_with;paulie;0.30385430401656777
83;1000;commutes_with;paulie;0.3069564640172757
84;1000;commutes_with;paulie;0.21214169601444155
85;1000;commutes_with;paulie;0.30146403302205727
86;1000;commutes_with;paulie;0.30687241500709206
87;1000;commutes_with;paulie;0.3668858630117029
88;1000;commutes_with;paulie;0.19126243400387466
89;1000;commutes_with;paulie;0.27538893499877304
90;1000;commutes_with;paulie;0.310279716970399
91;1000;commutes_with;paulie;0.2705562759656459
92;1000;commutes_with;paulie;0.18915776500944048
93;1000;commutes_with;paulie;0.3062867440166883
94;1000;commutes_with;paulie;0.3088725859997794
95;1000;commutes_with;paulie;0.30002601200249046
96;1000;commutes_with;paulie;0.3090789749985561
97;1000;commutes_with;paulie;0.3072023279964924
98;1000;commutes_with;paulie;0.292190384992864
99;1000;commutes_with;paulie;0.30704161198809743
100;1000;commutes_with;paulie;0.29993702901992947
1;3000;commutes_with;paulie;0.2836416750214994
2;3000;commutes_with;paulie;0.3656168770394288
3;3000;commutes_with;paulie;0.46871397900395095
4;3000;commutes_with;paulie;0.46607651899103075
5;3000;commutes_with;paulie;0.4761887890053913
6;3000;commutes_with;paulie;0.4625901670078747
7;3000;commutes_with;paulie;0.4652278720168397
8;3000;commutes_with;paulie;0.4747283809701912
9;3000;commutes_with;paulie;0.47155378200113773
10;3000;commutes_with;paulie;0.3441293890355155
11;3000;commutes_with;paulie;0.4654061699984595
12;3000;commutes_with;paulie;0.28459788899635896
13;3000;commutes_with;paulie;0.28424234699923545
14;3000;commutes_with;paulie;0.4649520789971575
15;3000;commutes_with;paulie;0.4662783250096254
16;3000;commutes_with;paulie;0.47506679402431473
17;3000;commutes_with;paulie;0.4723283530329354
18;3000;commutes_with;paulie;0.2858359230449423
19;3000;commutes_with;paulie;0.4559248620062135
20;3000;commutes_with;paulie;0.4655705190380104
21;3000;commutes_with;paulie;0.4689626960316673
22;3000;commutes_with;paulie;0.4646605299785733
23;3000;commutes_with;paulie;0.4494687909609638
24;3000;commutes_with;paulie;0.4766624629846774
25;3000;commutes_with;paulie;0.46609852701658383
26;3000;commutes_with;paulie;0.3659070120193064
27;3000;commutes_with;paulie;0.47010421799495816
28;3000;commutes_with;paulie;0.4572396169533022
29;3000;commutes_with;paulie;0.46687142801238224
30;3000;commutes_with;paulie;0.4616074030054733
31;3000;commutes_with;paulie;0.47110844001872465
32;3000;commutes_with;paulie;0.45694053295301273
33;3000;commutes_with;paulie;0.45733902900246903
34;3000;commutes_with;paulie;0.47275126801105216
35;3000;commutes_with;paulie;0.46200754400342703
36;3000;commutes_with;paulie;0.46072657499462366
37;3000;commutes_with;paulie;0.4611267899745144
38;3000;commutes_with;paulie;0.4546134650008753
39;3000;commutes_with;paulie;0.45945644000312313
40;3000;commutes_with;paulie;0.460942542005796
41;3000;commutes_with;paulie;0.4682771950028837
42;3000;commutes_with;paulie;0.47469300602097064
43;3000;commutes_with;paulie;0.4755049349623732
44;3000;commutes_with;paulie;0.32077120803296566
45;3000;commutes_with;paulie;0.45840877696173266
46;3000;commutes_with;paulie;0.45396330900257453
47;3000;commutes_with;paulie;0.45980293198954314
48;3000;commutes_with;paulie;0.46267588500631973
49;3000;commutes_with;paulie;0.4579761910135858
50;3000;commutes_with;paulie;0.4687056289985776
51;3000;commutes_with;paulie;0.47014989802846685
52;3000;commutes_with;paulie;0.4624407200026326
53;3000;commutes_with;paulie;0.4787333669955842
54;3000;commutes_with;paulie;0.4596522349747829
55;3000;commutes_with;paulie;0.46797309000976384
56;3000;commutes_with;paulie;0.45795061194803566
57;3000;commutes_with;paulie;0.4632554480340332
58;3000;commutes_with;paulie;0.4702252949937247
59;3000;commutes_with;paulie;0.32877757295500487
60;3000;commutes_with;paulie;0.46274385502329096
61;3000;commutes_with;paulie;0.476403447042685
62;3000;commutes_with;paulie;0.284354166011326
63;3000;commutes_with;paulie;0.4660741250263527
64;3000;commutes_with;paulie;0.4490259040030651
65;3000;commutes_with;paulie;0.4600872329901904
66;3000;commutes_with;paulie;0.4596236610086635
67;3000;commutes_with;paulie;0.28339647699613124
68;3000;commutes_with;paulie;0.5254269969882444
69;3000;commutes_with;paulie;0.2861222159699537
70;3000;commutes_with;paulie;0.45972772099776193
71;3000;commutes_with;paulie;0.4667139329831116
72;3000;commutes_with;paulie;0.46012292901286855
73;3000;commutes_with;paulie;0.4766815929906443
74;3000;commutes_with;paulie;0.360718754993286
75;3000;commutes_with;paulie;0.2884519579820335
76;3000;commutes_with;paulie;0.2984396449755877
77;3000;commutes_with;paulie;0.41550579498289153
78;3000;commutes_with;paulie;0.4716241009882651
79;3000;commutes_with;paulie;0.40600485500181094
80;3000;commutes_with;paulie;0.42000291199656203
81;3000;commutes_with;paulie;0.36826697998913005
82;3000;commutes_with;paulie;0.47092847200110555
83;3000;commutes_with;paulie;0.4533356379834004
84;3000;commutes_with;paulie;0.41796037001768127
85;3000;commutes_with;paulie;0.4598851699847728
86;3000;commutes_with;paulie;0.313880359986797
87;3000;commutes_with;paulie;0.28233559598447755
88;3000;commutes_with;paulie;0.29045882902573794
89;3000;commutes_with;paulie;0.4646954739582725
90;3000;commutes_with;paulie;0.29475260799517855
91;3000;commutes_with;paulie;0.3188551509520039
92;3000;commutes_with;paulie;0.4516520479810424
93;3000;commutes_with;paulie;0.46868461900157854
94;3000;commutes_with;paulie;0.4592619830509648
95;3000;commutes_with;paulie;0.4652637089602649
96;3000;commutes_with;paulie;0.4643100959947333
97;3000;commutes_with;paulie;0.4633452220004983
98;3000;commutes_with;paulie;0.46133732702583075
99;3000;commutes_with;paulie;0.45097869698656723
100;3000;commutes_with;paulie;0.45577952096937224
1;6000;commutes_with;paulie;0.5937977199791931
2;6000;commutes_with;paulie;0.41376663296250626
3;6000;commutes_with;paulie;0.6768800640129484
4;6000;commutes_with;paulie;0.6612197490176186
5;6000;commutes_with;paulie;0.6801582779735327
6;6000;commutes_with;paulie;0.6882300379802473
7;6000;commutes_with;paulie;0.6965186949819326
8;6000;commutes_with;paulie;0.6743439480196685
9;6000;commutes_with;paulie;0.6871273280121386
10;6000;commutes_with;paulie;0.409442976990249
11;6000;commutes_with;paulie;0.6849387540132739
12;6000;commutes_with;paulie;0.5281676930026151
13;6000;commutes_with;paulie;0.4100694500375539
14;6000;commutes_with;paulie;0.68330304895062
15;6000;commutes_with;paulie;0.6958018399891444
16;6000;commutes_with;paulie;0.6847165739745833
17;6000;commutes_with;paulie;0.6908261720091105
18;6000;commutes_with;paulie;0.42208423698320985
19;6000;commutes_with;paulie;0.6804839620017447
20;6000;commutes_with;paulie;0.6868092120275833
21;6000;commutes_with;paulie;0.6929392539896071
22;6000;commutes_with;paulie;0.6850936989649199
23;6000;commutes_with;paulie;0.7260166960186325
24;6000;commutes_with;paulie;0.41975876496871933
25;6000;commutes_with;paulie;0.42546656698687
26;6000;commutes_with;paulie;0.41028448299039155
27;6000;commutes_with;paulie;0.5484225599793717
28;6000;commutes_with;paulie;0.6868977440171875
29;6000;commutes_with;paulie;0.41252989700296894
30;6000;commutes_with;paulie;0.6879862249479629
31;6000;commutes_with;paulie;0.694770868984051
32;6000;commutes_with;paulie;0.6846641269512475
33;6000;commutes_with;paulie;0.6796789839863777
34;6000;commutes_with;paulie;0.6849453230388463
35;6000;commutes_with;paulie;0.6822464570286684
36;6000;commutes_with;paulie;0.6821316799614578
37;6000;commutes_with;paulie;0.685177059029229
38;6000;commutes_with;paulie;0.6945056509575807
39;6000;commutes_with;paulie;0.6794745500083081
40;6000;commutes_with;paulie;0.6848044299986213
41;6000;commutes_with;paulie;0.6744003240019083
42;6000;commutes_with;paulie;0.6785167509806342
43;6000;commutes_with;paulie;0.6775079760118388
44;6000;commutes_with;paulie;0.4670662480057217
45;6000;commutes_with;paulie;0.6789428060292266
46;6000;commutes_with;paulie;0.6770960110006854
47;6000;commutes_with;paulie;0.6829763340065256
48;6000;commutes_with;paulie;0.6817439669976011
49;6000;commutes_with;paulie;0.6856789810117334
50;6000;commutes_with;paulie;0.6842516419710591
51;6000;commutes_with;paulie;0.4164052350097336
52;6000;commutes_with;paulie;0.6721739040222019
53;6000;commutes_with;paulie;0.6808440249878913
54;6000;commutes_with;paulie;0.686318110965658
55;6000;commutes_with;paulie;0.6699655309785157
56;6000;commutes_with;paulie;0.6858860949869268
57;6000;commutes_with;paulie;0.6842338140122592
58;6000;commutes_with;paulie;0.6762696949881501
59;6000;commutes_with;paulie;0.5013070720015094
60;6000;commutes_with;paulie;0.6654405279550701
61;6000;commutes_with;paulie;0.6646687660249881
62;6000;commutes_with;paulie;0.448178677004762
63;6000;commutes_with;paulie;0.6726513609755784
64;6000;commutes_with;paulie;0.6818569350289181
65;6000;commutes_with;paulie;0.6797873809700832
66;6000;commutes_with;paulie;0.6573891589650884
67;6000;commutes_with;paulie;0.4098816540208645
68;6000;commutes_with;paulie;0.46655064600054175
69;6000;commutes_with;paulie;0.50910951604601
70;6000;commutes_with;paulie;0.6885086109978147
71;6000;commutes_with;paulie;0.678497638029512
72;6000;commutes_with;paulie;0.682945740991272
73;6000;commutes_with;paulie;0.6874838920193724
74;6000;commutes_with;paulie;0.5493756780051626
75;6000;commutes_with;paulie;0.4114367319853045
76;6000;commutes_with;paulie;0.4239342180080712
77;6000;commutes_with;paulie;0.49855140899308026
78;6000;commutes_with;paulie;0.6779786190018058
79;6000;commutes_with;paulie;0.6233974390197545
80;6000;commutes_with;paulie;0.615995819971431
81;6000;commutes_with;paulie;0.6284424709738232
82;6000;commutes_with;paulie;0.6777386729954742
83;6000;commutes_with;paulie;0.6841462610173039
84;6000;commutes_with;paulie;0.40966732398374006
85;6000;commutes_with;paulie;0.6819200059981085
86;6000;commutes_with;paulie;0.4119483209797181
87;6000;commutes_with;paulie;0.5441116130095907
88;6000;commutes_with;paulie;0.5735947269713506
89;6000;commutes_with;paulie;0.4098890359746292
90;6000;commutes_with;paulie;0.4373564000125043
91;6000;commutes_with;paulie;0.5125893660006113
92;6000;commutes_with;paulie;0.6101667220355012
93;6000;commutes_with;paulie;0.6751094880164601
94;6000;commutes_with;paulie;0.6709352710167877
95;6000;commutes_with;paulie;0.6728003250318579
96;6000;commutes_with;paulie;0.6845682339626364
97;6000;commutes_with;paulie;0.6775859299814329
98;6000;commutes_with;paulie;0.6783148130052723
99;6000;commutes_with;paulie;0.6782053079805337
100;6000;commutes_with;paulie;0.6838799670222215
1;8000;commutes_with;paulie;0.7252192930318415
2;8000;commutes_with;paulie;0.6846420840010978
3;8000;commutes_with;paulie;0.80881653301185
4;8000;commutes_with;paulie;0.82104365399573
5;8000;commutes_with;paulie;0.8212348709930666
6;8000;commutes_with;paulie;0.8365047270199284
7;8000;commutes_with;paulie;0.8257643859833479
8;8000;commutes_with;paulie;0.8239338890416548
9;8000;commutes_with;paulie;0.8049348060158081
10;8000;commutes_with;paulie;0.7459044760325924
11;8000;commutes_with;paulie;0.8057036700192839
12;8000;commutes_with;paulie;0.6057806730386801
13;8000;commutes_with;paulie;0.5867956730071455
14;8000;commutes_with;paulie;0.8170676719746552
15;8000;commutes_with;paulie;0.821074846026022
16;8000;commutes_with;paulie;0.8259224180364981
17;8000;commutes_with;paulie;0.8253174480050802
18;8000;commutes_with;paulie;0.6909649340086617
19;8000;commutes_with;paulie;0.8178898220066912
20;8000;commutes_with;paulie;0.8161394199705683
21;8000;commutes_with;paulie;0.8121200969908386
22;8000;commutes_with;paulie;0.8060235199518502
23;8000;commutes_with;paulie;0.8132908699917607
24;8000;commutes_with;paulie;0.5193059800076298
25;8000;commutes_with;paulie;0.7181940729497001
26;8000;commutes_with;paulie;0.49266121501568705
27;8000;commutes_with;paulie;0.8423859710455872
28;8000;commutes_with;paulie;0.8177867629565299
29;8000;commutes_with;paulie;0.5778761850087903
30;8000;commutes_with;paulie;0.8235416690004058
31;8000;commutes_with;paulie;0.8145923630218022
32;8000;commutes_with;paulie;0.8071746950154193
33;8000;commutes_with;paulie;0.8237600559950806
34;8000;commutes_with;paulie;0.8041520009865053
35;8000;commutes_with;paulie;0.8214024999761023
36;8000;commutes_with;paulie;0.817119901010301
37;8000;commutes_with;paulie;0.821841744997073
38;8000;commutes_with;paulie;0.8223981779883616
39;8000;commutes_with;paulie;0.8324106389773078
40;8000;commutes_with;paulie;0.8219710010453127
41;8000;commutes_with;paulie;0.811183767975308
42;8000;commutes_with;paulie;0.8175984870176762
43;8000;commutes_with;paulie;0.814084243029356
44;8000;commutes_with;paulie;0.7390626999549568
45;8000;commutes_with;paulie;0.5725151760270819
46;8000;commutes_with;paulie;0.8360187149955891
47;8000;commutes_with;paulie;0.8110730110201985
48;8000;commutes_with;paulie;0.8218624480068684
49;8000;commutes_with;paulie;0.8034733909880742
50;8000;commutes_with;paulie;0.8014023499563336
51;8000;commutes_with;paulie;0.4900347960065119
52;8000;commutes_with;paulie;0.8135260149720125
53;8000;commutes_with;paulie;0.8292416880140081
54;8000;commutes_with;paulie;0.8146983509650454
55;8000;commutes_with;paulie;0.8113072579726577
56;8000;commutes_with;paulie;0.8296534169930965
57;8000;commutes_with;paulie;0.8174605109961703
58;8000;commutes_with;paulie;0.8163450490101241
59;8000;commutes_with;paulie;0.49320349999470636
60;8000;commutes_with;paulie;0.8032923740101978
61;8000;commutes_with;paulie;0.817490927001927
62;8000;commutes_with;paulie;0.6376681579858996
63;8000;commutes_with;paulie;0.8191295469878241
64;8000;commutes_with;paulie;0.8155028170440346
65;8000;commutes_with;paulie;0.8049097370239906
66;8000;commutes_with;paulie;0.8208881439641118
67;8000;commutes_with;paulie;0.4996832820470445
68;8000;commutes_with;paulie;0.5628962860209867
69;8000;commutes_with;paulie;0.5202005140017718
70;8000;commutes_with;paulie;0.8117166420561261
71;8000;commutes_with;paulie;0.8143466469482519
72;8000;commutes_with;paulie;0.8098013990093023
73;8000;commutes_with;paulie;0.8169842879869975
74;8000;commutes_with;paulie;0.8164470309857279
75;8000;commutes_with;paulie;0.48872939695138484
76;8000;commutes_with;paulie;0.48816083499696106
77;8000;commutes_with;paulie;0.548161507002078
78;8000;commutes_with;paulie;0.8194146520108916
79;8000;commutes_with;paulie;0.489059460000135
80;8000;commutes_with;paulie;0.6737090289825574
81;8000;commutes_with;paulie;0.614186898979824
82;8000;commutes_with;paulie;0.5420399110298604
83;8000;commutes_with;paulie;0.8080452389549464
84;8000;commutes_with;paulie;0.5611159169930033
85;8000;commutes_with;paulie;0.8029241149779409
86;8000;commutes_with;paulie;0.577667398029007
87;8000;commutes_with;paulie;0.493996626988519
88;8000;commutes_with;paulie;0.7293846089742146
89;8000;commutes_with;paulie;0.8148032060125843
90;8000;commutes_with;paulie;0.5326991569600068
91;8000;commutes_with;paulie;0.8401053060078993
92;8000;commutes_with;paulie;0.4952563989791088
93;8000;commutes_with;paulie;0.810285963001661
94;8000;commutes_with;paulie;0.8205923000350595
95;8000;commutes_with;paulie;0.8158895050291903
96;8000;commutes_with;paulie;0.8207592230173759
97;8000;commutes_with;paulie;0.8396654599928297
98;8000;commutes_with;paulie;0.8241150720277801
99;8000;commutes_with;paulie;0.8052479129983112
100;8000;commutes_with;paulie;0.8244729770231061
1;10000;commutes_with;paulie;0.6508917669998482
2;10000;commutes_with;paulie;0.8086293640080839
3;10000;commutes_with;paulie;1.0000179630005732
4;10000;commutes_with;paulie;0.9822848440380767
5;10000;commutes_with;paulie;0.9841946219676174
6;10000;commutes_with;paulie;0.9815611490048468
7;10000;commutes_with;paulie;0.9743741319980472
8;10000;commutes_with;paulie;0.987647924979683
9;10000;commutes_with;paulie;0.9858173220418394
10;10000;commutes_with;paulie;0.6405206299968995
11;10000;commutes_with;paulie;0.9630630320170894
12;10000;commutes_with;paulie;0.7389700310304761
13;10000;commutes_with;paulie;0.9954734049970284
14;10000;commutes_with;paulie;0.986378493020311
15;10000;commutes_with;paulie;0.9774101650109515
16;10000;commutes_with;paulie;0.9983637020341121
17;10000;commutes_with;paulie;0.9849060269771144
18;10000;commutes_with;paulie;0.9872291479841806
19;10000;commutes_with;paulie;1.013704608019907
20;10000;commutes_with;paulie;0.9696331279701553
21;10000;commutes_with;paulie;0.9684513969696127
22;10000;commutes_with;paulie;0.768276878981851
23;10000;commutes_with;paulie;0.9963277860078961
24;10000;commutes_with;paulie;0.7646642649779096
25;10000;commutes_with;paulie;0.6169389169663191
26;10000;commutes_with;paulie;0.5882468650233932
27;10000;commutes_with;paulie;0.9762845899676904
28;10000;commutes_with;paulie;0.9623611369752325
29;10000;commutes_with;paulie;0.5839079759898596
30;10000;commutes_with;paulie;0.9589707679697312
31;10000;commutes_with;paulie;0.6455115739954636
32;10000;commutes_with;paulie;0.9844036899739876
33;10000;commutes_with;paulie;0.9668207099894062
34;10000;commutes_with;paulie;0.969530907983426
35;10000;commutes_with;paulie;0.9630006419611163
36;10000;commutes_with;paulie;0.9625332840369083
37;10000;commutes_with;paulie;0.9735765919904225
38;10000;commutes_with;paulie;0.9675269650178961
39;10000;commutes_with;paulie;0.8615089959930629
40;10000;commutes_with;paulie;0.9721646080142818
41;10000;commutes_with;paulie;0.9650007620221004
42;10000;commutes_with;paulie;0.9768970619770698
43;10000;commutes_with;paulie;0.9861417869688012
44;10000;commutes_with;paulie;0.9726510230102576
45;10000;commutes_with;paulie;0.9651698929956183
46;10000;commutes_with;paulie;0.9725881309714168
47;10000;commutes_with;paulie;0.9784708769875579
48;10000;commutes_with;paulie;1.001766444009263
49;10000;commutes_with;paulie;0.9772534029907547
50;10000;commutes_with;paulie;0.9690291419974528
51;10000;commutes_with;paulie;0.985997634998057
52;10000;commutes_with;paulie;0.9671945939771831
53;10000;commutes_with;paulie;0.9905741249676794
54;10000;commutes_with;paulie;0.9807715460192412
55;10000;commutes_with;paulie;0.9831801310065202
56;10000;commutes_with;paulie;0.9838321839924902
57;10000;commutes_with;paulie;0.9736999199958518
58;10000;commutes_with;paulie;0.9915183529956266
59;10000;commutes_with;paulie;0.9010998900048435
60;10000;commutes_with;paulie;0.9857030379935168
61;10000;commutes_with;paulie;0.9795982550131157
62;10000;commutes_with;paulie;0.9986157170496881
63;10000;commutes_with;paulie;0.9739390430040658
64;10000;commutes_with;paulie;0.640170965983998
65;10000;commutes_with;paulie;0.9844877910218202
66;10000;commutes_with;paulie;0.7295359869603999
67;10000;commutes_with;paulie;0.8250146360369399
68;10000;commutes_with;paulie;0.6862363099935465
69;10000;commutes_with;paulie;0.977084543032106
70;10000;commutes_with;paulie;0.9776056479895487
71;10000;commutes_with;paulie;0.9899924200144596
72;10000;commutes_with;paulie;0.9933604809921235
73;10000;commutes_with;paulie;0.9810556540032849
74;10000;commutes_with;paulie;0.6041771809686907
75;10000;commutes_with;paulie;0.866686211025808
76;10000;commutes_with;paulie;0.6043175290105864
77;10000;commutes_with;paulie;0.5910231389570981
78;10000;commutes_with;paulie;0.964964015991427
79;10000;commutes_with;paulie;0.7448930299724452
80;10000;commutes_with;paulie;0.7265982980025001
81;10000;commutes_with;paulie;0.5992921550059691
82;10000;commutes_with;paulie;0.7386843110434711
83;10000;commutes_with;paulie;0.9867659939918667
84;10000;commutes_with;paulie;0.9767120060278103
85;10000;commutes_with;paulie;0.9752595389727503
86;10000;commutes_with;paulie;0.5976137819816358
87;10000;commutes_with;paulie;0.9547769480268471
88;10000;commutes_with;paulie;0.618737174954731
89;10000;commutes_with;paulie;0.9660521260229871
90;10000;commutes_with;paulie;0.5835214289836586
91;10000;commutes_with;paulie;0.9604603640036657
92;10000;commutes_with;paulie;0.9848446719697677
93;10000;commutes_with;paulie;0.976641429006122
94;10000;commutes_with;paulie;0.9773028169875033
95;10000;commutes_with;paulie;0.9977153239888139
96;10000;commutes_with;paulie;0.9788438329705968
97;10000;commutes_with;paulie;0.9849233310087584
98;10000;commutes_with;paulie;0.9698168869945221
99;10000;commutes_with;paulie;0.9755503429914825
100;10000;commutes_with;paulie;0.976143830048386
1;12000;commutes_with;paulie;0.6795846369932406
2;12000;commutes_with;paulie;1.110524872026872
3;12000;commutes_with;paulie;1.1363644640077837
4;12000;commutes_with;paulie;1.1339597399928607
5;12000;commutes_with;paulie;1.1108620240120217
6;12000;commutes_with;paulie;1.1218116809614003
7;12000;commutes_with;paulie;1.1010633529513143
8;12000;commutes_with;paulie;1.125675878021866
9;12000;commutes_with;paulie;0.6919763559708372
10;12000;commutes_with;paulie;0.6624920549802482
11;12000;commutes_with;paulie;0.687652288004756
12;12000;commutes_with;paulie;1.0493696969933808
13;12000;commutes_with;paulie;0.7376969319884665
14;12000;commutes_with;paulie;1.0994421229697764
15;12000;commutes_with;paulie;1.137020741996821
16;12000;commutes_with;paulie;1.1241587200202048
17;12000;commutes_with;paulie;0.7340120720327832
18;12000;commutes_with;paulie;1.1115371659980156
19;12000;commutes_with;paulie;1.1008112409617752
20;12000;commutes_with;paulie;1.1109336209483445
21;12000;commutes_with;paulie;1.1280522129964083
22;12000;commutes_with;paulie;0.9678307879948989
23;12000;commutes_with;paulie;1.1157711410196498
24;12000;commutes_with;paulie;0.7372185079730116
25;12000;commutes_with;paulie;0.6980016800225712
26;12000;commutes_with;paulie;1.1133374240016565
27;12000;commutes_with;paulie;1.1401415549917147
28;12000;commutes_with;paulie;1.1174605379928835
29;12000;commutes_with;paulie;0.6606766070472077
30;12000;commutes_with;paulie;1.1189919949974865
31;12000;commutes_with;paulie;1.1213654470047913
32;12000;commutes_with;paulie;1.1284027849906124
33;12000;commutes_with;paulie;1.0965421199798584
34;12000;commutes_with;paulie;1.1206502640270628
35;12000;commutes_with;paulie;1.110798837034963
36;12000;commutes_with;paulie;1.1246432570042089
37;12000;commutes_with;paulie;1.1175306180375628
38;12000;commutes_with;paulie;1.1316147050238214
39;12000;commutes_with;paulie;1.0965276299975812
40;12000;commutes_with;paulie;1.1459814030095004
41;12000;commutes_with;paulie;1.084856742003467
42;12000;commutes_with;paulie;1.100969063991215
43;12000;commutes_with;paulie;0.8514670089934953
44;12000;commutes_with;paulie;1.1247407360351644
45;12000;commutes_with;paulie;1.1371128240134567
46;12000;commutes_with;paulie;1.1202822900377214
47;12000;commutes_with;paulie;1.120254463981837
48;12000;commutes_with;paulie;1.1141340199974366
49;12000;commutes_with;paulie;1.1236575859948061
50;12000;commutes_with;paulie;1.1289965659962036
51;12000;commutes_with;paulie;1.1093238649773411
52;12000;commutes_with;paulie;1.0977052630041726
53;12000;commutes_with;paulie;1.111759050982073
54;12000;commutes_with;paulie;1.113251244998537
55;12000;commutes_with;paulie;1.1288402379723266
56;12000;commutes_with;paulie;1.1241796629619785
57;12000;commutes_with;paulie;1.1173992269905284
58;12000;commutes_with;paulie;1.1137980009661987
59;12000;commutes_with;paulie;0.9212944130413234
60;12000;commutes_with;paulie;0.7411048769718036
61;12000;commutes_with;paulie;0.9017491600243375
62;12000;commutes_with;paulie;1.1101261710282415
63;12000;commutes_with;paulie;1.106897012970876
64;12000;commutes_with;paulie;1.1046024690149352
65;12000;commutes_with;paulie;1.129437314986717
66;12000;commutes_with;paulie;0.7798551120213233
67;12000;commutes_with;paulie;0.6629917009850033
68;12000;commutes_with;paulie;0.6957240229821764
69;12000;commutes_with;paulie;1.1131734719965607
70;12000;commutes_with;paulie;1.1258138910052367
71;12000;commutes_with;paulie;1.1152541130431928
72;12000;commutes_with;paulie;1.1007324529928155
73;12000;commutes_with;paulie;0.9560149010503665
74;12000;commutes_with;paulie;1.1400744069833308
75;12000;commutes_with;paulie;0.7392664679791778
76;12000;commutes_with;paulie;0.9142663679667749
77;12000;commutes_with;paulie;0.6609011249965988
78;12000;commutes_with;paulie;0.9522392750368454
79;12000;commutes_with;paulie;0.6879734160029329
80;12000;commutes_with;paulie;0.826952773029916
81;12000;commutes_with;paulie;0.6921784960431978
82;12000;commutes_with;paulie;1.0988936610519886
83;12000;commutes_with;paulie;1.1311243830132298
84;12000;commutes_with;paulie;1.1230119040119462
85;12000;commutes_with;paulie;1.1271047579939477
86;12000;commutes_with;paulie;0.8067234600312077
87;12000;commutes_with;paulie;0.7419732349808328
88;12000;commutes_with;paulie;0.7762177379918285
89;12000;commutes_with;paulie;0.6639124559587799
90;12000;commutes_with;paulie;0.7818385359714739
91;12000;commutes_with;paulie;0.7242473139776848
92;12000;commutes_with;paulie;1.1179972140234895
93;12000;commutes_with;paulie;1.1094130930141546
94;12000;commutes_with;paulie;1.1219829460023902
95;12000;commutes_with;paulie;1.10977218701737
96;12000;commutes_with;paulie;1.0954579960089177
97;12000;commutes_with;paulie;1.1042719280230813
98;12000;commutes_with;paulie;1.1171510909916833
99;12000;commutes_with;paulie;1.1145089589990675
100;12000;commutes_with;paulie;1.1147134699858725
1;10;commutes_with;pauliarray;2.7860380050260574
2;10;commutes_with;pauliarray;3.207584712014068
3;10;commutes_with;pauliarray;6.905587968998589
4;10;commutes_with;pauliarray;6.877633650961798
5;10;commutes_with;pauliarray;6.9229348879889585
6;10;commutes_with;pauliarray;6.836849925981369
7;10;commutes_with;pauliarray;6.943499328044709
8;10;commutes_with;pauliarray;6.9489140679943375
9;10;commutes_with;pauliarray;6.955670121009462
10;10;commutes_with;pauliarray;2.8194444369873963
11;10;commutes_with;pauliarray;2.8413581530330703
12;10;commutes_with;pauliarray;2.883569661004003
13;10;commutes_with;pauliarray;2.852696679998189
14;10;commutes_with;pauliarray;6.939119022979867
15;10;commutes_with;pauliarray;6.950418229971547
16;10;commutes_with;pauliarray;6.913065960048698
17;10;commutes_with;pauliarray;6.916043734992854
18;10;commutes_with;pauliarray;2.623417998023797
19;10;commutes_with;pauliarray;6.868285182979889
20;10;commutes_with;pauliarray;6.914715524006169
21;10;commutes_with;pauliarray;6.9581967409467325
22;10;commutes_with;pauliarray;6.985884659981821
23;10;commutes_with;pauliarray;3.5278700920171104
24;10;commutes_with;pauliarray;2.8888331709895283
25;10;commutes_with;pauliarray;5.642409364983905
26;10;commutes_with;pauliarray;3.3145054790074937
27;10;commutes_with;pauliarray;3.6044753179885447
28;10;commutes_with;pauliarray;6.881627264956478
29;10;commutes_with;pauliarray;6.947172629996203
30;10;commutes_with;pauliarray;3.369264454988297
31;10;commutes_with;pauliarray;6.939325707964599
32;10;commutes_with;pauliarray;6.881659502978437
33;10;commutes_with;pauliarray;6.867502195993438
34;10;commutes_with;pauliarray;6.858376174001023
35;10;commutes_with;pauliarray;6.956565189990215
36;10;commutes_with;pauliarray;6.931308383995201
37;10;commutes_with;pauliarray;6.88331173005281
38;10;commutes_with;pauliarray;6.965092871978413
39;10;commutes_with;pauliarray;6.902983500971459
40;10;commutes_with;pauliarray;6.95389508001972
41;10;commutes_with;pauliarray;6.917223148979247
42;10;commutes_with;pauliarray;6.891235130024143
43;10;commutes_with;pauliarray;6.882040012977086
44;10;commutes_with;pauliarray;2.8350643499870785
45;10;commutes_with;pauliarray;6.954210977011826
46;10;commutes_with;pauliarray;6.994509677984752
47;10;commutes_with;pauliarray;6.934037949016783
48;10;commutes_with;pauliarray;6.950449219031725
49;10;commutes_with;pauliarray;6.978904121962842
50;10;commutes_with;pauliarray;6.9278634039801545
51;10;commutes_with;pauliarray;6.899492399999872
52;10;commutes_with;pauliarray;6.917033367964905
53;10;commutes_with;pauliarray;6.875716976006515
54;10;commutes_with;pauliarray;6.904065454029478
55;10;commutes_with;pauliarray;6.925038215995301
56;10;commutes_with;pauliarray;6.884260862017982
57;10;commutes_with;pauliarray;6.979431964980904
58;10;commutes_with;pauliarray;6.900412636983674
59;10;commutes_with;pauliarray;2.857491497998126
60;10;commutes_with;pauliarray;6.944672441051807
61;10;commutes_with;pauliarray;6.831371166976169
62;10;commutes_with;pauliarray;2.5845878969994374
63;10;commutes_with;pauliarray;6.931069003010634
64;10;commutes_with;pauliarray;6.93800010898849
65;10;commutes_with;pauliarray;6.799204835027922
66;10;commutes_with;pauliarray;6.895861448021606
67;10;commutes_with;pauliarray;2.931716969993431
68;10;commutes_with;pauliarray;3.3159511210396886
69;10;commutes_with;pauliarray;3.279544172983151
70;10;commutes_with;pauliarray;6.832683412008919
71;10;commutes_with;pauliarray;6.8543989709578454
72;10;commutes_with;pauliarray;6.899502771964762
73;10;commutes_with;pauliarray;6.9020469629904255
74;10;commutes_with;pauliarray;2.813719152007252
75;10;commutes_with;pauliarray;3.1353388350107707
76;10;commutes_with;pauliarray;3.1990335980081
77;10;commutes_with;pauliarray;3.538011202006601
78;10;commutes_with;pauliarray;6.891911568003707
79;10;commutes_with;pauliarray;3.2218159630429
80;10;commutes_with;pauliarray;3.3537542650010437
81;10;commutes_with;pauliarray;2.8364325540023856
82;10;commutes_with;pauliarray;6.894679275981616
83;10;commutes_with;pauliarray;6.903195564053021
84;10;commutes_with;pauliarray;3.3378301129559986
85;10;commutes_with;pauliarray;6.884296873991843
86;10;commutes_with;pauliarray;6.880452323995996
87;10;commutes_with;pauliarray;3.203207332000602
88;10;commutes_with;pauliarray;3.3769651949987747
89;10;commutes_with;pauliarray;4.205719905963633
90;10;commutes_with;pauliarray;6.88892009598203
91;10;commutes_with;pauliarray;2.9838147509726696
92;10;commutes_with;pauliarray;2.9912405819632113
93;10;commutes_with;pauliarray;6.916798570018727
94;10;commutes_with;pauliarray;6.910244047991
95;10;commutes_with;pauliarray;6.87554060498951
96;10;commutes_with;pauliarray;6.963509123015683
97;10;commutes_with;pauliarray;6.846361602016259
98;10;commutes_with;pauliarray;6.880090761987958
99;10;commutes_with;pauliarray;6.8980127679533325
100;10;commutes_with;pauliarray;6.91794007900171
1;100;commutes_with;pauliarray;3.456414712010883
2;100;commutes_with;pauliarray;3.094599647971336
3;100;commutes_with;pauliarray;7.060855982999783
4;100;commutes_with;pauliarray;7.089375286013819
5;100;commutes_with;pauliarray;7.069974951969925
6;100;commutes_with;pauliarray;7.029576764965896
7;100;commutes_with;pauliarray;7.0893732059630565
8;100;commutes_with;pauliarray;7.1177945180097595
9;100;commutes_with;pauliarray;7.05004820600152
10;100;commutes_with;pauliarray;3.275268489960581
11;100;commutes_with;pauliarray;2.79852574999677
12;100;commutes_with;pauliarray;2.699312759039458
13;100;commutes_with;pauliarray;3.0459155490389094
14;100;commutes_with;pauliarray;7.028269626956899
15;100;commutes_with;pauliarray;7.0200523100211285
16;100;commutes_with;pauliarray;7.034655219002161
17;100;commutes_with;pauliarray;7.021365618973505
18;100;commutes_with;pauliarray;2.7379154399968684
19;100;commutes_with;pauliarray;7.044330094009638
20;100;commutes_with;pauliarray;7.08927993895486
21;100;commutes_with;pauliarray;7.082911191042513
22;100;commutes_with;pauliarray;7.092587005987298
23;100;commutes_with;pauliarray;7.206225069006905
24;100;commutes_with;pauliarray;3.5331887879874557
25;100;commutes_with;pauliarray;3.2366298279957846
26;100;commutes_with;pauliarray;2.7536818680237047
27;100;commutes_with;pauliarray;3.267182202951517
28;100;commutes_with;pauliarray;7.053830453020055
29;100;commutes_with;pauliarray;7.068837719969451
30;100;commutes_with;pauliarray;7.078319009044208
31;100;commutes_with;pauliarray;7.0319472110131755
32;100;commutes_with;pauliarray;7.0711506200022995
33;100;commutes_with;pauliarray;7.020333058026154
34;100;commutes_with;pauliarray;7.066464339965023
35;100;commutes_with;pauliarray;7.034154752036557
36;100;commutes_with;pauliarray;7.057093635026831
37;100;commutes_with;pauliarray;7.072232442034874
38;100;commutes_with;pauliarray;7.085580852988642
39;100;commutes_with;pauliarray;7.018205108004622
40;100;commutes_with;pauliarray;7.013807423005346
41;100;commutes_with;pauliarray;7.021969835972413
42;100;commutes_with;pauliarray;7.029778169991914
43;100;commutes_with;pauliarray;7.023227275989484
44;100;commutes_with;pauliarray;2.8416160459746607
45;100;commutes_with;pauliarray;7.04561302496586
46;100;commutes_with;pauliarray;7.1307714019785635
47;100;commutes_with;pauliarray;7.112258834007662
48;100;commutes_with;pauliarray;7.066775108978618
49;100;commutes_with;pauliarray;7.067247233004309
50;100;commutes_with;pauliarray;7.042448184045497
51;100;commutes_with;pauliarray;7.0678144710254855
52;100;commutes_with;pauliarray;6.998735041008331
53;100;commutes_with;pauliarray;6.988517697027419
54;100;commutes_with;pauliarray;7.031075751991011
55;100;commutes_with;pauliarray;7.0391593929962255
56;100;commutes_with;pauliarray;7.031938611005899
57;100;commutes_with;pauliarray;7.04417641001055
58;100;commutes_with;pauliarray;7.067916270985734
59;100;commutes_with;pauliarray;3.0288228529971093
60;100;commutes_with;pauliarray;6.950350230035838
61;100;commutes_with;pauliarray;7.068839345942251
62;100;commutes_with;pauliarray;2.6158771860064007
63;100;commutes_with;pauliarray;7.01661927299574
64;100;commutes_with;pauliarray;7.044826428988017
65;100;commutes_with;pauliarray;7.069331625010818
66;100;commutes_with;pauliarray;7.065908569958992
67;100;commutes_with;pauliarray;3.1228391120093875
68;100;commutes_with;pauliarray;3.392755643988494
69;100;commutes_with;pauliarray;3.409658065007534
70;100;commutes_with;pauliarray;6.982074115017895
71;100;commutes_with;pauliarray;7.009177407016978
72;100;commutes_with;pauliarray;7.088438345992472
73;100;commutes_with;pauliarray;7.021882138971705
74;100;commutes_with;pauliarray;3.4742892389767803
75;100;commutes_with;pauliarray;2.9398026599665172
76;100;commutes_with;pauliarray;2.9192746379994787
77;100;commutes_with;pauliarray;2.9853528999956325
78;100;commutes_with;pauliarray;7.037923069961835
79;100;commutes_with;pauliarray;2.9034576079575345
80;100;commutes_with;pauliarray;3.189380831026938
81;100;commutes_with;pauliarray;3.014649525983259
82;100;commutes_with;pauliarray;6.998487456992734
83;100;commutes_with;pauliarray;7.05549786699703
84;100;commutes_with;pauliarray;3.3494390069972724
85;100;commutes_with;pauliarray;7.028821757994592
86;100;commutes_with;pauliarray;7.065814182977192
87;100;commutes_with;pauliarray;3.3252012620214373
88;100;commutes_with;pauliarray;3.063615762977861
89;100;commutes_with;pauliarray;3.0273752229986712
90;100;commutes_with;pauliarray;7.069706486014184
91;100;commutes_with;pauliarray;3.4895912330248393
92;100;commutes_with;pauliarray;3.193197301996406
93;100;commutes_with;pauliarray;7.0258859189925715
94;100;commutes_with;pauliarray;7.041067395999562
95;100;commutes_with;pauliarray;7.00561418000143
96;100;commutes_with;pauliarray;7.1063481559976935
97;100;commutes_with;pauliarray;7.002341496001463
98;100;commutes_with;pauliarray;7.0519512760220096
99;100;commutes_with;pauliarray;7.035931259975769
100;100;commutes_with;pauliarray;7.016671093995683
1;1000;commutes_with;pauliarray;4.0324354179902
2;1000;commutes_with;pauliarray;4.035318387963343
3;1000;commutes_with;pauliarray;8.857321018993389
4;1000;commutes_with;pauliarray;8.74336195399519
5;1000;commutes_with;pauliarray;8.777892837009858
6;1000;commutes_with;pauliarray;8.684311117045581
7;1000;commutes_with;pauliarray;8.68552715604892
8;1000;commutes_with;pauliarray;8.727077623014338
9;1000;commutes_with;pauliarray;8.703144633036572
10;1000;commutes_with;pauliarray;3.9080514590023085
11;1000;commutes_with;pauliarray;4.440205595979933
12;1000;commutes_with;pauliarray;3.457320657966193
13;1000;commutes_with;pauliarray;4.372532632027287
14;1000;commutes_with;pauliarray;8.678800947032869
15;1000;commutes_with;pauliarray;8.76103031099774
16;1000;commutes_with;pauliarray;8.755665417003911
17;1000;commutes_with;pauliarray;8.782635568000842
18;1000;commutes_with;pauliarray;3.415877786988858
19;1000;commutes_with;pauliarray;8.712264666974079
20;1000;commutes_with;pauliarray;8.702886223967653
21;1000;commutes_with;pauliarray;8.758316422987264
22;1000;commutes_with;pauliarray;8.704118108027615
23;1000;commutes_with;pauliarray;8.816003056999762
24;1000;commutes_with;pauliarray;4.910752099996898
25;1000;commutes_with;pauliarray;3.9033721740124747
26;1000;commutes_with;pauliarray;3.9229278750135563
27;1000;commutes_with;pauliarray;7.073043556010816
28;1000;commutes_with;pauliarray;8.746990972955246
29;1000;commutes_with;pauliarray;8.742592155002058
30;1000;commutes_with;pauliarray;8.679870081017725
31;1000;commutes_with;pauliarray;8.709739194018766
32;1000;commutes_with;pauliarray;8.68218511500163
33;1000;commutes_with;pauliarray;8.714547468000092
34;1000;commutes_with;pauliarray;8.645696392981336
35;1000;commutes_with;pauliarray;8.719719736021943
36;1000;commutes_with;pauliarray;8.686400241043884
37;1000;commutes_with;pauliarray;8.780565029999707
38;1000;commutes_with;pauliarray;8.76803930895403
39;1000;commutes_with;pauliarray;8.693633341987152
40;1000;commutes_with;pauliarray;8.651918796997052
41;1000;commutes_with;pauliarray;8.721786390990019
42;1000;commutes_with;pauliarray;8.596387326018885
43;1000;commutes_with;pauliarray;8.725323827995453
44;1000;commutes_with;pauliarray;3.7748026580084115
45;1000;commutes_with;pauliarray;8.697265924012754
46;1000;commutes_with;pauliarray;8.679569676984102
47;1000;commutes_with;pauliarray;8.69969504600158
48;1000;commutes_with;pauliarray;8.742377174028661
49;1000;commutes_with;pauliarray;8.73929102299735
50;1000;commutes_with;pauliarray;8.691528987023048
51;1000;commutes_with;pauliarray;8.760522597003728
52;1000;commutes_with;pauliarray;8.650634243967943
53;1000;commutes_with;pauliarray;8.715269187989179
54;1000;commutes_with;pauliarray;8.707608499040361
55;1000;commutes_with;pauliarray;8.783983663015533
56;1000;commutes_with;pauliarray;8.799969386018347
57;1000;commutes_with;pauliarray;8.776803814980667
58;1000;commutes_with;pauliarray;8.67383590398822
59;1000;commutes_with;pauliarray;3.668664238997735
60;1000;commutes_with;pauliarray;8.678801058034878
61;1000;commutes_with;pauliarray;8.758168742991984
62;1000;commutes_with;pauliarray;3.420814546989277
63;1000;commutes_with;pauliarray;8.715468032984063
64;1000;commutes_with;pauliarray;8.730839074996766
65;1000;commutes_with;pauliarray;8.68931127502583
66;1000;commutes_with;pauliarray;8.747448337962851
67;1000;commutes_with;pauliarray;3.736307245970238
68;1000;commutes_with;pauliarray;3.9795384879689664
69;1000;commutes_with;pauliarray;4.379816299013328
70;1000;commutes_with;pauliarray;8.665625337976962
71;1000;commutes_with;pauliarray;8.65507354203146
72;1000;commutes_with;pauliarray;8.806367956043687
73;1000;commutes_with;pauliarray;8.761743988958187
74;1000;commutes_with;pauliarray;4.165216938010417
75;1000;commutes_with;pauliarray;4.152498382027261
76;1000;commutes_with;pauliarray;3.7429669040138833
77;1000;commutes_with;pauliarray;3.9657909980160184
78;1000;commutes_with;pauliarray;8.621355557988863
79;1000;commutes_with;pauliarray;4.533274878980592
80;1000;commutes_with;pauliarray;3.9872078180196695
81;1000;commutes_with;pauliarray;3.9818021910032257
82;1000;commutes_with;pauliarray;8.745295533037279
83;1000;commutes_with;pauliarray;8.736057056987192
84;1000;commutes_with;pauliarray;3.907853858952876
85;1000;commutes_with;pauliarray;8.68691161298193
86;1000;commutes_with;pauliarray;8.68257297197124
87;1000;commutes_with;pauliarray;4.6682914779521525
88;1000;commutes_with;pauliarray;4.549459379049949
89;1000;commutes_with;pauliarray;3.7771444079698995
90;1000;commutes_with;pauliarray;7.188633859041147
91;1000;commutes_with;pauliarray;3.598751124984119
92;1000;commutes_with;pauliarray;4.135087063012179
93;1000;commutes_with;pauliarray;8.72621444502147
94;1000;commutes_with;pauliarray;8.714778789959382
95;1000;commutes_with;pauliarray;8.732004983001389
96;1000;commutes_with;pauliarray;8.782152989006136
97;1000;commutes_with;pauliarray;8.689602333994117
98;1000;commutes_with;pauliarray;8.720373904972803
99;1000;commutes_with;pauliarray;8.720420214987826
100;1000;commutes_with;pauliarray;8.779664721980225
1;3000;commutes_with;pauliarray;4.467423760041129
2;3000;commutes_with;pauliarray;5.009417777997442
3;3000;commutes_with;pauliarray;10.241581883979961
4;3000;commutes_with;pauliarray;10.257462421024684
5;3000;commutes_with;pauliarray;10.240218908002134
6;3000;commutes_with;pauliarray;10.151820441999007
7;3000;commutes_with;pauliarray;10.205618010018952
8;3000;commutes_with;pauliarray;10.250876412028447
9;3000;commutes_with;pauliarray;10.188747395994142
10;3000;commutes_with;pauliarray;4.6923650780227035
11;3000;commutes_with;pauliarray;10.154935770027805
12;3000;commutes_with;pauliarray;4.357502776023466
13;3000;commutes_with;pauliarray;4.571738720987923
14;3000;commutes_with;pauliarray;10.22617913398426
15;3000;commutes_with;pauliarray;10.092920909984969
16;3000;commutes_with;pauliarray;10.189240125997458
17;3000;commutes_with;pauliarray;10.168685180018656
18;3000;commutes_with;pauliarray;4.341375530988444
19;3000;commutes_with;pauliarray;10.248935572977643
20;3000;commutes_with;pauliarray;10.171209773980081
21;3000;commutes_with;pauliarray;10.123596762947273
22;3000;commutes_with;pauliarray;10.226187439984642
23;3000;commutes_with;pauliarray;10.242786772025283
24;3000;commutes_with;pauliarray;5.968956699012779
25;3000;commutes_with;pauliarray;10.115376122004818
26;3000;commutes_with;pauliarray;4.728231471963227
27;3000;commutes_with;pauliarray;4.586675136000849
28;3000;commutes_with;pauliarray;10.166292370995507
29;3000;commutes_with;pauliarray;7.795615706010722
30;3000;commutes_with;pauliarray;10.190292314975522
31;3000;commutes_with;pauliarray;10.106026756984647
32;3000;commutes_with;pauliarray;10.17539011297049
33;3000;commutes_with;pauliarray;10.134701241040602
34;3000;commutes_with;pauliarray;10.095670165028423
35;3000;commutes_with;pauliarray;10.153053007961717
36;3000;commutes_with;pauliarray;10.132490656978916
37;3000;commutes_with;pauliarray;10.075658585992642
38;3000;commutes_with;pauliarray;10.195340436010156
39;3000;commutes_with;pauliarray;10.17092301097
40;3000;commutes_with;pauliarray;10.132698961009737
41;3000;commutes_with;pauliarray;10.148038721992634
42;3000;commutes_with;pauliarray;10.2044387080241
43;3000;commutes_with;pauliarray;10.234323203039821
44;3000;commutes_with;pauliarray;5.052980314008892
45;3000;commutes_with;pauliarray;10.126363325980492
46;3000;commutes_with;pauliarray;10.152260367001873
47;3000;commutes_with;pauliarray;10.177973672980443
48;3000;commutes_with;pauliarray;10.22549824503949
49;3000;commutes_with;pauliarray;10.11960293498123
50;3000;commutes_with;pauliarray;10.211084615031723
51;3000;commutes_with;pauliarray;7.878412316960748
52;3000;commutes_with;pauliarray;10.213858520030044
53;3000;commutes_with;pauliarray;10.120286237972323
54;3000;commutes_with;pauliarray;10.185581089986954
55;3000;commutes_with;pauliarray;10.19781319401227
56;3000;commutes_with;pauliarray;10.202851543028373
57;3000;commutes_with;pauliarray;10.198137457016855
58;3000;commutes_with;pauliarray;10.13577977399109
59;3000;commutes_with;pauliarray;4.98960381600773
60;3000;commutes_with;pauliarray;10.132723345013801
61;3000;commutes_with;pauliarray;10.089789077988826
62;3000;commutes_with;pauliarray;9.084207974025048
63;3000;commutes_with;pauliarray;10.105620551970787
64;3000;commutes_with;pauliarray;10.133523650991265
65;3000;commutes_with;pauliarray;10.182464141980745
66;3000;commutes_with;pauliarray;10.126767840003595
67;3000;commutes_with;pauliarray;4.91865043801954
68;3000;commutes_with;pauliarray;4.887876107008196
69;3000;commutes_with;pauliarray;5.0606745859840885
70;3000;commutes_with;pauliarray;10.095074865967035
71;3000;commutes_with;pauliarray;10.169681122002658
72;3000;commutes_with;pauliarray;10.159820007975213
73;3000;commutes_with;pauliarray;10.197633236006368
74;3000;commutes_with;pauliarray;4.816994900989812
75;3000;commutes_with;pauliarray;5.074440941971261
76;3000;commutes_with;pauliarray;4.847645736997947
77;3000;commutes_with;pauliarray;4.954396775981877
78;3000;commutes_with;pauliarray;10.147549688990694
79;3000;commutes_with;pauliarray;5.008690428978298
80;3000;commutes_with;pauliarray;4.729348251014017
81;3000;commutes_with;pauliarray;4.790975777024869
82;3000;commutes_with;pauliarray;10.210036499018315
83;3000;commutes_with;pauliarray;10.185797104961239
84;3000;commutes_with;pauliarray;5.040410113986582
85;3000;commutes_with;pauliarray;10.12451532605337
86;3000;commutes_with;pauliarray;4.440504108031746
87;3000;commutes_with;pauliarray;4.425605483003892
88;3000;commutes_with;pauliarray;4.884425836033188
89;3000;commutes_with;pauliarray;4.787991888995748
90;3000;commutes_with;pauliarray;4.446424817026127
91;3000;commutes_with;pauliarray;4.844125241972506
92;3000;commutes_with;pauliarray;5.044449943001382
93;3000;commutes_with;pauliarray;10.152980917948298
94;3000;commutes_with;pauliarray;10.13441135501489
95;3000;commutes_with;pauliarray;10.133634994970635
96;3000;commutes_with;pauliarray;10.089359134959523
97;3000;commutes_with;pauliarray;10.16316266398644
98;3000;commutes_with;pauliarray;10.133193682006095
99;3000;commutes_with;pauliarray;10.130571568966843
100;3000;commutes_with;pauliarray;10.107861541968305
1;6000;commutes_with;pauliarray;6.425259708019439
2;6000;commutes_with;pauliarray;6.554544605955016
3;6000;commutes_with;pauliarray;12.173657728999387
4;6000;commutes_with;pauliarray;12.247580556955654
5;6000;commutes_with;pauliarray;12.15161977004027
6;6000;commutes_with;pauliarray;12.256803715019487
7;6000;commutes_with;pauliarray;12.150582382979337
8;6000;commutes_with;pauliarray;12.217535775038414
9;6000;commutes_with;pauliarray;12.218326063011773
10;6000;commutes_with;pauliarray;6.287246480002068
11;6000;commutes_with;pauliarray;12.142643464030698
12;6000;commutes_with;pauliarray;5.810480481013656
13;6000;commutes_with;pauliarray;6.651931964966934
14;6000;commutes_with;pauliarray;12.20481177198235
15;6000;commutes_with;pauliarray;12.280612603004556
16;6000;commutes_with;pauliarray;12.205657557991799
17;6000;commutes_with;pauliarray;12.237574425991625
18;6000;commutes_with;pauliarray;6.011174402956385
19;6000;commutes_with;pauliarray;12.208999259979464
20;6000;commutes_with;pauliarray;12.212733771011699
21;6000;commutes_with;pauliarray;12.27821091801161
22;6000;commutes_with;pauliarray;6.486109752964694
23;6000;commutes_with;pauliarray;12.046712198993191
24;6000;commutes_with;pauliarray;6.2578333640121855
25;6000;commutes_with;pauliarray;6.464768192032352
26;6000;commutes_with;pauliarray;6.999010727973655
27;6000;commutes_with;pauliarray;6.018247005005833
28;6000;commutes_with;pauliarray;12.238004826998804
29;6000;commutes_with;pauliarray;6.104245955997612
30;6000;commutes_with;pauliarray;12.188430669950321
31;6000;commutes_with;pauliarray;12.20532775297761
32;6000;commutes_with;pauliarray;12.190213030029554
33;6000;commutes_with;pauliarray;12.143361827998888
34;6000;commutes_with;pauliarray;12.119498143030796
35;6000;commutes_with;pauliarray;12.153962887998205
36;6000;commutes_with;pauliarray;12.166733450023457
37;6000;commutes_with;pauliarray;12.14621980796801
38;6000;commutes_with;pauliarray;12.190894205996301
39;6000;commutes_with;pauliarray;12.226105626963545
40;6000;commutes_with;pauliarray;12.220903381006792
41;6000;commutes_with;pauliarray;12.227062993042637
42;6000;commutes_with;pauliarray;12.194733244017698
43;6000;commutes_with;pauliarray;12.19453538901871
44;6000;commutes_with;pauliarray;6.658284411998466
45;6000;commutes_with;pauliarray;12.135843669995666
46;6000;commutes_with;pauliarray;12.22359231102746
47;6000;commutes_with;pauliarray;12.236604703997727
48;6000;commutes_with;pauliarray;12.21049851202406
49;6000;commutes_with;pauliarray;12.305864452966489
50;6000;commutes_with;pauliarray;12.18332760600606
51;6000;commutes_with;pauliarray;5.8429755120305344
52;6000;commutes_with;pauliarray;12.085848143033218
53;6000;commutes_with;pauliarray;12.150086753012147
54;6000;commutes_with;pauliarray;12.130688456993084
55;6000;commutes_with;pauliarray;12.244331694033463
56;6000;commutes_with;pauliarray;12.178222256945446
57;6000;commutes_with;pauliarray;12.157768833974842
58;6000;commutes_with;pauliarray;12.166764509980567
59;6000;commutes_with;pauliarray;6.553677347954363
60;6000;commutes_with;pauliarray;12.179687181022018
61;6000;commutes_with;pauliarray;12.213937735999934
62;6000;commutes_with;pauliarray;6.298278835951351
63;6000;commutes_with;pauliarray;12.236907912010793
64;6000;commutes_with;pauliarray;12.115818530030083
65;6000;commutes_with;pauliarray;12.156176738033537
66;6000;commutes_with;pauliarray;12.114019899978302
67;6000;commutes_with;pauliarray;5.903594222967513
68;6000;commutes_with;pauliarray;6.830558314046357
69;6000;commutes_with;pauliarray;6.811070021009073
70;6000;commutes_with;pauliarray;12.186049440002535
71;6000;commutes_with;pauliarray;12.14995206502499
72;6000;commutes_with;pauliarray;12.237499915005174
73;6000;commutes_with;pauliarray;12.239248586993199
74;6000;commutes_with;pauliarray;11.811412595037837
75;6000;commutes_with;pauliarray;6.712431158986874
76;6000;commutes_with;pauliarray;6.370542790973559
77;6000;commutes_with;pauliarray;6.42619738803478
78;6000;commutes_with;pauliarray;12.06366268498823
79;6000;commutes_with;pauliarray;6.624070659978315
80;6000;commutes_with;pauliarray;6.48754005797673
81;6000;commutes_with;pauliarray;6.645639332011342
82;6000;commutes_with;pauliarray;6.836738988989964
83;6000;commutes_with;pauliarray;12.1639132029959
84;6000;commutes_with;pauliarray;6.4049671510001644
85;6000;commutes_with;pauliarray;12.080338525993284
86;6000;commutes_with;pauliarray;6.068418582028244
87;6000;commutes_with;pauliarray;6.848387228965294
88;6000;commutes_with;pauliarray;6.453228744969238
89;6000;commutes_with;pauliarray;8.692809314001352
90;6000;commutes_with;pauliarray;5.966205159027595
91;6000;commutes_with;pauliarray;10.86164222395746
92;6000;commutes_with;pauliarray;6.522576225979719
93;6000;commutes_with;pauliarray;12.208974944020156
94;6000;commutes_with;pauliarray;12.113009508990217
95;6000;commutes_with;pauliarray;12.190289159014355
96;6000;commutes_with;pauliarray;12.08969650301151
97;6000;commutes_with;pauliarray;12.107715007965453
98;6000;commutes_with;pauliarray;12.128820957033895
99;6000;commutes_with;pauliarray;12.230566415993962
100;6000;commutes_with;pauliarray;12.213856232003309
1;8000;commutes_with;pauliarray;7.04803514998639
2;8000;commutes_with;pauliarray;6.87825533997966
3;8000;commutes_with;pauliarray;13.657857453043107
4;8000;commutes_with;pauliarray;13.472039549029432
5;8000;commutes_with;pauliarray;13.617218428000342
6;8000;commutes_with;pauliarray;13.496551732998341
7;8000;commutes_with;pauliarray;13.517727956001181
8;8000;commutes_with;pauliarray;13.469993067963514
9;8000;commutes_with;pauliarray;13.436849232995883
10;8000;commutes_with;pauliarray;6.5662990100099705
11;8000;commutes_with;pauliarray;13.563619847991504
12;8000;commutes_with;pauliarray;6.560729546006769
13;8000;commutes_with;pauliarray;6.940802666998934
14;8000;commutes_with;pauliarray;13.42199978599092
15;8000;commutes_with;pauliarray;13.579179876018316
16;8000;commutes_with;pauliarray;13.556113964004908
17;8000;commutes_with;pauliarray;13.438447640975937
18;8000;commutes_with;pauliarray;13.48442591400817
19;8000;commutes_with;pauliarray;13.475783111993223
20;8000;commutes_with;pauliarray;13.523501274001319
21;8000;commutes_with;pauliarray;13.430839204986114
22;8000;commutes_with;pauliarray;8.603992655989714
23;8000;commutes_with;pauliarray;10.917153324990068
24;8000;commutes_with;pauliarray;7.659298462036531
25;8000;commutes_with;pauliarray;6.213721178006381
26;8000;commutes_with;pauliarray;6.3085189800476655
27;8000;commutes_with;pauliarray;13.579557861026842
28;8000;commutes_with;pauliarray;13.641736379999202
29;8000;commutes_with;pauliarray;7.056956272979733
30;8000;commutes_with;pauliarray;13.396938849997241
31;8000;commutes_with;pauliarray;9.588516732968856
32;8000;commutes_with;pauliarray;13.433103165007196
33;8000;commutes_with;pauliarray;13.43170708999969
34;8000;commutes_with;pauliarray;13.431533430004492
35;8000;commutes_with;pauliarray;13.52232638397254
36;8000;commutes_with;pauliarray;13.523658089980017
37;8000;commutes_with;pauliarray;13.375963311991654
38;8000;commutes_with;pauliarray;13.463660903973505
39;8000;commutes_with;pauliarray;9.364241759991273
40;8000;commutes_with;pauliarray;13.453002561000176
41;8000;commutes_with;pauliarray;13.484884407022037
42;8000;commutes_with;pauliarray;13.424954062036704
43;8000;commutes_with;pauliarray;13.417719658988062
44;8000;commutes_with;pauliarray;6.658679608022794
45;8000;commutes_with;pauliarray;6.729839742009062
46;8000;commutes_with;pauliarray;13.429789738962427
47;8000;commutes_with;pauliarray;13.600740011024754
48;8000;commutes_with;pauliarray;13.461615619016811
49;8000;commutes_with;pauliarray;13.380016663053539
50;8000;commutes_with;pauliarray;13.441909321991261
51;8000;commutes_with;pauliarray;7.146049963019323
52;8000;commutes_with;pauliarray;13.409975232032593
53;8000;commutes_with;pauliarray;13.362208006961737
54;8000;commutes_with;pauliarray;13.307781133044045
55;8000;commutes_with;pauliarray;13.446865399018861
56;8000;commutes_with;pauliarray;13.425989502982702
57;8000;commutes_with;pauliarray;13.609152702963911
58;8000;commutes_with;pauliarray;13.36568313499447
59;8000;commutes_with;pauliarray;7.109098066983279
60;8000;commutes_with;pauliarray;13.425594127969816
61;8000;commutes_with;pauliarray;13.510176539013628
62;8000;commutes_with;pauliarray;7.028869222966023
63;8000;commutes_with;pauliarray;13.423632392019499
64;8000;commutes_with;pauliarray;11.004361579020042
65;8000;commutes_with;pauliarray;13.345535989967175
66;8000;commutes_with;pauliarray;7.849678245023824
67;8000;commutes_with;pauliarray;7.354169213969726
68;8000;commutes_with;pauliarray;7.019064465013798
69;8000;commutes_with;pauliarray;7.134853627008852
70;8000;commutes_with;pauliarray;13.379631498944946
71;8000;commutes_with;pauliarray;13.380350546038244
72;8000;commutes_with;pauliarray;13.377899729995988
73;8000;commutes_with;pauliarray;13.427047976991162
74;8000;commutes_with;pauliarray;13.366032068966888
75;8000;commutes_with;pauliarray;7.0327911819913425
76;8000;commutes_with;pauliarray;6.519045265973546
77;8000;commutes_with;pauliarray;7.171670075971633
78;8000;commutes_with;pauliarray;13.398434353992343
79;8000;commutes_with;pauliarray;7.125240896013565
80;8000;commutes_with;pauliarray;7.187046103004832
81;8000;commutes_with;pauliarray;7.171664406021591
82;8000;commutes_with;pauliarray;6.885715532000177
83;8000;commutes_with;pauliarray;13.422987434023526
84;8000;commutes_with;pauliarray;6.602702053030953
85;8000;commutes_with;pauliarray;13.377824843977578
86;8000;commutes_with;pauliarray;6.584072049998213
87;8000;commutes_with;pauliarray;13.382223559019621
88;8000;commutes_with;pauliarray;7.2509321779944
89;8000;commutes_with;pauliarray;13.460434356005862
90;8000;commutes_with;pauliarray;6.395655011991039
91;8000;commutes_with;pauliarray;13.455277944041882
92;8000;commutes_with;pauliarray;6.572895513963886
93;8000;commutes_with;pauliarray;13.419011391000822
94;8000;commutes_with;pauliarray;13.356093988986686
95;8000;commutes_with;pauliarray;13.319334482017439
96;8000;commutes_with;pauliarray;13.534710006962996
97;8000;commutes_with;pauliarray;13.390651986992452
98;8000;commutes_with;pauliarray;13.403668156010099
99;8000;commutes_with;pauliarray;13.447580893000122
100;8000;commutes_with;pauliarray;13.415602399036288
1;10000;commutes_with;pauliarray;8.563920668966603
2;10000;commutes_with;pauliarray;7.913021159009077
3;10000;commutes_with;pauliarray;14.922280322003644
4;10000;commutes_with;pauliarray;15.051646364969201
5;10000;commutes_with;pauliarray;14.932596134021878
6;10000;commutes_with;pauliarray;14.886967964994255
7;10000;commutes_with;pauliarray;14.862833597988356
8;10000;commutes_with;pauliarray;14.789038766990416
9;10000;commutes_with;pauliarray;8.594050021027215
10;10000;commutes_with;pauliarray;7.31477429199731
11;10000;commutes_with;pauliarray;9.214499460998923
12;10000;commutes_with;pauliarray;7.514769339002669
13;10000;commutes_with;pauliarray;7.497647217998747
14;10000;commutes_with;pauliarray;14.864534138992894
15;10000;commutes_with;pauliarray;15.100114647997543
16;10000;commutes_with;pauliarray;15.037510694994126
17;10000;commutes_with;pauliarray;14.975347091036383
18;10000;commutes_with;pauliarray;15.05687599699013
19;10000;commutes_with;pauliarray;14.892115194990765
20;10000;commutes_with;pauliarray;14.848913472960703
21;10000;commutes_with;pauliarray;14.892448975006118
22;10000;commutes_with;pauliarray;8.658758350997232
23;10000;commutes_with;pauliarray;15.020502631028648
24;10000;commutes_with;pauliarray;7.590132659999654
25;10000;commutes_with;pauliarray;7.648462268000003
26;10000;commutes_with;pauliarray;14.848312873975374
27;10000;commutes_with;pauliarray;14.727518251980655
28;10000;commutes_with;pauliarray;15.066668930987362
29;10000;commutes_with;pauliarray;7.854154789994936
30;10000;commutes_with;pauliarray;14.91056288901018
31;10000;commutes_with;pauliarray;14.928669822984375
32;10000;commutes_with;pauliarray;14.729272770986427
33;10000;commutes_with;pauliarray;14.904516778013203
34;10000;commutes_with;pauliarray;15.1613404279924
35;10000;commutes_with;pauliarray;14.830048449977767
36;10000;commutes_with;pauliarray;14.853155927965418
37;10000;commutes_with;pauliarray;14.892923715000506
38;10000;commutes_with;pauliarray;14.78516888897866
39;10000;commutes_with;pauliarray;14.675143873027992
40;10000;commutes_with;pauliarray;14.780037051008549
41;10000;commutes_with;pauliarray;14.859277237032074
42;10000;commutes_with;pauliarray;14.765117186994758
43;10000;commutes_with;pauliarray;14.576860275003128
44;10000;commutes_with;pauliarray;15.027643239998724
45;10000;commutes_with;pauliarray;14.945193429011852
46;10000;commutes_with;pauliarray;14.982829282002058
47;10000;commutes_with;pauliarray;14.830890076991636
48;10000;commutes_with;pauliarray;14.819220542965923
49;10000;commutes_with;pauliarray;14.981046793982387
50;10000;commutes_with;pauliarray;15.094436201965436
51;10000;commutes_with;pauliarray;14.74085132300388
52;10000;commutes_with;pauliarray;15.003910447994713
53;10000;commutes_with;pauliarray;14.886402703996282
54;10000;commutes_with;pauliarray;14.89064406399848
55;10000;commutes_with;pauliarray;14.955883299000561
56;10000;commutes_with;pauliarray;14.867251604038756
57;10000;commutes_with;pauliarray;15.012910037010442
58;10000;commutes_with;pauliarray;14.811701336991973
59;10000;commutes_with;pauliarray;8.131272986996919
60;10000;commutes_with;pauliarray;13.27402097400045
61;10000;commutes_with;pauliarray;8.55384117201902
62;10000;commutes_with;pauliarray;14.95178212504834
63;10000;commutes_with;pauliarray;14.91054944501957
64;10000;commutes_with;pauliarray;8.060373253014404
65;10000;commutes_with;pauliarray;14.70710068201879
66;10000;commutes_with;pauliarray;7.5037979379994795
67;10000;commutes_with;pauliarray;7.956122875970323
68;10000;commutes_with;pauliarray;7.762372240016703
69;10000;commutes_with;pauliarray;14.799712930980604
70;10000;commutes_with;pauliarray;14.700190005998593
71;10000;commutes_with;pauliarray;14.669042475987226
72;10000;commutes_with;pauliarray;14.92125588899944
73;10000;commutes_with;pauliarray;14.361255872005131
74;10000;commutes_with;pauliarray;13.482094422972295
75;10000;commutes_with;pauliarray;8.509730356978253
76;10000;commutes_with;pauliarray;8.369047144020442
77;10000;commutes_with;pauliarray;8.457723486993928
78;10000;commutes_with;pauliarray;8.046304548042826
79;10000;commutes_with;pauliarray;7.688193870009854
80;10000;commutes_with;pauliarray;8.541306751023512
81;10000;commutes_with;pauliarray;7.248918992001563
82;10000;commutes_with;pauliarray;13.344398952031042
83;10000;commutes_with;pauliarray;14.708974451001268
84;10000;commutes_with;pauliarray;14.963653677026741
85;10000;commutes_with;pauliarray;14.938619735999964
86;10000;commutes_with;pauliarray;10.392509700031951
87;10000;commutes_with;pauliarray;8.975155317981262
88;10000;commutes_with;pauliarray;7.838903589989059
89;10000;commutes_with;pauliarray;8.32898547698278
90;10000;commutes_with;pauliarray;7.926594270975329
91;10000;commutes_with;pauliarray;7.951404680963606
92;10000;commutes_with;pauliarray;14.769657415978145
93;10000;commutes_with;pauliarray;14.739569871977437
94;10000;commutes_with;pauliarray;14.896809238009155
95;10000;commutes_with;pauliarray;14.760095366975293
96;10000;commutes_with;pauliarray;14.652392710035201
97;10000;commutes_with;pauliarray;14.92192121699918
98;10000;commutes_with;pauliarray;14.902289781952277
99;10000;commutes_with;pauliarray;14.981542408000678
100;10000;commutes_with;pauliarray;14.817905806994531
1;12000;commutes_with;pauliarray;9.416377718967851
2;12000;commutes_with;pauliarray;16.32136477099266
3;12000;commutes_with;pauliarray;16.23232749197632
4;12000;commutes_with;pauliarray;16.19982582196826
5;12000;commutes_with;pauliarray;16.08511894097319
6;12000;commutes_with;pauliarray;16.369033471972216
7;12000;commutes_with;pauliarray;16.308205973997246
8;12000;commutes_with;pauliarray;16.101063164009247
9;12000;commutes_with;pauliarray;8.781386686023325
10;12000;commutes_with;pauliarray;9.383216742950026
11;12000;commutes_with;pauliarray;8.071379575005267
12;12000;commutes_with;pauliarray;8.576674414041918
13;12000;commutes_with;pauliarray;15.430957907054108
14;12000;commutes_with;pauliarray;16.36007931100903
15;12000;commutes_with;pauliarray;16.26133727101842
16;12000;commutes_with;pauliarray;16.269865510985255
17;12000;commutes_with;pauliarray;8.069611328013707
18;12000;commutes_with;pauliarray;16.478968029026873
19;12000;commutes_with;pauliarray;16.188820103998296
20;12000;commutes_with;pauliarray;16.26484146399889
21;12000;commutes_with;pauliarray;16.27657172997715
22;12000;commutes_with;pauliarray;10.58447113999864
23;12000;commutes_with;pauliarray;16.489431842055637
24;12000;commutes_with;pauliarray;8.467569592001382
25;12000;commutes_with;pauliarray;8.783107483992353
26;12000;commutes_with;pauliarray;9.478852906031534
27;12000;commutes_with;pauliarray;16.292933394026477
28;12000;commutes_with;pauliarray;16.263243230991066
29;12000;commutes_with;pauliarray;10.464087822998408
30;12000;commutes_with;pauliarray;16.17881676700199
31;12000;commutes_with;pauliarray;16.162042387004476
32;12000;commutes_with;pauliarray;16.17629437497817
33;12000;commutes_with;pauliarray;16.179619079979602
34;12000;commutes_with;pauliarray;16.184536223008763
35;12000;commutes_with;pauliarray;16.25704512797529
36;12000;commutes_with;pauliarray;16.255775342986453
37;12000;commutes_with;pauliarray;16.107369263016153
38;12000;commutes_with;pauliarray;16.138872265990358
39;12000;commutes_with;pauliarray;16.219813680974767
40;12000;commutes_with;pauliarray;16.147649304009974
41;12000;commutes_with;pauliarray;16.254756818001624
42;12000;commutes_with;pauliarray;16.38390326598892
43;12000;commutes_with;pauliarray;8.327932565996889
44;12000;commutes_with;pauliarray;16.365946350968443
45;12000;commutes_with;pauliarray;16.437698033987544
46;12000;commutes_with;pauliarray;16.163045051973313
47;12000;commutes_with;pauliarray;16.34258881601272
48;12000;commutes_with;pauliarray;16.539105820993427
49;12000;commutes_with;pauliarray;16.462293963006232
50;12000;commutes_with;pauliarray;9.898612757970113
51;12000;commutes_with;pauliarray;16.253027610946447
52;12000;commutes_with;pauliarray;16.178595139004756
53;12000;commutes_with;pauliarray;16.140753149986267
54;12000;commutes_with;pauliarray;16.310360145987943
55;12000;commutes_with;pauliarray;16.191900662030093
56;12000;commutes_with;pauliarray;16.376542887010146
57;12000;commutes_with;pauliarray;8.819299453985877
58;12000;commutes_with;pauliarray;9.735375568969175
59;12000;commutes_with;pauliarray;9.007465995964594
60;12000;commutes_with;pauliarray;8.758494097972289
61;12000;commutes_with;pauliarray;8.103232319990639
62;12000;commutes_with;pauliarray;16.315497050003614
63;12000;commutes_with;pauliarray;16.12176264001755
64;12000;commutes_with;pauliarray;16.27769282797817
65;12000;commutes_with;pauliarray;16.501940361980814
66;12000;commutes_with;pauliarray;9.571092653961387
67;12000;commutes_with;pauliarray;8.660978438041639
68;12000;commutes_with;pauliarray;9.641582289012149
69;12000;commutes_with;pauliarray;16.243020093999803
70;12000;commutes_with;pauliarray;16.27407582901651
71;12000;commutes_with;pauliarray;16.114285056013614
72;12000;commutes_with;pauliarray;16.417632592027076
73;12000;commutes_with;pauliarray;8.014865792996716
74;12000;commutes_with;pauliarray;12.37430702400161
75;12000;commutes_with;pauliarray;8.925356597988866
76;12000;commutes_with;pauliarray;8.693760489055421
77;12000;commutes_with;pauliarray;8.267852288030554
78;12000;commutes_with;pauliarray;9.428318151971325
79;12000;commutes_with;pauliarray;9.236454928992316
80;12000;commutes_with;pauliarray;8.494334437011275
81;12000;commutes_with;pauliarray;8.988854156981688
82;12000;commutes_with;pauliarray;16.066734248015564
83;12000;commutes_with;pauliarray;15.92773513298016
84;12000;commutes_with;pauliarray;16.10880843695486
85;12000;commutes_with;pauliarray;16.088312289037276
86;12000;commutes_with;pauliarray;8.580644336994737
87;12000;commutes_with;pauliarray;8.570944774954114
88;12000;commutes_with;pauliarray;8.304043893003836
89;12000;commutes_with;pauliarray;8.59774700802518
90;12000;commutes_with;pauliarray;8.931682764028665
91;12000;commutes_with;pauliarray;8.876106534036808
92;12000;commutes_with;pauliarray;16.114301023015287
93;12000;commutes_with;pauliarray;16.149061432050075
94;12000;commutes_with;pauliarray;16.366774085036013
95;12000;commutes_with;pauliarray;16.35935788601637
96;12000;commutes_with;pauliarray;16.14712061197497
97;12000;commutes_with;pauliarray;16.192509040003642
98;12000;commutes_with;pauliarray;16.307072032010183
99;12000;commutes_with;pauliarray;16.240810052957386
100;12000;commutes_with;pauliarray;16.235213244974148
1;10;commutes_with;pauliengine;0.05644503002986312
2;10;commutes_with;pauliengine;0.052631020022090524
3;10;commutes_with;pauliengine;0.07657498196931556
4;10;commutes_with;pauliengine;0.07537201599916443
5;10;commutes_with;pauliengine;0.07854476198554039
6;10;commutes_with;pauliengine;0.07495712698437274
7;10;commutes_with;pauliengine;0.07442076195729896
8;10;commutes_with;pauliengine;0.07838552503380924
9;10;commutes_with;pauliengine;0.07609637500718236
10;10;commutes_with;pauliengine;0.06589914800133556
11;10;commutes_with;pauliengine;0.05237832298735157
12;10;commutes_with;pauliengine;0.051983548037242144
13;10;commutes_with;pauliengine;0.052241369034163654
14;10;commutes_with;pauliengine;0.07850374898407608
15;10;commutes_with;pauliengine;0.08225088199833408
16;10;commutes_with;pauliengine;0.07961520698154345
17;10;commutes_with;pauliengine;0.07860587898176163
18;10;commutes_with;pauliengine;0.05406264198245481
19;10;commutes_with;pauliengine;0.07749040995258838
20;10;commutes_with;pauliengine;0.07609924703137949
21;10;commutes_with;pauliengine;0.07336141599807888
22;10;commutes_with;pauliengine;0.0735518679721281
23;10;commutes_with;pauliengine;0.077976303989999
24;10;commutes_with;pauliengine;0.0801156529923901
25;10;commutes_with;pauliengine;0.06492300401441753
26;10;commutes_with;pauliengine;0.09117541695013642
27;10;commutes_with;pauliengine;0.07668136403663084
28;10;commutes_with;pauliengine;0.0759412589832209
29;10;commutes_with;pauliengine;0.07507421297486871
30;10;commutes_with;pauliengine;0.07608197903027758
31;10;commutes_with;pauliengine;0.07858765503624454
32;10;commutes_with;pauliengine;0.07995310501428321
33;10;commutes_with;pauliengine;0.07431319105671719
34;10;commutes_with;pauliengine;0.07603240798925981
35;10;commutes_with;pauliengine;0.0779687610338442
36;10;commutes_with;pauliengine;0.07791166100651026
37;10;commutes_with;pauliengine;0.0738072189851664
38;10;commutes_with;pauliengine;0.08128440397558734
39;10;commutes_with;pauliengine;0.0800521409837529
40;10;commutes_with;pauliengine;0.07760495599359274
41;10;commutes_with;pauliengine;0.07623586698900908
42;10;commutes_with;pauliengine;0.07734869298292324
43;10;commutes_with;pauliengine;0.07799035095376894
44;10;commutes_with;pauliengine;0.0538000040105544
45;10;commutes_with;pauliengine;0.07366031699348241
46;10;commutes_with;pauliengine;0.08270723302848637
47;10;commutes_with;pauliengine;0.07997742498992011
48;10;commutes_with;pauliengine;0.07518183399224654
49;10;commutes_with;pauliengine;0.0755919530056417
50;10;commutes_with;pauliengine;0.07757753296755254
51;10;commutes_with;pauliengine;0.07095481298165396
52;10;commutes_with;pauliengine;0.07567308697616681
53;10;commutes_with;pauliengine;0.0722839169902727
54;10;commutes_with;pauliengine;0.07479636196512729
55;10;commutes_with;pauliengine;0.07773592899320647
56;10;commutes_with;pauliengine;0.08040199003880844
57;10;commutes_with;pauliengine;0.07218262099195272
58;10;commutes_with;pauliengine;0.07287079002708197
59;10;commutes_with;pauliengine;0.07793252996634692
60;10;commutes_with;pauliengine;0.07871309999609366
61;10;commutes_with;pauliengine;0.07082762499339879
62;10;commutes_with;pauliengine;0.05307039199396968
63;10;commutes_with;pauliengine;0.07290347904199734
64;10;commutes_with;pauliengine;0.07431903597898781
65;10;commutes_with;pauliengine;0.0786629130016081
66;10;commutes_with;pauliengine;0.07124904199736193
67;10;commutes_with;pauliengine;0.052276256028562784
68;10;commutes_with;pauliengine;0.055310387047939
69;10;commutes_with;pauliengine;0.11531598900910467
70;10;commutes_with;pauliengine;0.07520616200054064
71;10;commutes_with;pauliengine;0.07398961199214682
72;10;commutes_with;pauliengine;0.07475214300211519
73;10;commutes_with;pauliengine;0.0736473060096614
74;10;commutes_with;pauliengine;0.07222118304343894
75;10;commutes_with;pauliengine;0.05253760400228202
76;10;commutes_with;pauliengine;0.07302784902276471
77;10;commutes_with;pauliengine;0.07625057100085542
78;10;commutes_with;pauliengine;0.07758032000856474
79;10;commutes_with;pauliengine;0.07330847799312323
80;10;commutes_with;pauliengine;0.08056780503829941
81;10;commutes_with;pauliengine;0.08642142097232863
82;10;commutes_with;pauliengine;0.06950908899307251
83;10;commutes_with;pauliengine;0.07347983197541907
84;10;commutes_with;pauliengine;0.05177586496574804
85;10;commutes_with;pauliengine;0.0748172239982523
86;10;commutes_with;pauliengine;0.08228743000654504
87;10;commutes_with;pauliengine;0.06000137701630592
88;10;commutes_with;pauliengine;0.11478905397234485
89;10;commutes_with;pauliengine;0.05209441902115941
90;10;commutes_with;pauliengine;0.07957050995901227
91;10;commutes_with;pauliengine;0.052478844998404384
92;10;commutes_with;pauliengine;0.05167264200281352
93;10;commutes_with;pauliengine;0.07544694398529828
94;10;commutes_with;pauliengine;0.0751295950030908
95;10;commutes_with;pauliengine;0.07745523098856211
96;10;commutes_with;pauliengine;0.07739686500281096
97;10;commutes_with;pauliengine;0.07905959902564064
98;10;commutes_with;pauliengine;0.07464166398858652
99;10;commutes_with;pauliengine;0.08064386097248644
100;10;commutes_with;pauliengine;0.07723868702305481
1;100;commutes_with;pauliengine;0.053784224030096084
2;100;commutes_with;pauliengine;0.058770823990926147
3;100;commutes_with;pauliengine;0.07703648397000507
4;100;commutes_with;pauliengine;0.0734085239819251
5;100;commutes_with;pauliengine;0.07880202803062275
6;100;commutes_with;pauliengine;0.08267726196208969
7;100;commutes_with;pauliengine;0.0764548479928635
8;100;commutes_with;pauliengine;0.07042135199299082
9;100;commutes_with;pauliengine;0.07568064797669649
10;100;commutes_with;pauliengine;0.08723005099454895
11;100;commutes_with;pauliengine;0.0543378540314734
12;100;commutes_with;pauliengine;0.05278417904628441
13;100;commutes_with;pauliengine;0.05509811994852498
14;100;commutes_with;pauliengine;0.08674693398643285
15;100;commutes_with;pauliengine;0.08040359296137467
16;100;commutes_with;pauliengine;0.08083191997138783
17;100;commutes_with;pauliengine;0.07154595799511299
18;100;commutes_with;pauliengine;0.05632435204461217
19;100;commutes_with;pauliengine;0.0757578180055134
20;100;commutes_with;pauliengine;0.07489915698533878
21;100;commutes_with;pauliengine;0.084806370025035
22;100;commutes_with;pauliengine;0.07476232299814001
23;100;commutes_with;pauliengine;0.07245076500112191
24;100;commutes_with;pauliengine;0.06194290705025196
25;100;commutes_with;pauliengine;0.06441549299051985
26;100;commutes_with;pauliengine;0.06687524099834263
27;100;commutes_with;pauliengine;0.05657616502139717
28;100;commutes_with;pauliengine;0.07691501098452136
29;100;commutes_with;pauliengine;0.07576898398110643
30;100;commutes_with;pauliengine;0.08088876400142908
31;100;commutes_with;pauliengine;0.08086679701227695
32;100;commutes_with;pauliengine;0.07981951499823481
33;100;commutes_with;pauliengine;0.08431029500206932
34;100;commutes_with;pauliengine;0.07856262003770098
35;100;commutes_with;pauliengine;0.07852555601857603
36;100;commutes_with;pauliengine;0.08474932902026922
37;100;commutes_with;pauliengine;0.07946436299243942
38;100;commutes_with;pauliengine;0.07910791999893263
39;100;commutes_with;pauliengine;0.08190623298287392
40;100;commutes_with;pauliengine;0.08466782700270414
41;100;commutes_with;pauliengine;0.07448316103545949
42;100;commutes_with;pauliengine;0.07769908098271117
43;100;commutes_with;pauliengine;0.07645038602640852
44;100;commutes_with;pauliengine;0.05428803700488061
45;100;commutes_with;pauliengine;0.08197877404745668
46;100;commutes_with;pauliengine;0.07768372702412307
47;100;commutes_with;pauliengine;0.08269513898994774
48;100;commutes_with;pauliengine;0.07672546396497637
49;100;commutes_with;pauliengine;0.08181458298349753
50;100;commutes_with;pauliengine;0.07908120198408142
51;100;commutes_with;pauliengine;0.08053427399136126
52;100;commutes_with;pauliengine;0.07947804901050404
53;100;commutes_with;pauliengine;0.07971378200454637
54;100;commutes_with;pauliengine;0.07817874097963795
55;100;commutes_with;pauliengine;0.08091610699193552
56;100;commutes_with;pauliengine;0.08928183902753517
57;100;commutes_with;pauliengine;0.07833998097339645
58;100;commutes_with;pauliengine;0.0774351290310733
59;100;commutes_with;pauliengine;0.07742084498750046
60;100;commutes_with;pauliengine;0.0790134389535524
61;100;commutes_with;pauliengine;0.07439406600315124
62;100;commutes_with;pauliengine;0.07911931001581252
63;100;commutes_with;pauliengine;0.08127425302518532
64;100;commutes_with;pauliengine;0.0825394950225018
65;100;commutes_with;pauliengine;0.0765229290118441
66;100;commutes_with;pauliengine;0.08167535101529211
67;100;commutes_with;pauliengine;0.053586608031764627
68;100;commutes_with;pauliengine;0.07783800101606175
69;100;commutes_with;pauliengine;0.054274302965495735
70;100;commutes_with;pauliengine;0.08289917395450175
71;100;commutes_with;pauliengine;0.08212102600373328
72;100;commutes_with;pauliengine;0.07907656498719007
73;100;commutes_with;pauliengine;0.07670837600016966
74;100;commutes_with;pauliengine;0.068037239019759
75;100;commutes_with;pauliengine;0.0530605610110797
76;100;commutes_with;pauliengine;0.05279117199825123
77;100;commutes_with;pauliengine;0.052410531032364815
78;100;commutes_with;pauliengine;0.08119588298723102
79;100;commutes_with;pauliengine;0.07855978299630806
80;100;commutes_with;pauliengine;0.07862172299064696
81;100;commutes_with;pauliengine;0.052777691977098584
82;100;commutes_with;pauliengine;0.08208462502807379
83;100;commutes_with;pauliengine;0.08611607400234789
84;100;commutes_with;pauliengine;0.05975308798952028
85;100;commutes_with;pauliengine;0.07865331502398476
86;100;commutes_with;pauliengine;0.08286674501141533
87;100;commutes_with;pauliengine;0.05346810398623347
88;100;commutes_with;pauliengine;0.12179768097121269
89;100;commutes_with;pauliengine;0.05247145501198247
90;100;commutes_with;pauliengine;0.0760986739769578
91;100;commutes_with;pauliengine;0.07590351201361045
92;100;commutes_with;pauliengine;0.05333612801041454
93;100;commutes_with;pauliengine;0.0791490999981761
94;100;commutes_with;pauliengine;0.07405002997256815
95;100;commutes_with;pauliengine;0.07909162301803008
96;100;commutes_with;pauliengine;0.07328031898941845
97;100;commutes_with;pauliengine;0.07669898902531713
98;100;commutes_with;pauliengine;0.07501467899419367
99;100;commutes_with;pauliengine;0.07507459801854566
100;100;commutes_with;pauliengine;0.07748377800453454
1;1000;commutes_with;pauliengine;0.09647319698706269
2;1000;commutes_with;pauliengine;0.06254446698585525
3;1000;commutes_with;pauliengine;0.09657169703859836
4;1000;commutes_with;pauliengine;0.08819923497503623
5;1000;commutes_with;pauliengine;0.09747440600767732
6;1000;commutes_with;pauliengine;0.091160008974839
7;1000;commutes_with;pauliengine;0.10264793504029512
8;1000;commutes_with;pauliengine;0.09610723896184936
9;1000;commutes_with;pauliengine;0.09037363098468632
10;1000;commutes_with;pauliengine;0.10810458997730166
11;1000;commutes_with;pauliengine;0.08992177696200088
12;1000;commutes_with;pauliengine;0.06131628999719396
13;1000;commutes_with;pauliengine;0.09380922297714278
14;1000;commutes_with;pauliengine;0.09817681595450267
15;1000;commutes_with;pauliengine;0.09519033401738852
16;1000;commutes_with;pauliengine;0.09877498599234968
17;1000;commutes_with;pauliengine;0.08724601101130247
18;1000;commutes_with;pauliengine;0.06453665700973943
19;1000;commutes_with;pauliengine;0.09309004800161347
20;1000;commutes_with;pauliengine;0.09085396298905835
21;1000;commutes_with;pauliengine;0.09436313598416746
22;1000;commutes_with;pauliengine;0.09276750299613923
23;1000;commutes_with;pauliengine;0.09646394703304395
24;1000;commutes_with;pauliengine;0.08570007001981139
25;1000;commutes_with;pauliengine;0.09713470301358029
26;1000;commutes_with;pauliengine;0.09389357396867126
27;1000;commutes_with;pauliengine;0.09384655597386882
28;1000;commutes_with;pauliengine;0.08960315497824922
29;1000;commutes_with;pauliengine;0.0938488160027191
30;1000;commutes_with;pauliengine;0.09832242800621316
31;1000;commutes_with;pauliengine;0.0908099899534136
32;1000;commutes_with;pauliengine;0.09845336503349245
33;1000;commutes_with;pauliengine;0.10381729598157108
34;1000;commutes_with;pauliengine;0.09401113202329725
35;1000;commutes_with;pauliengine;0.09933459298918024
36;1000;commutes_with;pauliengine;0.0970604179892689
37;1000;commutes_with;pauliengine;0.09974520100513473
38;1000;commutes_with;pauliengine;0.09401510201860219
39;1000;commutes_with;pauliengine;0.10278647596715018
40;1000;commutes_with;pauliengine;0.09070971899200231
41;1000;commutes_with;pauliengine;0.09565485699567944
42;1000;commutes_with;pauliengine;0.0988070959574543
43;1000;commutes_with;pauliengine;0.09837226499803364
44;1000;commutes_with;pauliengine;0.0625149070401676
45;1000;commutes_with;pauliengine;0.09026391798397526
46;1000;commutes_with;pauliengine;0.0945133629720658
47;1000;commutes_with;pauliengine;0.09339765197364613
48;1000;commutes_with;pauliengine;0.08799554599681869
49;1000;commutes_with;pauliengine;0.09910819499054924
50;1000;commutes_with;pauliengine;0.09915189002640545
51;1000;commutes_with;pauliengine;0.10470778599847108
52;1000;commutes_with;pauliengine;0.09815235895803198
53;1000;commutes_with;pauliengine;0.09903827897505835
54;1000;commutes_with;pauliengine;0.09182942903134972
55;1000;commutes_with;pauliengine;0.09334962401771918
56;1000;commutes_with;pauliengine;0.10021369002060965
57;1000;commutes_with;pauliengine;0.09382138500222936
58;1000;commutes_with;pauliengine;0.09581899299519137
59;1000;commutes_with;pauliengine;0.06172853399766609
60;1000;commutes_with;pauliengine;0.09427008096827194
61;1000;commutes_with;pauliengine;0.08802415197715163
62;1000;commutes_with;pauliengine;0.06926420895615593
63;1000;commutes_with;pauliengine;0.09107076399959624
64;1000;commutes_with;pauliengine;0.09075799095444381
65;1000;commutes_with;pauliengine;0.10362786898622289
66;1000;commutes_with;pauliengine;0.09032993100117892
67;1000;commutes_with;pauliengine;0.06113834504503757
68;1000;commutes_with;pauliengine;0.06235036300495267
69;1000;commutes_with;pauliengine;0.06774120399495587
70;1000;commutes_with;pauliengine;0.09167786000762135
71;1000;commutes_with;pauliengine;0.09439682896481827
72;1000;commutes_with;pauliengine;0.09560978400986642
73;1000;commutes_with;pauliengine;0.09283151500858366
74;1000;commutes_with;pauliengine;0.06261583894956857
75;1000;commutes_with;pauliengine;0.06738848402164876
76;1000;commutes_with;pauliengine;0.06348560500191525
77;1000;commutes_with;pauliengine;0.06396471796324477
78;1000;commutes_with;pauliengine;0.093254558974877
79;1000;commutes_with;pauliengine;0.061358623031992465
80;1000;commutes_with;pauliengine;0.06390731502324343
81;1000;commutes_with;pauliengine;0.06205541896633804
82;1000;commutes_with;pauliengine;0.09053750295424834
83;1000;commutes_with;pauliengine;0.09531695599434897
84;1000;commutes_with;pauliengine;0.07801272097276524
85;1000;commutes_with;pauliengine;0.09014074201695621
86;1000;commutes_with;pauliengine;0.062283218023367226
87;1000;commutes_with;pauliengine;0.06284049601526931
88;1000;commutes_with;pauliengine;0.09290071501163766
89;1000;commutes_with;pauliengine;0.12324283202178776
90;1000;commutes_with;pauliengine;0.06124580302275717
91;1000;commutes_with;pauliengine;0.09277587197721004
92;1000;commutes_with;pauliengine;0.061859511013608426
93;1000;commutes_with;pauliengine;0.09654417203273624
94;1000;commutes_with;pauliengine;0.09136123798089102
95;1000;commutes_with;pauliengine;0.09450181596912444
96;1000;commutes_with;pauliengine;0.0944007930229418
97;1000;commutes_with;pauliengine;0.09302902698982507
98;1000;commutes_with;pauliengine;0.09312996902735904
99;1000;commutes_with;pauliengine;0.09684158995514736
100;1000;commutes_with;pauliengine;0.09240644401870668
1;3000;commutes_with;pauliengine;0.11651374498615041
2;3000;commutes_with;pauliengine;0.07651877199532464
3;3000;commutes_with;pauliengine;0.12678538402542472
4;3000;commutes_with;pauliengine;0.10888602095656097
5;3000;commutes_with;pauliengine;0.11260013503488153
6;3000;commutes_with;pauliengine;0.1090049099875614
7;3000;commutes_with;pauliengine;0.1123237750143744
8;3000;commutes_with;pauliengine;0.1152802929864265
9;3000;commutes_with;pauliengine;0.12109879602212459
10;3000;commutes_with;pauliengine;0.17862093297298998
11;3000;commutes_with;pauliengine;0.11457421100931242
12;3000;commutes_with;pauliengine;0.08464147697668523
13;3000;commutes_with;pauliengine;0.15725634497357532
14;3000;commutes_with;pauliengine;0.11171123798703775
15;3000;commutes_with;pauliengine;0.11330215801717713
16;3000;commutes_with;pauliengine;0.11128936597378924
17;3000;commutes_with;pauliengine;0.1146140539785847
18;3000;commutes_with;pauliengine;0.12946122395806015
19;3000;commutes_with;pauliengine;0.11781482602236792
20;3000;commutes_with;pauliengine;0.11820944299688563
21;3000;commutes_with;pauliengine;0.108783476985991
22;3000;commutes_with;pauliengine;0.1191733839805238
23;3000;commutes_with;pauliengine;0.11885583802359179
24;3000;commutes_with;pauliengine;0.08487186802085489
25;3000;commutes_with;pauliengine;0.08045258303172886
26;3000;commutes_with;pauliengine;0.0757456700084731
27;3000;commutes_with;pauliengine;0.11324041901389137
28;3000;commutes_with;pauliengine;0.11605599103495479
29;3000;commutes_with;pauliengine;0.08461282501230016
30;3000;commutes_with;pauliengine;0.12418249697657302
31;3000;commutes_with;pauliengine;0.11748140101553872
32;3000;commutes_with;pauliengine;0.12204576900694519
33;3000;commutes_with;pauliengine;0.11971983301918954
34;3000;commutes_with;pauliengine;0.11932440503733233
35;3000;commutes_with;pauliengine;0.11439085501478985
36;3000;commutes_with;pauliengine;0.12064031499903649
37;3000;commutes_with;pauliengine;0.11681015399517491
38;3000;commutes_with;pauliengine;0.1087762099923566
39;3000;commutes_with;pauliengine;0.11741122498642653
40;3000;commutes_with;pauliengine;0.11522436799714342
41;3000;commutes_with;pauliengine;0.11532689305022359
42;3000;commutes_with;pauliengine;0.11944289697567001
43;3000;commutes_with;pauliengine;0.11783783201826736
44;3000;commutes_with;pauliengine;0.07811374997254461
45;3000;commutes_with;pauliengine;0.11130172602133825
46;3000;commutes_with;pauliengine;0.10490135301370174
47;3000;commutes_with;pauliengine;0.11462920001940802
48;3000;commutes_with;pauliengine;0.12131343397777528
49;3000;commutes_with;pauliengine;0.10964047902962193
50;3000;commutes_with;pauliengine;0.11676037003053352
51;3000;commutes_with;pauliengine;0.07726261497009546
52;3000;commutes_with;pauliengine;0.11373615398770198
53;3000;commutes_with;pauliengine;0.11664875596761703
54;3000;commutes_with;pauliengine;0.11197256704326719
55;3000;commutes_with;pauliengine;0.11191726801916957
56;3000;commutes_with;pauliengine;0.11772753996774554
57;3000;commutes_with;pauliengine;0.10766315000364557
58;3000;commutes_with;pauliengine;0.11174231203040108
59;3000;commutes_with;pauliengine;0.07686802803073078
60;3000;commutes_with;pauliengine;0.10792757902527228
61;3000;commutes_with;pauliengine;0.10788178199436516
62;3000;commutes_with;pauliengine;0.07464891497511417
63;3000;commutes_with;pauliengine;0.10930980299599469
64;3000;commutes_with;pauliengine;0.11399907595477998
65;3000;commutes_with;pauliengine;0.11104531603632495
66;3000;commutes_with;pauliengine;0.11161165998782963
67;3000;commutes_with;pauliengine;0.0837111430009827
68;3000;commutes_with;pauliengine;0.11084228503750637
69;3000;commutes_with;pauliengine;0.09065185498911887
70;3000;commutes_with;pauliengine;0.1083847819827497
71;3000;commutes_with;pauliengine;0.10693883500061929
72;3000;commutes_with;pauliengine;0.1201349280308932
73;3000;commutes_with;pauliengine;0.1111743799992837
74;3000;commutes_with;pauliengine;0.0760826530167833
75;3000;commutes_with;pauliengine;0.07465728902025148
76;3000;commutes_with;pauliengine;0.07830766699044034
77;3000;commutes_with;pauliengine;0.08216521597933024
78;3000;commutes_with;pauliengine;0.11010284803342074
79;3000;commutes_with;pauliengine;0.07353617600165308
80;3000;commutes_with;pauliengine;0.0798741279868409
81;3000;commutes_with;pauliengine;0.09079843800282106
82;3000;commutes_with;pauliengine;0.11162452696589753
83;3000;commutes_with;pauliengine;0.11318731599021703
84;3000;commutes_with;pauliengine;0.07387833297252655
85;3000;commutes_with;pauliengine;0.11799178394721821
86;3000;commutes_with;pauliengine;0.07701736997114494
87;3000;commutes_with;pauliengine;0.07682095898780972
88;3000;commutes_with;pauliengine;0.07775455096270889
89;3000;commutes_with;pauliengine;0.1306366620119661
90;3000;commutes_with;pauliengine;0.08337540202774107
91;3000;commutes_with;pauliengine;0.09771046100649983
92;3000;commutes_with;pauliengine;0.08443572203395888
93;3000;commutes_with;pauliengine;0.10766388202318922
94;3000;commutes_with;pauliengine;0.10698063601739705
95;3000;commutes_with;pauliengine;0.11123318900354207
96;3000;commutes_with;pauliengine;0.10972558899084106
97;3000;commutes_with;pauliengine;0.11253648396814242
98;3000;commutes_with;pauliengine;0.11664409702643752
99;3000;commutes_with;pauliengine;0.11196820600889623
100;3000;commutes_with;pauliengine;0.11789128300733864
1;6000;commutes_with;pauliengine;0.1454611829831265
2;6000;commutes_with;pauliengine;0.1431743529974483
3;6000;commutes_with;pauliengine;0.14377147500636056
4;6000;commutes_with;pauliengine;0.14704870502464473
5;6000;commutes_with;pauliengine;0.13693565997527912
6;6000;commutes_with;pauliengine;0.13604001101339236
7;6000;commutes_with;pauliengine;0.13693496497580782
8;6000;commutes_with;pauliengine;0.13895463501103222
9;6000;commutes_with;pauliengine;0.14318166498560458
10;6000;commutes_with;pauliengine;0.09668130101636052
11;6000;commutes_with;pauliengine;0.14203438098775223
12;6000;commutes_with;pauliengine;0.09793568798340857
13;6000;commutes_with;pauliengine;0.1022476379876025
14;6000;commutes_with;pauliengine;0.14712348603643477
15;6000;commutes_with;pauliengine;0.15330739796627313
16;6000;commutes_with;pauliengine;0.14184176904382184
17;6000;commutes_with;pauliengine;0.14104761002818123
18;6000;commutes_with;pauliengine;0.10013062501093373
19;6000;commutes_with;pauliengine;0.13933070097118616
20;6000;commutes_with;pauliengine;0.13843983900733292
21;6000;commutes_with;pauliengine;0.13507113698869944
22;6000;commutes_with;pauliengine;0.14941321196965873
23;6000;commutes_with;pauliengine;0.14741191500797868
24;6000;commutes_with;pauliengine;0.09534709202125669
25;6000;commutes_with;pauliengine;0.0993233069893904
26;6000;commutes_with;pauliengine;0.09716126002604142
27;6000;commutes_with;pauliengine;0.13235838804394007
28;6000;commutes_with;pauliengine;0.13512265699682757
29;6000;commutes_with;pauliengine;0.09813428501365706
30;6000;commutes_with;pauliengine;0.13830085296649486
31;6000;commutes_with;pauliengine;0.13641346502117813
32;6000;commutes_with;pauliengine;0.15500329597853124
33;6000;commutes_with;pauliengine;0.14070938504301012
34;6000;commutes_with;pauliengine;0.14399812399642542
35;6000;commutes_with;pauliengine;0.13860711199231446
36;6000;commutes_with;pauliengine;0.1407807589857839
37;6000;commutes_with;pauliengine;0.14573933999054134
38;6000;commutes_with;pauliengine;0.14312802301719785
39;6000;commutes_with;pauliengine;0.1429769960232079
40;6000;commutes_with;pauliengine;0.13978230097563937
41;6000;commutes_with;pauliengine;0.14701216301182285
42;6000;commutes_with;pauliengine;0.14586069202050567
43;6000;commutes_with;pauliengine;0.13921213400317356
44;6000;commutes_with;pauliengine;0.10710411501349881
45;6000;commutes_with;pauliengine;0.1013576160185039
46;6000;commutes_with;pauliengine;0.13791754201520234
47;6000;commutes_with;pauliengine;0.15099077596096322
48;6000;commutes_with;pauliengine;0.13905966497259215
49;6000;commutes_with;pauliengine;0.1461840919801034
50;6000;commutes_with;pauliengine;0.13210461504058912
51;6000;commutes_with;pauliengine;0.09521328599657863
52;6000;commutes_with;pauliengine;0.14823759201681241
53;6000;commutes_with;pauliengine;0.13707033399259672
54;6000;commutes_with;pauliengine;0.14123151503736153
55;6000;commutes_with;pauliengine;0.1295156819978729
56;6000;commutes_with;pauliengine;0.15246180398389697
57;6000;commutes_with;pauliengine;0.1389029989950359
58;6000;commutes_with;pauliengine;0.1395358420559205
59;6000;commutes_with;pauliengine;0.19312035397160798
60;6000;commutes_with;pauliengine;0.1449169300030917
61;6000;commutes_with;pauliengine;0.14845971501199529
62;6000;commutes_with;pauliengine;0.10161902097752318
63;6000;commutes_with;pauliengine;0.1452825769665651
64;6000;commutes_with;pauliengine;0.09586538898292929
65;6000;commutes_with;pauliengine;0.13357394404010847
66;6000;commutes_with;pauliengine;0.13817526400089264
67;6000;commutes_with;pauliengine;0.19934400101192296
68;6000;commutes_with;pauliengine;0.09822883404558524
69;6000;commutes_with;pauliengine;0.16685392800718546
70;6000;commutes_with;pauliengine;0.14026474399724975
71;6000;commutes_with;pauliengine;0.14596533600706607
72;6000;commutes_with;pauliengine;0.14572194998618215
73;6000;commutes_with;pauliengine;0.143781840975862
74;6000;commutes_with;pauliengine;0.13774189597461373
75;6000;commutes_with;pauliengine;0.09705895400838926
76;6000;commutes_with;pauliengine;0.13845490798121318
77;6000;commutes_with;pauliengine;0.14224021800328046
78;6000;commutes_with;pauliengine;0.14234819397097453
79;6000;commutes_with;pauliengine;0.13187181804096326
80;6000;commutes_with;pauliengine;0.09659962303703651
81;6000;commutes_with;pauliengine;0.14966355299111456
82;6000;commutes_with;pauliengine;0.13284968299558386
83;6000;commutes_with;pauliengine;0.14514801499899477
84;6000;commutes_with;pauliengine;0.0966356560238637
85;6000;commutes_with;pauliengine;0.13792905799346045
86;6000;commutes_with;pauliengine;0.09575290000066161
87;6000;commutes_with;pauliengine;0.13475252001080662
88;6000;commutes_with;pauliengine;0.1418634530273266
89;6000;commutes_with;pauliengine;0.14098599000135437
90;6000;commutes_with;pauliengine;0.13639794901246205
91;6000;commutes_with;pauliengine;0.1416778769926168
92;6000;commutes_with;pauliengine;0.1422897859592922
93;6000;commutes_with;pauliengine;0.14244992198655382
94;6000;commutes_with;pauliengine;0.13738133298465982
95;6000;commutes_with;pauliengine;0.13321855099638924
96;6000;commutes_with;pauliengine;0.1422957479953766
97;6000;commutes_with;pauliengine;0.14252340700477362
98;6000;commutes_with;pauliengine;0.13928845099871978
99;6000;commutes_with;pauliengine;0.13310166797600687
100;6000;commutes_with;pauliengine;0.14152473700232804
1;8000;commutes_with;pauliengine;0.10892383003374562
2;8000;commutes_with;pauliengine;0.16083867999259382
3;8000;commutes_with;pauliengine;0.15546547895064577
4;8000;commutes_with;pauliengine;0.1562021189602092
5;8000;commutes_with;pauliengine;0.16127393202623352
6;8000;commutes_with;pauliengine;0.15796874900115654
7;8000;commutes_with;pauliengine;0.1665253599639982
8;8000;commutes_with;pauliengine;0.1565494469832629
9;8000;commutes_with;pauliengine;0.16133254603482783
10;8000;commutes_with;pauliengine;0.11352988000726327
11;8000;commutes_with;pauliengine;0.1605847610044293
12;8000;commutes_with;pauliengine;0.12112026702379808
13;8000;commutes_with;pauliengine;0.10737639904255047
14;8000;commutes_with;pauliengine;0.15169325203169137
15;8000;commutes_with;pauliengine;0.16135397797916085
16;8000;commutes_with;pauliengine;0.1505208979942836
17;8000;commutes_with;pauliengine;0.15587728598620743
18;8000;commutes_with;pauliengine;0.16441093798493966
19;8000;commutes_with;pauliengine;0.1648371240007691
20;8000;commutes_with;pauliengine;0.1678449499886483
21;8000;commutes_with;pauliengine;0.15298406302463263
22;8000;commutes_with;pauliengine;0.1601326700183563
23;8000;commutes_with;pauliengine;0.11820413899840787
24;8000;commutes_with;pauliengine;0.11051769799087197
25;8000;commutes_with;pauliengine;0.11152827501064166
26;8000;commutes_with;pauliengine;0.10789556498639286
27;8000;commutes_with;pauliengine;0.17003086698241532
28;8000;commutes_with;pauliengine;0.16729130904423073
29;8000;commutes_with;pauliengine;0.11641929903998971
30;8000;commutes_with;pauliengine;0.15309045900357887
31;8000;commutes_with;pauliengine;0.11032944900216535
32;8000;commutes_with;pauliengine;0.16675671801203862
33;8000;commutes_with;pauliengine;0.1643672960344702
34;8000;commutes_with;pauliengine;0.16136502899462357
35;8000;commutes_with;pauliengine;0.15670105599565431
36;8000;commutes_with;pauliengine;0.1659504600102082
37;8000;commutes_with;pauliengine;0.16449772397754714
38;8000;commutes_with;pauliengine;0.1661397370044142
39;8000;commutes_with;pauliengine;0.17896118096541613
40;8000;commutes_with;pauliengine;0.16337602597195655
41;8000;commutes_with;pauliengine;0.16301888797897846
42;8000;commutes_with;pauliengine;0.16114061104599386
43;8000;commutes_with;pauliengine;0.15434551803627983
44;8000;commutes_with;pauliengine;0.16166581201832741
45;8000;commutes_with;pauliengine;0.16175364702939987
46;8000;commutes_with;pauliengine;0.16320963198086247
47;8000;commutes_with;pauliengine;0.1660251980065368
48;8000;commutes_with;pauliengine;0.15890556597150862
49;8000;commutes_with;pauliengine;0.15458387101534754
50;8000;commutes_with;pauliengine;0.15265793597791344
51;8000;commutes_with;pauliengine;0.1148709409753792
52;8000;commutes_with;pauliengine;0.16416252998169512
53;8000;commutes_with;pauliengine;0.16464789700694382
54;8000;commutes_with;pauliengine;0.159858659026213
55;8000;commutes_with;pauliengine;0.16385932604316622
56;8000;commutes_with;pauliengine;0.16002919501625001
57;8000;commutes_with;pauliengine;0.16163495101500303
58;8000;commutes_with;pauliengine;0.1603855069843121
59;8000;commutes_with;pauliengine;0.14387466001790017
60;8000;commutes_with;pauliengine;0.16300513100577518
61;8000;commutes_with;pauliengine;0.15392990101827309
62;8000;commutes_with;pauliengine;0.17447634699055925
63;8000;commutes_with;pauliengine;0.1605369650060311
64;8000;commutes_with;pauliengine;0.11313391098519787
65;8000;commutes_with;pauliengine;0.16405701998155564
66;8000;commutes_with;pauliengine;0.11052184604341164
67;8000;commutes_with;pauliengine;0.10952953697415069
68;8000;commutes_with;pauliengine;0.10721250798087567
69;8000;commutes_with;pauliengine;0.24868705798871815
70;8000;commutes_with;pauliengine;0.1587288409937173
71;8000;commutes_with;pauliengine;0.15718671900685877
72;8000;commutes_with;pauliengine;0.16006874601589516
73;8000;commutes_with;pauliengine;0.16791000100784004
74;8000;commutes_with;pauliengine;0.16094319202238694
75;8000;commutes_with;pauliengine;0.1351472390233539
76;8000;commutes_with;pauliengine;0.10966201103292406
77;8000;commutes_with;pauliengine;0.260172225011047
78;8000;commutes_with;pauliengine;0.16020514705451205
79;8000;commutes_with;pauliengine;0.11913521098904312
80;8000;commutes_with;pauliengine;0.10580855997977778
81;8000;commutes_with;pauliengine;0.11429446999682114
82;8000;commutes_with;pauliengine;0.1640783179900609
83;8000;commutes_with;pauliengine;0.15733811998507008
84;8000;commutes_with;pauliengine;0.11104376602452248
85;8000;commutes_with;pauliengine;0.15510102501139045
86;8000;commutes_with;pauliengine;0.16026432398939505
87;8000;commutes_with;pauliengine;0.15781972598051652
88;8000;commutes_with;pauliengine;0.11213152500567958
89;8000;commutes_with;pauliengine;0.16034626500913873
90;8000;commutes_with;pauliengine;0.11011762596899644
91;8000;commutes_with;pauliengine;0.16721670201513916
92;8000;commutes_with;pauliengine;0.15268142003333196
93;8000;commutes_with;pauliengine;0.15285782900173217
94;8000;commutes_with;pauliengine;0.1684136079857126
95;8000;commutes_with;pauliengine;0.1451447500148788
96;8000;commutes_with;pauliengine;0.1598593820235692
97;8000;commutes_with;pauliengine;0.15628875198308378
98;8000;commutes_with;pauliengine;0.16663451096974313
99;8000;commutes_with;pauliengine;0.16318638797383755
100;8000;commutes_with;pauliengine;0.15320789895486087
1;10000;commutes_with;pauliengine;0.15017057699151337
2;10000;commutes_with;pauliengine;0.1471197700011544
3;10000;commutes_with;pauliengine;0.20700180099811405
4;10000;commutes_with;pauliengine;0.21015572000760585
5;10000;commutes_with;pauliengine;0.20245583000360057
6;10000;commutes_with;pauliengine;0.20227157999761403
7;10000;commutes_with;pauliengine;0.20924130600178614
8;10000;commutes_with;pauliengine;0.19831483700545505
9;10000;commutes_with;pauliengine;0.18031728296773508
10;10000;commutes_with;pauliengine;0.19615228899056092
11;10000;commutes_with;pauliengine;0.14079969900194556
12;10000;commutes_with;pauliengine;0.19541543896775693
13;10000;commutes_with;pauliengine;0.14681362104602158
14;10000;commutes_with;pauliengine;0.2173308620112948
15;10000;commutes_with;pauliengine;0.21125990903237835
16;10000;commutes_with;pauliengine;0.1980814959970303
17;10000;commutes_with;pauliengine;0.14239255600841716
18;10000;commutes_with;pauliengine;0.20795919402735308
19;10000;commutes_with;pauliengine;0.1939750780002214
20;10000;commutes_with;pauliengine;0.19019410497276112
21;10000;commutes_with;pauliengine;0.20791395101696253
22;10000;commutes_with;pauliengine;0.2671976659912616
23;10000;commutes_with;pauliengine;0.20182345603825524
24;10000;commutes_with;pauliengine;0.14279797300696373
25;10000;commutes_with;pauliengine;0.16247044497868046
26;10000;commutes_with;pauliengine;0.20404413098003715
27;10000;commutes_with;pauliengine;0.1934057239559479
28;10000;commutes_with;pauliengine;0.20433282799785957
29;10000;commutes_with;pauliengine;0.20001455198507756
30;10000;commutes_with;pauliengine;0.20626777497818694
31;10000;commutes_with;pauliengine;0.20701640099287033
32;10000;commutes_with;pauliengine;0.20107076596468687
33;10000;commutes_with;pauliengine;0.19906738301506266
34;10000;commutes_with;pauliengine;0.20708066096995026
35;10000;commutes_with;pauliengine;0.20648183696903288
36;10000;commutes_with;pauliengine;0.20889824000187218
37;10000;commutes_with;pauliengine;0.2001685630530119
38;10000;commutes_with;pauliengine;0.1993771200068295
39;10000;commutes_with;pauliengine;0.21186680998653173
40;10000;commutes_with;pauliengine;0.19579676201101393
41;10000;commutes_with;pauliengine;0.19346008700085804
42;10000;commutes_with;pauliengine;0.20215402904432267
43;10000;commutes_with;pauliengine;0.14484241500031203
44;10000;commutes_with;pauliengine;0.19398557400563732
45;10000;commutes_with;pauliengine;0.19931776099838316
46;10000;commutes_with;pauliengine;0.19107408699346706
47;10000;commutes_with;pauliengine;0.18465918395668268
48;10000;commutes_with;pauliengine;0.18934568099211901
49;10000;commutes_with;pauliengine;0.19706867000786588
50;10000;commutes_with;pauliengine;0.18901734199607745
51;10000;commutes_with;pauliengine;0.20675392798148096
52;10000;commutes_with;pauliengine;0.1930071489769034
53;10000;commutes_with;pauliengine;0.19297347898827866
54;10000;commutes_with;pauliengine;0.19182595901656896
55;10000;commutes_with;pauliengine;0.20700059097725898
56;10000;commutes_with;pauliengine;0.20074425800703466
57;10000;commutes_with;pauliengine;0.21379804000025615
58;10000;commutes_with;pauliengine;0.19287053996231407
59;10000;commutes_with;pauliengine;0.1686555019696243
60;10000;commutes_with;pauliengine;0.19176405802136287
61;10000;commutes_with;pauliengine;0.14895778195932508
62;10000;commutes_with;pauliengine;0.1967865529586561
63;10000;commutes_with;pauliengine;0.1958653469919227
64;10000;commutes_with;pauliengine;0.1958548980182968
65;10000;commutes_with;pauliengine;0.1997251000138931
66;10000;commutes_with;pauliengine;0.14750916400225833
67;10000;commutes_with;pauliengine;0.21050228702370077
68;10000;commutes_with;pauliengine;0.15581183298490942
69;10000;commutes_with;pauliengine;0.19727713300380856
70;10000;commutes_with;pauliengine;0.18307614099467173
71;10000;commutes_with;pauliengine;0.20009396300883964
72;10000;commutes_with;pauliengine;0.20614637399557978
73;10000;commutes_with;pauliengine;0.14136914600385353
74;10000;commutes_with;pauliengine;0.20330242795171216
75;10000;commutes_with;pauliengine;0.13954950496554375
76;10000;commutes_with;pauliengine;0.1443682939861901
77;10000;commutes_with;pauliengine;0.1930805209558457
78;10000;commutes_with;pauliengine;0.1680773129919544
79;10000;commutes_with;pauliengine;0.20309265900868922
80;10000;commutes_with;pauliengine;0.16534101899014786
81;10000;commutes_with;pauliengine;0.14633428899105638
82;10000;commutes_with;pauliengine;0.18837728403741494
83;10000;commutes_with;pauliengine;0.21116412500850856
84;10000;commutes_with;pauliengine;0.1951709789573215
85;10000;commutes_with;pauliengine;0.19812508497852832
86;10000;commutes_with;pauliengine;0.14437298098346218
87;10000;commutes_with;pauliengine;0.20026342797791585
88;10000;commutes_with;pauliengine;0.3130444569978863
89;10000;commutes_with;pauliengine;0.1437531519914046
90;10000;commutes_with;pauliengine;0.19809666299261153
91;10000;commutes_with;pauliengine;0.17379014199832454
92;10000;commutes_with;pauliengine;0.20802580600138754
93;10000;commutes_with;pauliengine;0.19205576396780089
94;10000;commutes_with;pauliengine;0.1938148619956337
95;10000;commutes_with;pauliengine;0.19772819598438218
96;10000;commutes_with;pauliengine;0.19889902498107404
97;10000;commutes_with;pauliengine;0.1843738819588907
98;10000;commutes_with;pauliengine;0.21228782698744908
99;10000;commutes_with;pauliengine;0.19912750698858872
100;10000;commutes_with;pauliengine;0.1968067130073905
1;12000;commutes_with;pauliengine;0.15844421496149153
2;12000;commutes_with;pauliengine;0.21482348802965134
3;12000;commutes_with;pauliengine;0.23022278596181422
4;12000;commutes_with;pauliengine;0.2275393700110726
5;12000;commutes_with;pauliengine;0.2132559279561974
6;12000;commutes_with;pauliengine;0.22101746703265235
7;12000;commutes_with;pauliengine;0.21314613102003932
8;12000;commutes_with;pauliengine;0.2227921950398013
9;12000;commutes_with;pauliengine;0.15765812096651644
10;12000;commutes_with;pauliengine;0.219554377021268
11;12000;commutes_with;pauliengine;0.15774829901056364
12;12000;commutes_with;pauliengine;0.3336474350071512
13;12000;commutes_with;pauliengine;0.2260169240180403
14;12000;commutes_with;pauliengine;0.20238436199724674
15;12000;commutes_with;pauliengine;0.22808350302511826
16;12000;commutes_with;pauliengine;0.2151312010246329
17;12000;commutes_with;pauliengine;0.1529783250298351
18;12000;commutes_with;pauliengine;0.2206900540040806
19;12000;commutes_with;pauliengine;0.2240093050058931
20;12000;commutes_with;pauliengine;0.22529325197683647
21;12000;commutes_with;pauliengine;0.22379753598943353
22;12000;commutes_with;pauliengine;0.3272129840333946
23;12000;commutes_with;pauliengine;0.19692191295325756
24;12000;commutes_with;pauliengine;0.15738534601405263
25;12000;commutes_with;pauliengine;0.2888495250372216
26;12000;commutes_with;pauliengine;0.15481850801734254
27;12000;commutes_with;pauliengine;0.21625275595579296
28;12000;commutes_with;pauliengine;0.2195666779880412
29;12000;commutes_with;pauliengine;0.21549508796306327
30;12000;commutes_with;pauliengine;0.2297349139698781
31;12000;commutes_with;pauliengine;0.2265499869827181
32;12000;commutes_with;pauliengine;0.21483617497142404
33;12000;commutes_with;pauliengine;0.22076748602557927
34;12000;commutes_with;pauliengine;0.22762146301101893
35;12000;commutes_with;pauliengine;0.22513570298906416
36;12000;commutes_with;pauliengine;0.2162676290026866
37;12000;commutes_with;pauliengine;0.2235774890286848
38;12000;commutes_with;pauliengine;0.21936921001179144
39;12000;commutes_with;pauliengine;0.22524741402594373
40;12000;commutes_with;pauliengine;0.23011712200241163
41;12000;commutes_with;pauliengine;0.2208663399796933
42;12000;commutes_with;pauliengine;0.21362495503854007
43;12000;commutes_with;pauliengine;0.15194313204847276
44;12000;commutes_with;pauliengine;0.2221998469904065
45;12000;commutes_with;pauliengine;0.2169441570295021
46;12000;commutes_with;pauliengine;0.22434804099611938
47;12000;commutes_with;pauliengine;0.2327902379911393
48;12000;commutes_with;pauliengine;0.21016919298563153
49;12000;commutes_with;pauliengine;0.22069021902279928
50;12000;commutes_with;pauliengine;0.2219945000251755
51;12000;commutes_with;pauliengine;0.21779138699639589
52;12000;commutes_with;pauliengine;0.20527352398494259
53;12000;commutes_with;pauliengine;0.22131049196468666
54;12000;commutes_with;pauliengine;0.22890313703101128
55;12000;commutes_with;pauliengine;0.2211617839639075
56;12000;commutes_with;pauliengine;0.22273102798499167
57;12000;commutes_with;pauliengine;0.3286989320185967
58;12000;commutes_with;pauliengine;0.1506788019905798
59;12000;commutes_with;pauliengine;0.16140755801461637
60;12000;commutes_with;pauliengine;0.2162626790232025
61;12000;commutes_with;pauliengine;0.17277349799405783
62;12000;commutes_with;pauliengine;0.22367404302349314
63;12000;commutes_with;pauliengine;0.21113418601453304
64;12000;commutes_with;pauliengine;0.2157421869924292
65;12000;commutes_with;pauliengine;0.22147259302437305
66;12000;commutes_with;pauliengine;0.1595505889854394
67;12000;commutes_with;pauliengine;0.15538571798242629
68;12000;commutes_with;pauliengine;0.17874249594751745
69;12000;commutes_with;pauliengine;0.22252884198678657
70;12000;commutes_with;pauliengine;0.22081990697188303
71;12000;commutes_with;pauliengine;0.22576993802795187
72;12000;commutes_with;pauliengine;0.22212369897169992
73;12000;commutes_with;pauliengine;0.16265064798062667
74;12000;commutes_with;pauliengine;0.15652129700174555
75;12000;commutes_with;pauliengine;0.1916051940061152
76;12000;commutes_with;pauliengine;0.21784001297783107
77;12000;commutes_with;pauliengine;0.17612427100539207
78;12000;commutes_with;pauliengine;0.16194690100383013
79;12000;commutes_with;pauliengine;0.15307746100006625
80;12000;commutes_with;pauliengine;0.24469845095882192
81;12000;commutes_with;pauliengine;0.22961311897961423
82;12000;commutes_with;pauliengine;0.21850044501479715
83;12000;commutes_with;pauliengine;0.2035820449818857
84;12000;commutes_with;pauliengine;0.22497486899374053
85;12000;commutes_with;pauliengine;0.2219413950224407
86;12000;commutes_with;pauliengine;0.23328743100864813
87;12000;commutes_with;pauliengine;0.27128781197825447
88;12000;commutes_with;pauliengine;0.2172285569831729
89;12000;commutes_with;pauliengine;0.15096310002263635
90;12000;commutes_with;pauliengine;0.15515580301871523
91;12000;commutes_with;pauliengine;0.1522009430336766
92;12000;commutes_with;pauliengine;0.21396648598602042
93;12000;commutes_with;pauliengine;0.21201916900463402
94;12000;commutes_with;pauliengine;0.20690337498672307
95;12000;commutes_with;pauliengine;0.23119893501279876
96;12000;commutes_with;pauliengine;0.2212988119572401
97;12000;commutes_with;pauliengine;0.22356755600776523
98;12000;commutes_with;pauliengine;0.21395058097550645
99;12000;commutes_with;pauliengine;0.21452979097375646
100;12000;commutes_with;pauliengine;0.2203115419833921
1;10;multiply;stim;0.40191799495369196
2;10;multiply;stim;0.2687508189701475
3;10;multiply;stim;0.744012348994147
4;10;multiply;stim;0.7503616510075517
5;10;multiply;stim;0.7584984700079076
6;10;multiply;stim;0.7546255019842647
7;10;multiply;stim;0.7403500059735961
8;10;multiply;stim;0.7782072919653729
9;10;multiply;stim;0.7392732599982992
10;10;multiply;stim;0.31530279997969046
11;10;multiply;stim;0.2689714310108684
12;10;multiply;stim;0.2836546080070548
13;10;multiply;stim;0.27350024902261794
14;10;multiply;stim;0.732442295004148
15;10;multiply;stim;0.7460824160370976
16;10;multiply;stim;0.7655442989780568
17;10;multiply;stim;0.7554277440067381
18;10;multiply;stim;0.273881170025561
19;10;multiply;stim;0.7703354869736359
20;10;multiply;stim;0.732866465987172
21;10;multiply;stim;0.7682766009820625
22;10;multiply;stim;0.7690966230002232
23;10;multiply;stim;0.3194691440439783
24;10;multiply;stim;0.3705410889815539
25;10;multiply;stim;0.2622623019851744
26;10;multiply;stim;0.2756427190033719
27;10;multiply;stim;0.4342957409680821
28;10;multiply;stim;0.7453402649844065
29;10;multiply;stim;0.7555021260050125
30;10;multiply;stim;0.28385688102571294
31;10;multiply;stim;0.765031089016702
32;10;multiply;stim;0.7482037610025145
33;10;multiply;stim;0.7278492309851572
34;10;multiply;stim;0.7445244250120595
35;10;multiply;stim;0.7380868680193089
36;10;multiply;stim;0.731594514043536
37;10;multiply;stim;0.7341967619722709
38;10;multiply;stim;0.7446979279629886
39;10;multiply;stim;0.7524667629622854
40;10;multiply;stim;0.7442195079638623
41;10;multiply;stim;0.7411493359832093
42;10;multiply;stim;0.7542494389927015
43;10;multiply;stim;0.7524478840059601
44;10;multiply;stim;0.269913641968742
45;10;multiply;stim;0.7412902700016275
46;10;multiply;stim;0.7450689600082114
47;10;multiply;stim;0.7657562129897997
48;10;multiply;stim;0.7236963119939901
49;10;multiply;stim;0.7430570520227775
50;10;multiply;stim;0.7269620199804194
51;10;multiply;stim;0.7308687270269729
52;10;multiply;stim;0.7509507260401733
53;10;multiply;stim;0.7391561170225032
54;10;multiply;stim;0.7434975360520184
55;10;multiply;stim;0.7620996949844994
56;10;multiply;stim;0.7709765729960054
57;10;multiply;stim;0.7537167789996602
58;10;multiply;stim;0.7620753339724615
59;10;multiply;stim;0.29767139797331765
60;10;multiply;stim;0.7655089169857092
61;10;multiply;stim;0.7684996720054187
62;10;multiply;stim;0.3784002439933829
63;10;multiply;stim;0.7606886429712176
64;10;multiply;stim;0.7199634660501033
65;10;multiply;stim;0.7466873429948464
66;10;multiply;stim;0.7673678319551982
67;10;multiply;stim;0.3890219040331431
68;10;multiply;stim;0.27194246399449185
69;10;multiply;stim;0.5846920289914124
70;10;multiply;stim;0.7632457339786924
71;10;multiply;stim;0.7701440849923529
72;10;multiply;stim;0.7599085769616067
73;10;multiply;stim;0.7664982459973544
74;10;multiply;stim;0.2727054660208523
75;10;multiply;stim;0.29500906699104235
76;10;multiply;stim;0.26271051599178463
77;10;multiply;stim;0.27406680199783295
78;10;multiply;stim;0.27773001696914434
79;10;multiply;stim;0.3439136380329728
80;10;multiply;stim;0.3609719410305843
81;10;multiply;stim;0.33714508899720386
82;10;multiply;stim;0.7613520550075918
83;10;multiply;stim;0.741777672956232
84;10;multiply;stim;0.3126557099749334
85;10;multiply;stim;0.7604515309794806
86;10;multiply;stim;0.7359230929869227
87;10;multiply;stim;0.5399603410041891
88;10;multiply;stim;0.26033603900577873
89;10;multiply;stim;0.2611386600183323
90;10;multiply;stim;0.7453340030042455
91;10;multiply;stim;0.2617330519715324
92;10;multiply;stim;0.44312096800422296
93;10;multiply;stim;0.770724305009935
94;10;multiply;stim;0.7536619160091504
95;10;multiply;stim;0.7610574269783683
96;10;multiply;stim;0.746836103964597
97;10;multiply;stim;0.7416215820121579
98;10;multiply;stim;0.7586201200028881
99;10;multiply;stim;0.7496276370366104
100;10;multiply;stim;0.7433417870197445
1;100;multiply;stim;0.259788088966161
2;100;multiply;stim;0.35458832199219614
3;100;multiply;stim;0.7562553869793192
4;100;multiply;stim;0.748088194988668
5;100;multiply;stim;0.7496278409962542
6;100;multiply;stim;0.7694195740041323
7;100;multiply;stim;0.7544036339968443
8;100;multiply;stim;0.7600935740047134
9;100;multiply;stim;0.7474615669925697
10;100;multiply;stim;0.43743545695906505
11;100;multiply;stim;0.2640626429929398
12;100;multiply;stim;0.305249371973332
13;100;multiply;stim;0.35862967802677304
14;100;multiply;stim;0.7689252170384862
15;100;multiply;stim;0.7509511889657006
16;100;multiply;stim;0.7457566550001502
17;100;multiply;stim;0.7433433139813133
18;100;multiply;stim;0.25971442100126296
19;100;multiply;stim;0.7565072309807874
20;100;multiply;stim;0.7540651499875821
21;100;multiply;stim;0.7556458210456185
22;100;multiply;stim;0.7689190770033747
23;100;multiply;stim;0.7533672290155664
24;100;multiply;stim;0.40795570600312203
25;100;multiply;stim;0.3504401100217365
26;100;multiply;stim;0.42585113894892856
27;100;multiply;stim;0.35090883600059897
28;100;multiply;stim;0.7434682000312023
29;100;multiply;stim;0.7425663149915636
30;100;multiply;stim;0.7632672759937122
31;100;multiply;stim;0.7480985389556736
32;100;multiply;stim;0.7605674940277822
33;100;multiply;stim;0.7669234249624424
34;100;multiply;stim;0.7473331390065141
35;100;multiply;stim;0.7389669219846837
36;100;multiply;stim;0.7428107879823074
37;100;multiply;stim;0.7407643559854478
38;100;multiply;stim;0.7450408449512906
39;100;multiply;stim;0.7575688609504141
40;100;multiply;stim;0.7503391650388949
41;100;multiply;stim;0.7379626719630323
42;100;multiply;stim;0.7514522909768857
43;100;multiply;stim;0.7383516369736753
44;100;multiply;stim;0.2624138430110179
45;100;multiply;stim;0.7420168410171755
46;100;multiply;stim;0.7690566180390306
47;100;multiply;stim;0.7442949539981782
48;100;multiply;stim;0.7544070690055378
49;100;multiply;stim;0.7298730540205725
50;100;multiply;stim;0.7457621350185946
51;100;multiply;stim;0.7516211100155488
52;100;multiply;stim;0.776537656027358
53;100;multiply;stim;0.7621492479811423
54;100;multiply;stim;0.7356850400101393
55;100;multiply;stim;0.7704015049966983
56;100;multiply;stim;0.7435375130153261
57;100;multiply;stim;0.7500892810057849
58;100;multiply;stim;0.7523977509699762
59;100;multiply;stim;0.2894490539911203
60;100;multiply;stim;0.7574418439762667
61;100;multiply;stim;0.7503343190182932
62;100;multiply;stim;0.3704180270433426
63;100;multiply;stim;0.7399271490285173
64;100;multiply;stim;0.7430502129718661
65;100;multiply;stim;0.737286537012551
66;100;multiply;stim;0.752895516983699
67;100;multiply;stim;0.44293558195931837
68;100;multiply;stim;0.26856729498831555
69;100;multiply;stim;0.3879661120008677
70;100;multiply;stim;0.7277432149858214
71;100;multiply;stim;0.7407354320166633
72;100;multiply;stim;0.7519458869937807
73;100;multiply;stim;0.7422522259876132
74;100;multiply;stim;0.7359329829923809
75;100;multiply;stim;0.3133650029776618
76;100;multiply;stim;0.28156551596475765
77;100;multiply;stim;0.4240231680450961
78;100;multiply;stim;0.7624586099991575
79;100;multiply;stim;0.4092432550387457
80;100;multiply;stim;0.28279310901416466
81;100;multiply;stim;0.48161700303899124
82;100;multiply;stim;0.7668574440176599
83;100;multiply;stim;0.7374075279803947
84;100;multiply;stim;0.44024739699671045
85;100;multiply;stim;0.7547372360131703
86;100;multiply;stim;0.7374928229837678
87;100;multiply;stim;0.36067085404647514
88;100;multiply;stim;0.26860464503988624
89;100;multiply;stim;0.3207029770128429
90;100;multiply;stim;0.7344213050091639
91;100;multiply;stim;0.2763600770267658
92;100;multiply;stim;0.3321223109960556
93;100;multiply;stim;0.7379648500354961
94;100;multiply;stim;0.7322712659952231
95;100;multiply;stim;0.7503221119986847
96;100;multiply;stim;0.7497530929977074
97;100;multiply;stim;0.7379597009858117
98;100;multiply;stim;0.7379795389715582
99;100;multiply;stim;0.7822531780111603
100;100;multiply;stim;0.7548593780375086
1;1000;multiply;stim;0.2764967610128224
2;1000;multiply;stim;0.4284370480454527
3;1000;multiply;stim;0.7570607140078209
4;1000;multiply;stim;0.7625342049868777
5;1000;multiply;stim;0.744979779003188
6;1000;multiply;stim;0.7666061490308493
7;1000;multiply;stim;0.7530885050073266
8;1000;multiply;stim;0.7562346950289793
9;1000;multiply;stim;0.7794236100162379
10;1000;multiply;stim;0.265878984995652
11;1000;multiply;stim;0.28109160397434607
12;1000;multiply;stim;0.28289396298350766
13;1000;multiply;stim;0.2760846000164747
14;1000;multiply;stim;0.763598338002339
15;1000;multiply;stim;0.7654011889826506
16;1000;multiply;stim;0.7729393130284734
17;1000;multiply;stim;0.7616656919708475
18;1000;multiply;stim;0.27696684800321236
19;1000;multiply;stim;0.7549408880295232
20;1000;multiply;stim;0.7749429100076668
21;1000;multiply;stim;0.7609188070055097
22;1000;multiply;stim;0.7792165330029093
23;1000;multiply;stim;0.7871259870007634
24;1000;multiply;stim;0.4108398499665782
25;1000;multiply;stim;0.2792216039961204
26;1000;multiply;stim;0.32706551399314776
27;1000;multiply;stim;0.44936970894923434
28;1000;multiply;stim;0.7687880540033802
29;1000;multiply;stim;0.750076431024354
30;1000;multiply;stim;0.7550737339770421
31;1000;multiply;stim;0.7699503760086372
32;1000;multiply;stim;0.7801608770387247
33;1000;multiply;stim;0.7388265519984998
34;1000;multiply;stim;0.7634655029978603
35;1000;multiply;stim;0.7739961379556917
36;1000;multiply;stim;0.7616486150072888
37;1000;multiply;stim;0.757442576054018
38;1000;multiply;stim;0.7423158279852942
39;1000;multiply;stim;0.7644560700282454
40;1000;multiply;stim;0.7706961830263026
41;1000;multiply;stim;0.7675878200097941
42;1000;multiply;stim;0.7604669149732217
43;1000;multiply;stim;0.7622378710075282
44;1000;multiply;stim;0.26807680702768266
45;1000;multiply;stim;0.7687989110127091
46;1000;multiply;stim;0.7796849620062858
47;1000;multiply;stim;0.7978901329915971
48;1000;multiply;stim;0.7754969510133378
49;1000;multiply;stim;0.7781002129777335
50;1000;multiply;stim;0.7639130539610051
51;1000;multiply;stim;0.7675927819800563
52;1000;multiply;stim;0.7651627060258761
53;1000;multiply;stim;0.7580268360325135
54;1000;multiply;stim;0.7789352310355753
55;1000;multiply;stim;0.7720093809766695
56;1000;multiply;stim;0.7800693230237812
57;1000;multiply;stim;0.773028458992485
58;1000;multiply;stim;0.7738843829720281
59;1000;multiply;stim;0.44436291401507333
60;1000;multiply;stim;0.7643371440353803
61;1000;multiply;stim;0.768163324042689
62;1000;multiply;stim;0.3204084010212682
63;1000;multiply;stim;0.7522972189472057
64;1000;multiply;stim;0.7523702729959041
65;1000;multiply;stim;0.7514993619988672
66;1000;multiply;stim;0.7751099090091884
67;1000;multiply;stim;0.3800411800039001
68;1000;multiply;stim;0.28230323997559026
69;1000;multiply;stim;0.34465739101869985
70;1000;multiply;stim;0.7649779549683444
71;1000;multiply;stim;0.7720718130003661
72;1000;multiply;stim;0.7526884870021604
73;1000;multiply;stim;0.7760671760188416
74;1000;multiply;stim;0.34997537097660825
75;1000;multiply;stim;0.2759557120152749
76;1000;multiply;stim;0.28352699300739914
77;1000;multiply;stim;0.3603425220353529
78;1000;multiply;stim;0.7689458119566552
79;1000;multiply;stim;0.34873590496135876
80;1000;multiply;stim;0.3556128870113753
81;1000;multiply;stim;0.41105794004397467
82;1000;multiply;stim;0.7553598990198225
83;1000;multiply;stim;0.7741848729783669
84;1000;multiply;stim;0.38861850899411365
85;1000;multiply;stim;0.7530537470011041
86;1000;multiply;stim;0.7488340410054661
87;1000;multiply;stim;0.4824383149971254
88;1000;multiply;stim;0.2835413960274309
89;1000;multiply;stim;0.43454592203488573
90;1000;multiply;stim;0.7563476170180365
91;1000;multiply;stim;0.4459140229737386
92;1000;multiply;stim;0.3989520809845999
93;1000;multiply;stim;0.7672973209992051
94;1000;multiply;stim;0.7646371279843152
95;1000;multiply;stim;0.7506695390329696
96;1000;multiply;stim;0.7640060859848745
97;1000;multiply;stim;0.7486025149701163
98;1000;multiply;stim;0.7648056879988872
99;1000;multiply;stim;0.7729290240094997
100;1000;multiply;stim;0.7622335400083102
1;3000;multiply;stim;0.2948109050048515
2;3000;multiply;stim;0.35517892095958814
3;3000;multiply;stim;0.8008015409577638
4;3000;multiply;stim;0.8047950500040315
5;3000;multiply;stim;0.7917588819982484
6;3000;multiply;stim;0.8177856030524708
7;3000;multiply;stim;0.8000974009628408
8;3000;multiply;stim;0.7782708230079152
9;3000;multiply;stim;0.7928803949616849
10;3000;multiply;stim;0.2886659979703836
11;3000;multiply;stim;0.8021098489989527
12;3000;multiply;stim;0.29684222996002063
13;3000;multiply;stim;0.4404607039759867
14;3000;multiply;stim;0.7869233539677225
15;3000;multiply;stim;0.8133085939916782
16;3000;multiply;stim;0.8061627490096726
17;3000;multiply;stim;0.793778917985037
18;3000;multiply;stim;0.3541645960067399
19;3000;multiply;stim;0.7937475420185365
20;3000;multiply;stim;0.7986636940040626
21;3000;multiply;stim;0.8067408290226012
22;3000;multiply;stim;0.784972800000105
23;3000;multiply;stim;0.7797947069630027
24;3000;multiply;stim;0.45918942004209384
25;3000;multiply;stim;0.7986967539764009
26;3000;multiply;stim;0.3730214560055174
27;3000;multiply;stim;0.8130916639929637
28;3000;multiply;stim;0.7945041880011559
29;3000;multiply;stim;0.797361689968966
30;3000;multiply;stim;0.8214163749944419
31;3000;multiply;stim;0.8298850720166229
32;3000;multiply;stim;0.7974698409670964
33;3000;multiply;stim;0.7829390770057216
34;3000;multiply;stim;0.8092135369661264
35;3000;multiply;stim;0.8141067510005087
36;3000;multiply;stim;0.8287037830450572
37;3000;multiply;stim;0.799180798989255
38;3000;multiply;stim;0.7997016709996387
39;3000;multiply;stim;0.8033250870066695
40;3000;multiply;stim;0.7815203589852899
41;3000;multiply;stim;0.8088878009584732
42;3000;multiply;stim;0.7905684590223245
43;3000;multiply;stim;0.8032148740021512
44;3000;multiply;stim;0.484027992002666
45;3000;multiply;stim;0.8006604399997741
46;3000;multiply;stim;0.7980799489887431
47;3000;multiply;stim;0.7864874479710124
48;3000;multiply;stim;0.7993775770300999
49;3000;multiply;stim;0.8223160590277985
50;3000;multiply;stim;0.7978980159969069
51;3000;multiply;stim;0.781189146975521
52;3000;multiply;stim;0.8017648759996518
53;3000;multiply;stim;0.8050771380076185
54;3000;multiply;stim;0.8214890700182877
55;3000;multiply;stim;0.8063616149593145
56;3000;multiply;stim;0.7795242050196975
57;3000;multiply;stim;0.8099464250262827
58;3000;multiply;stim;0.7715309910126962
59;3000;multiply;stim;0.42141791398171335
60;3000;multiply;stim;0.7905464409850538
61;3000;multiply;stim;0.7960608759894967
62;3000;multiply;stim;0.32899647200247273
63;3000;multiply;stim;0.7815665479865856
64;3000;multiply;stim;0.7846463689929806
65;3000;multiply;stim;0.7959244379890151
66;3000;multiply;stim;0.815852225990966
67;3000;multiply;stim;0.35150422202423215
68;3000;multiply;stim;0.2899570869631134
69;3000;multiply;stim;0.35540648404276
70;3000;multiply;stim;0.8099008940043859
71;3000;multiply;stim;0.8162233610055409
72;3000;multiply;stim;0.8138719460112043
73;3000;multiply;stim;0.7925712030264549
74;3000;multiply;stim;0.4099770520115271
75;3000;multiply;stim;0.32929840503493324
76;3000;multiply;stim;0.4755634139874019
77;3000;multiply;stim;0.41633213398745283
78;3000;multiply;stim;0.781719657999929
79;3000;multiply;stim;0.4822533580008894
80;3000;multiply;stim;0.4726740910555236
81;3000;multiply;stim;0.46799670899054036
82;3000;multiply;stim;0.7921340760076419
83;3000;multiply;stim;0.801665295031853
84;3000;multiply;stim;0.4853135420125909
85;3000;multiply;stim;0.7974822029937059
86;3000;multiply;stim;0.2965712019940838
87;3000;multiply;stim;0.41467167902737856
88;3000;multiply;stim;0.30158637900603935
89;3000;multiply;stim;0.31504618702456355
90;3000;multiply;stim;0.4395743409986608
91;3000;multiply;stim;0.2981328180176206
92;3000;multiply;stim;0.6150873540318571
93;3000;multiply;stim;0.7926432779640891
94;3000;multiply;stim;0.7938321279943921
95;3000;multiply;stim;0.7875775849679485
96;3000;multiply;stim;0.7972680609673262
97;3000;multiply;stim;0.7756242459872738
98;3000;multiply;stim;0.7853421639883891
99;3000;multiply;stim;0.7927991049946286
100;3000;multiply;stim;0.800932330021169
1;6000;multiply;stim;0.4859991769772023
2;6000;multiply;stim;0.40388617903226987
3;6000;multiply;stim;0.8599091359646991
4;6000;multiply;stim;0.8284753300249577
5;6000;multiply;stim;0.8366146790212952
6;6000;multiply;stim;0.8233072480070405
7;6000;multiply;stim;0.8428824950242415
8;6000;multiply;stim;0.8416987009695731
9;6000;multiply;stim;0.8602321440121159
10;6000;multiply;stim;0.455910648975987
11;6000;multiply;stim;0.837294976983685
12;6000;multiply;stim;0.3395468179951422
13;6000;multiply;stim;0.36931209900649264
14;6000;multiply;stim;0.8367916100542061
15;6000;multiply;stim;0.822897867008578
16;6000;multiply;stim;0.8390539870015346
17;6000;multiply;stim;0.8394362079561688
18;6000;multiply;stim;0.3169027869589627
19;6000;multiply;stim;0.8444392149685882
20;6000;multiply;stim;0.8464713980210945
21;6000;multiply;stim;0.8186163529753685
22;6000;multiply;stim;0.8553074109950103
23;6000;multiply;stim;0.8974355629761703
24;6000;multiply;stim;0.31569711002521217
25;6000;multiply;stim;0.3169151629554108
26;6000;multiply;stim;0.3167121710139327
27;6000;multiply;stim;0.3188845820259303
28;6000;multiply;stim;0.8373960090102628
29;6000;multiply;stim;0.3303772700019181
30;6000;multiply;stim;0.8299846060108393
31;6000;multiply;stim;0.7947183729847893
32;6000;multiply;stim;0.842356606037356
33;6000;multiply;stim;0.8318600159836933
34;6000;multiply;stim;0.8601741950260475
35;6000;multiply;stim;0.8258906719856896
36;6000;multiply;stim;0.8582518839975819
37;6000;multiply;stim;0.8349344179732725
38;6000;multiply;stim;0.8449968450004235
39;6000;multiply;stim;0.8556648929952644
40;6000;multiply;stim;0.8436989129986614
41;6000;multiply;stim;0.8406445310101844
42;6000;multiply;stim;0.8329365940298885
43;6000;multiply;stim;0.8383271230268292
44;6000;multiply;stim;0.4872802199679427
45;6000;multiply;stim;0.8474426600150764
46;6000;multiply;stim;0.825913954002317
47;6000;multiply;stim;0.8266558040049858
48;6000;multiply;stim;0.8529917290434241
49;6000;multiply;stim;0.8337775490363128
50;6000;multiply;stim;0.8273471190477721
51;6000;multiply;stim;0.33725921099539846
52;6000;multiply;stim;0.8443318280042149
53;6000;multiply;stim;0.8158584790071473
54;6000;multiply;stim;0.8301575029618107
55;6000;multiply;stim;0.8334692000062205
56;6000;multiply;stim;0.8341779269976541
57;6000;multiply;stim;0.821871674968861
58;6000;multiply;stim;0.8248357650008984
59;6000;multiply;stim;0.45198437198996544
60;6000;multiply;stim;0.84746268595336
61;6000;multiply;stim;0.8448150519980118
62;6000;multiply;stim;0.3551322420244105
63;6000;multiply;stim;0.8309116970049217
64;6000;multiply;stim;0.8326374430325814
65;6000;multiply;stim;0.8276015190058388
66;6000;multiply;stim;0.8541593009722419
67;6000;multiply;stim;0.41017807903699577
68;6000;multiply;stim;0.3721341530326754
69;6000;multiply;stim;0.37470413697883487
70;6000;multiply;stim;0.8314937279792503
71;6000;multiply;stim;0.8381263749906793
72;6000;multiply;stim;0.8503514030016959
73;6000;multiply;stim;0.8266141130006872
74;6000;multiply;stim;0.373552517965436
75;6000;multiply;stim;0.3069819170050323
76;6000;multiply;stim;0.3075352059677243
77;6000;multiply;stim;0.48914176697144285
78;6000;multiply;stim;0.8649588450207375
79;6000;multiply;stim;0.4640463400282897
80;6000;multiply;stim;0.49202591500943527
81;6000;multiply;stim;0.3542863050242886
82;6000;multiply;stim;0.8230771649978124
83;6000;multiply;stim;0.8171497320290655
84;6000;multiply;stim;0.4869541649823077
85;6000;multiply;stim;0.8628376970300451
86;6000;multiply;stim;0.3221175179933198
87;6000;multiply;stim;0.4285332490107976
88;6000;multiply;stim;0.3178084190003574
89;6000;multiply;stim;0.30867082404438406
90;6000;multiply;stim;0.3165431380039081
91;6000;multiply;stim;0.6646579909720458
92;6000;multiply;stim;0.30760751699563116
93;6000;multiply;stim;0.8379198060138151
94;6000;multiply;stim;0.8445481489761733
95;6000;multiply;stim;0.8342226070235483
96;6000;multiply;stim;0.8358267929870635
97;6000;multiply;stim;0.8207853289786726
98;6000;multiply;stim;0.8510864159907214
99;6000;multiply;stim;0.8255766510264948
100;6000;multiply;stim;0.829203825967852
1;8000;multiply;stim;0.32666970300488174
2;8000;multiply;stim;0.3288091970025562
3;8000;multiply;stim;0.8738661850220524
4;8000;multiply;stim;0.8723800660227425
5;8000;multiply;stim;0.8586729789967649
6;8000;multiply;stim;0.8518525219988078
7;8000;multiply;stim;0.9069542029756121
8;8000;multiply;stim;0.9024038740317337
9;8000;multiply;stim;0.866701174993068
10;8000;multiply;stim;0.38200325198704377
11;8000;multiply;stim;0.8474287759745494
12;8000;multiply;stim;0.33361970202531666
13;8000;multiply;stim;0.3347891860175878
14;8000;multiply;stim;0.8953278279514052
15;8000;multiply;stim;0.8879152029985562
16;8000;multiply;stim;0.8825152399949729
17;8000;multiply;stim;0.8862297420273535
18;8000;multiply;stim;0.33193371997913346
19;8000;multiply;stim;0.8509597459924407
20;8000;multiply;stim;0.8678287340444513
21;8000;multiply;stim;0.8688204869977199
22;8000;multiply;stim;0.8988489150069654
23;8000;multiply;stim;0.9011254280339926
24;8000;multiply;stim;0.33305427903542295
25;8000;multiply;stim;0.41945283400127664
26;8000;multiply;stim;0.37810142699163407
27;8000;multiply;stim;0.8645893479697406
28;8000;multiply;stim;0.8993822680204175
29;8000;multiply;stim;0.3299219989567064
30;8000;multiply;stim;0.88314824400004
31;8000;multiply;stim;0.8816531439661048
32;8000;multiply;stim;0.8802316840155981
33;8000;multiply;stim;0.8740196040016599
34;8000;multiply;stim;0.8870792650268413
35;8000;multiply;stim;0.8578492199885659
36;8000;multiply;stim;0.8799600590136833
37;8000;multiply;stim;0.8817834399524145
38;8000;multiply;stim;0.8803393010166474
39;8000;multiply;stim;0.8739805659861304
40;8000;multiply;stim;0.8793117299792357
41;8000;multiply;stim;0.8800780770252459
42;8000;multiply;stim;0.85532620199956
43;8000;multiply;stim;0.8589250310324132
44;8000;multiply;stim;0.363422641006764
45;8000;multiply;stim;0.3342029019840993
46;8000;multiply;stim;0.8700597049901262
47;8000;multiply;stim;0.8830692589981481
48;8000;multiply;stim;0.8817192009883001
49;8000;multiply;stim;0.8639743730309419
50;8000;multiply;stim;0.8902346359682269
51;8000;multiply;stim;0.33719965600175783
52;8000;multiply;stim;0.8752868190058507
53;8000;multiply;stim;0.8935458199703135
54;8000;multiply;stim;0.8879247320001014
55;8000;multiply;stim;0.8885781599674374
56;8000;multiply;stim;0.875240269000642
57;8000;multiply;stim;0.8986028359504417
58;8000;multiply;stim;0.8903757649823092
59;8000;multiply;stim;0.3750703409896232
60;8000;multiply;stim;0.9000800320063718
61;8000;multiply;stim;0.8694024849683046
62;8000;multiply;stim;0.3247764580301009
63;8000;multiply;stim;0.8713027900084853
64;8000;multiply;stim;0.8948262970079668
65;8000;multiply;stim;0.865067913022358
66;8000;multiply;stim;0.8709113959921524
67;8000;multiply;stim;0.3365065550315194
68;8000;multiply;stim;0.5319019079906866
69;8000;multiply;stim;0.6249120790162124
70;8000;multiply;stim;0.8569201459758915
71;8000;multiply;stim;0.878556267998647
72;8000;multiply;stim;0.886574029980693
73;8000;multiply;stim;0.8725090280058794
74;8000;multiply;stim;0.8791622080025263
75;8000;multiply;stim;0.3376180320046842
76;8000;multiply;stim;0.4996096069808118
77;8000;multiply;stim;0.46993338904576376
78;8000;multiply;stim;0.8842057450092398
79;8000;multiply;stim;0.4486155680497177
80;8000;multiply;stim;0.3301627400214784
81;8000;multiply;stim;0.3927553719840944
82;8000;multiply;stim;0.4083362700184807
83;8000;multiply;stim;0.8643214650219306
84;8000;multiply;stim;0.3275276409694925
85;8000;multiply;stim;0.8749671110417694
86;8000;multiply;stim;0.41015246202005073
87;8000;multiply;stim;0.653779576998204
88;8000;multiply;stim;0.5230786490137689
89;8000;multiply;stim;0.8716551379766315
90;8000;multiply;stim;0.4861767700058408
91;8000;multiply;stim;0.8764873429900035
92;8000;multiply;stim;0.3714939330238849
93;8000;multiply;stim;0.9067043609684333
94;8000;multiply;stim;0.9063898379681632
95;8000;multiply;stim;0.8684280010056682
96;8000;multiply;stim;0.8507139310240746
97;8000;multiply;stim;0.8521956789772958
98;8000;multiply;stim;0.8536926080123521
99;8000;multiply;stim;0.8609697470092215
100;8000;multiply;stim;0.8628977670450695
1;10000;multiply;stim;0.40464292297838256
2;10000;multiply;stim;0.44505180802661926
3;10000;multiply;stim;1.0847177430405281
4;10000;multiply;stim;1.0528895540046506
5;10000;multiply;stim;1.0598611439927481
6;10000;multiply;stim;1.0551291829906404
7;10000;multiply;stim;1.0777338299667463
8;10000;multiply;stim;1.0598016870208085
9;10000;multiply;stim;1.0377279500244185
10;10000;multiply;stim;0.4774907339597121
11;10000;multiply;stim;1.0531704559689388
12;10000;multiply;stim;0.45661446801386774
13;10000;multiply;stim;1.0864324640133418
14;10000;multiply;stim;1.0422287860419601
15;10000;multiply;stim;1.074905404006131
16;10000;multiply;stim;1.082518097013235
17;10000;multiply;stim;1.0547256770078093
18;10000;multiply;stim;1.0252171389875002
19;10000;multiply;stim;1.0471677749883384
20;10000;multiply;stim;1.087683035992086
21;10000;multiply;stim;1.0631025650072843
22;10000;multiply;stim;0.5321725370013155
23;10000;multiply;stim;0.6261060270480812
24;10000;multiply;stim;0.5154388779774308
25;10000;multiply;stim;0.48127874196507037
26;10000;multiply;stim;0.4066478649619967
27;10000;multiply;stim;1.0821565199876204
28;10000;multiply;stim;1.0565784010104835
29;10000;multiply;stim;0.5427597480011173
30;10000;multiply;stim;1.06584598304471
31;10000;multiply;stim;0.4821358700282872
32;10000;multiply;stim;1.0375635600066744
33;10000;multiply;stim;1.1127348080044612
34;10000;multiply;stim;1.0807544569834135
35;10000;multiply;stim;1.0824994320282713
36;10000;multiply;stim;1.041441556008067
37;10000;multiply;stim;1.0636078999959864
38;10000;multiply;stim;1.0693408529623412
39;10000;multiply;stim;0.470498509996105
40;10000;multiply;stim;1.0825050969724543
41;10000;multiply;stim;0.9958139270311221
42;10000;multiply;stim;1.0669444020022638
43;10000;multiply;stim;1.0171526860212907
44;10000;multiply;stim;1.075763271015603
45;10000;multiply;stim;1.0655364010017365
46;10000;multiply;stim;1.0152194160036743
47;10000;multiply;stim;1.0788204370182939
48;10000;multiply;stim;1.0499680360080674
49;10000;multiply;stim;1.07714655197924
50;10000;multiply;stim;1.0373925550375134
51;10000;multiply;stim;0.4727581919869408
52;10000;multiply;stim;1.0785467689856887
53;10000;multiply;stim;1.074751676991582
54;10000;multiply;stim;1.0598924329970032
55;10000;multiply;stim;1.0631496870191768
56;10000;multiply;stim;1.0586839279858395
57;10000;multiply;stim;1.077284339000471
58;10000;multiply;stim;1.0379995999974199
59;10000;multiply;stim;0.42874191800365224
60;10000;multiply;stim;1.0590292269480415
61;10000;multiply;stim;1.081334762973711
62;10000;multiply;stim;1.0781877969857305
63;10000;multiply;stim;1.0592884040088393
64;10000;multiply;stim;0.5398831710335799
65;10000;multiply;stim;1.0196932419785298
66;10000;multiply;stim;0.5340357949608006
67;10000;multiply;stim;0.5760632790043019
68;10000;multiply;stim;0.44646880304208025
69;10000;multiply;stim;1.0612971549853683
70;10000;multiply;stim;1.0471412900369614
71;10000;multiply;stim;1.068242213979829
72;10000;multiply;stim;1.0858867310453206
73;10000;multiply;stim;1.0784985869540833
74;10000;multiply;stim;0.4548681100131944
75;10000;multiply;stim;0.6072075560223311
76;10000;multiply;stim;0.4861203719628975
77;10000;multiply;stim;0.4890543859801255
78;10000;multiply;stim;1.0804451600415632
79;10000;multiply;stim;0.5811272430000827
80;10000;multiply;stim;0.4347718219505623
81;10000;multiply;stim;0.4290850789984688
82;10000;multiply;stim;0.5142512529855594
83;10000;multiply;stim;1.0511588900117204
84;10000;multiply;stim;1.0704795069759712
85;10000;multiply;stim;1.10246459802147
86;10000;multiply;stim;0.48863788903690875
87;10000;multiply;stim;1.0653644609847106
88;10000;multiply;stim;0.4298025129828602
89;10000;multiply;stim;1.0574595740181394
90;10000;multiply;stim;0.6433794139884412
91;10000;multiply;stim;1.0926419729948975
92;10000;multiply;stim;1.054517512966413
93;10000;multiply;stim;1.0413661169586703
94;10000;multiply;stim;1.069698330014944
95;10000;multiply;stim;1.0620969950105064
96;10000;multiply;stim;1.0537528040003963
97;10000;multiply;stim;1.0589668899774551
98;10000;multiply;stim;1.032234055979643
99;10000;multiply;stim;1.0569850970059633
100;10000;multiply;stim;1.069963815039955
1;12000;multiply;stim;0.4194075540290214
2;12000;multiply;stim;0.5114254299551249
3;12000;multiply;stim;1.1182981919846497
4;12000;multiply;stim;1.1342916410067119
5;12000;multiply;stim;1.1033278299728408
6;12000;multiply;stim;1.0840496399905533
7;12000;multiply;stim;1.1336010019876994
8;12000;multiply;stim;1.1148923040018417
9;12000;multiply;stim;0.5200619510142133
10;12000;multiply;stim;0.6067015409935266
11;12000;multiply;stim;0.5271244010073133
12;12000;multiply;stim;0.44513000099686906
13;12000;multiply;stim;0.5648516689543612
14;12000;multiply;stim;1.1203673969721422
15;12000;multiply;stim;1.0901416239794344
16;12000;multiply;stim;1.0916549469693564
17;12000;multiply;stim;0.44480822497280315
18;12000;multiply;stim;1.1139299849746749
19;12000;multiply;stim;1.1165309290518053
20;12000;multiply;stim;1.1392997810035013
21;12000;multiply;stim;1.078110365953762
22;12000;multiply;stim;0.4805402309866622
23;12000;multiply;stim;1.1468980569625273
24;12000;multiply;stim;0.6681312840082683
25;12000;multiply;stim;0.7076740660122596
26;12000;multiply;stim;1.1319494530325755
27;12000;multiply;stim;1.0861129519762471
28;12000;multiply;stim;1.1464753889595158
29;12000;multiply;stim;0.620950587966945
30;12000;multiply;stim;1.1184915350168012
31;12000;multiply;stim;1.1066927899955772
32;12000;multiply;stim;1.101393110002391
33;12000;multiply;stim;1.100450721976813
34;12000;multiply;stim;1.099833989981562
35;12000;multiply;stim;1.1009955379995517
36;12000;multiply;stim;1.1007764879614115
37;12000;multiply;stim;1.100920088996645
38;12000;multiply;stim;1.1153588250163011
39;12000;multiply;stim;1.1003798909951001
40;12000;multiply;stim;1.1024435950093903
41;12000;multiply;stim;1.0927981719723903
42;12000;multiply;stim;1.099215889989864
43;12000;multiply;stim;0.5605602849973366
44;12000;multiply;stim;1.0874654909712262
45;12000;multiply;stim;1.1237931969808415
46;12000;multiply;stim;1.1151447350275703
47;12000;multiply;stim;1.107532158959657
48;12000;multiply;stim;1.1045915830181912
49;12000;multiply;stim;1.0989897279650904
50;12000;multiply;stim;1.0954638459952548
51;12000;multiply;stim;1.19098854099866
52;12000;multiply;stim;1.11534149403451
53;12000;multiply;stim;1.1025857140193693
54;12000;multiply;stim;1.1108776269829832
55;12000;multiply;stim;1.113463842018973
56;12000;multiply;stim;1.1137538679759018
57;12000;multiply;stim;1.1029136340366676
58;12000;multiply;stim;1.105864842014853
59;12000;multiply;stim;0.4869040400371887
60;12000;multiply;stim;0.4454557499848306
61;12000;multiply;stim;0.45475335099035874
62;12000;multiply;stim;1.101387181028258
63;12000;multiply;stim;1.1244923699996434
64;12000;multiply;stim;1.1027963730157353
65;12000;multiply;stim;1.1070779549772851
66;12000;multiply;stim;0.4967721870052628
67;12000;multiply;stim;0.5880939519847743
68;12000;multiply;stim;0.5559832439757884
69;12000;multiply;stim;1.0879635739838704
70;12000;multiply;stim;1.1090665659867227
71;12000;multiply;stim;1.094613496970851
72;12000;multiply;stim;1.1074222319875844
73;12000;multiply;stim;0.45252387499203905
74;12000;multiply;stim;1.1320804270217195
75;12000;multiply;stim;0.5458600359852426
76;12000;multiply;stim;0.6993494470370933
77;12000;multiply;stim;0.5685099880211055
78;12000;multiply;stim;0.5249911419814453
79;12000;multiply;stim;0.5744042320293374
80;12000;multiply;stim;0.5166044699726626
81;12000;multiply;stim;0.45059899002080783
82;12000;multiply;stim;1.1144027400296181
83;12000;multiply;stim;1.111589829029981
84;12000;multiply;stim;1.1383554270141758
85;12000;multiply;stim;1.1187360469484702
86;12000;multiply;stim;0.6206109850318171
87;12000;multiply;stim;0.5369057230418548
88;12000;multiply;stim;0.44395201199222356
89;12000;multiply;stim;0.4486215839860961
90;12000;multiply;stim;0.4613554159877822
91;12000;multiply;stim;0.4477233259822242
92;12000;multiply;stim;1.0999713219935074
93;12000;multiply;stim;1.088548134022858
94;12000;multiply;stim;1.1017206039978191
95;12000;multiply;stim;1.1051336519885808
96;12000;multiply;stim;1.110336174024269
97;12000;multiply;stim;1.0809706859872676
98;12000;multiply;stim;1.0854739299975336
99;12000;multiply;stim;1.1063990800175816
100;12000;multiply;stim;1.133351476979442
1;10;multiply;paulie;0.32319368002936244
2;10;multiply;paulie;0.2137779039912857
3;10;multiply;paulie;0.3142674990231171
4;10;multiply;paulie;0.31419052998535335
5;10;multiply;paulie;0.3298455140320584
6;10;multiply;paulie;0.3140308209694922
7;10;multiply;paulie;0.31178274197736755
8;10;multiply;paulie;0.3114014460006729
9;10;multiply;paulie;0.3166681859875098
10;10;multiply;paulie;0.21015100699150935
11;10;multiply;paulie;0.2076676600263454
12;10;multiply;paulie;0.2216055040480569
13;10;multiply;paulie;0.20844998495886102
14;10;multiply;paulie;0.32818235497688875
15;10;multiply;paulie;0.3115740080247633
16;10;multiply;paulie;0.3095286409952678
17;10;multiply;paulie;0.3164445179863833
18;10;multiply;paulie;0.2285692589939572
19;10;multiply;paulie;0.3020755579927936
20;10;multiply;paulie;0.3191901659592986
21;10;multiply;paulie;0.32019321800908074
22;10;multiply;paulie;0.3145498319645412
23;10;multiply;paulie;0.2792923590168357
24;10;multiply;paulie;0.21072961803292856
25;10;multiply;paulie;0.23086655198130757
26;10;multiply;paulie;0.20861660997616127
27;10;multiply;paulie;0.20816582697443664
28;10;multiply;paulie;0.32289995200699195
29;10;multiply;paulie;0.3169570509926416
30;10;multiply;paulie;0.21029091399395838
31;10;multiply;paulie;0.3142330410191789
32;10;multiply;paulie;0.3057996459538117
33;10;multiply;paulie;0.31782331597059965
34;10;multiply;paulie;0.3111059429938905
35;10;multiply;paulie;0.3095391520182602
36;10;multiply;paulie;0.30372799502220005
37;10;multiply;paulie;0.3223568999674171
38;10;multiply;paulie;0.3090060380054638
39;10;multiply;paulie;0.3166430449928157
40;10;multiply;paulie;0.3138933170121163
41;10;multiply;paulie;0.3153399429866113
42;10;multiply;paulie;0.3029056439991109
43;10;multiply;paulie;0.3080658100079745
44;10;multiply;paulie;0.26352506899274886
45;10;multiply;paulie;0.30665801296709105
46;10;multiply;paulie;0.3220924039487727
47;10;multiply;paulie;0.3021851429948583
48;10;multiply;paulie;0.32428990700282156
49;10;multiply;paulie;0.30715415097074583
50;10;multiply;paulie;0.32415906502865255
51;10;multiply;paulie;0.3191297459998168
52;10;multiply;paulie;0.3116390500217676
53;10;multiply;paulie;0.3108947799773887
54;10;multiply;paulie;0.3162409710348584
55;10;multiply;paulie;0.3103125639609061
56;10;multiply;paulie;0.29713742597959936
57;10;multiply;paulie;0.3048352040350437
58;10;multiply;paulie;0.3144503540243022
59;10;multiply;paulie;0.21364603703841567
60;10;multiply;paulie;0.31776194396661595
61;10;multiply;paulie;0.30807416600873694
62;10;multiply;paulie;0.21964233502512798
63;10;multiply;paulie;0.3028191819903441
64;10;multiply;paulie;0.31453323597088456
65;10;multiply;paulie;0.3245736809913069
66;10;multiply;paulie;0.31430135999107733
67;10;multiply;paulie;0.2116371329757385
68;10;multiply;paulie;0.2511485899449326
69;10;multiply;paulie;0.287703350011725
70;10;multiply;paulie;0.3070169599959627
71;10;multiply;paulie;0.30957578704692423
72;10;multiply;paulie;0.3103424540022388
73;10;multiply;paulie;0.31821701396256685
74;10;multiply;paulie;0.2122957000392489
75;10;multiply;paulie;0.2739735629875213
76;10;multiply;paulie;0.47414488898357376
77;10;multiply;paulie;0.24493303103372455
78;10;multiply;paulie;0.209469783003442
79;10;multiply;paulie;0.2299163269926794
80;10;multiply;paulie;0.3075521620339714
81;10;multiply;paulie;0.20825977402273566
82;10;multiply;paulie;0.304569119005464
83;10;multiply;paulie;0.3159424510085955
84;10;multiply;paulie;0.21828884998103604
85;10;multiply;paulie;0.31541118101449683
86;10;multiply;paulie;0.30899621499702334
87;10;multiply;paulie;0.3130490410258062
88;10;multiply;paulie;0.26856889604823664
89;10;multiply;paulie;0.32539730198914185
90;10;multiply;paulie;0.3071107509895228
91;10;multiply;paulie;0.21278491098200902
92;10;multiply;paulie;0.3243144379812293
93;10;multiply;paulie;0.3059532420011237
94;10;multiply;paulie;0.30397537001408637
95;10;multiply;paulie;0.31099849502788857
96;10;multiply;paulie;0.3165259289671667
97;10;multiply;paulie;0.31062624999321997
98;10;multiply;paulie;0.3092452200362459
99;10;multiply;paulie;0.31747385300695896
100;10;multiply;paulie;0.31396388600114733
1;100;multiply;paulie;0.31707825599005446
2;100;multiply;paulie;0.2070617470308207
3;100;multiply;paulie;0.30890252598328516
4;100;multiply;paulie;0.2943639360019006
5;100;multiply;paulie;0.3039322560071014
6;100;multiply;paulie;0.3072516889660619
7;100;multiply;paulie;0.3159829649957828
8;100;multiply;paulie;0.3210659300093539
9;100;multiply;paulie;0.30471012997440994
10;100;multiply;paulie;0.2818193879793398
11;100;multiply;paulie;0.21088387997588143
12;100;multiply;paulie;0.20822643296560273
13;100;multiply;paulie;0.28182133397785947
14;100;multiply;paulie;0.3044489970197901
15;100;multiply;paulie;0.31012965500121936
16;100;multiply;paulie;0.31492229097057134
17;100;multiply;paulie;0.32036622799932957
18;100;multiply;paulie;0.26462353102397174
19;100;multiply;paulie;0.31370279198745266
20;100;multiply;paulie;0.3229601589846425
21;100;multiply;paulie;0.3091915260301903
22;100;multiply;paulie;0.31070515495957807
23;100;multiply;paulie;0.32046481099678203
24;100;multiply;paulie;0.22589724796125665
25;100;multiply;paulie;0.32451510103419423
26;100;multiply;paulie;0.2974349969881587
27;100;multiply;paulie;0.23706303199287504
28;100;multiply;paulie;0.3083337669959292
29;100;multiply;paulie;0.3103169249952771
30;100;multiply;paulie;0.3194461019593291
31;100;multiply;paulie;0.3127976970281452
32;100;multiply;paulie;0.3136093930224888
33;100;multiply;paulie;0.3192246909602545
34;100;multiply;paulie;0.31635068298783153
35;100;multiply;paulie;0.31469833600567654
36;100;multiply;paulie;0.3131472070235759
37;100;multiply;paulie;0.3056574250222184
38;100;multiply;paulie;0.3152210710104555
39;100;multiply;paulie;0.31825562997255474
40;100;multiply;paulie;0.3049943399964832
41;100;multiply;paulie;0.30796917498810217
42;100;multiply;paulie;0.31249782600207254
43;100;multiply;paulie;0.3214684139820747
44;100;multiply;paulie;0.2105458159931004
45;100;multiply;paulie;0.32195862801745534
46;100;multiply;paulie;0.31908012001076713
47;100;multiply;paulie;0.32288457202957943
48;100;multiply;paulie;0.3223703149706125
49;100;multiply;paulie;0.3177448289934546
50;100;multiply;paulie;0.31479141197633
51;100;multiply;paulie;0.3093793250154704
52;100;multiply;paulie;0.32201755297137424
53;100;multiply;paulie;0.3186582330381498
54;100;multiply;paulie;0.31205551500897855
55;100;multiply;paulie;0.3087638720171526
56;100;multiply;paulie;0.3096434089820832
57;100;multiply;paulie;0.3170544219901785
58;100;multiply;paulie;0.31689924997044727
59;100;multiply;paulie;0.21473581402096897
60;100;multiply;paulie;0.319020016991999
61;100;multiply;paulie;0.313708470959682
62;100;multiply;paulie;0.2320250270422548
63;100;multiply;paulie;0.32019333698553964
64;100;multiply;paulie;0.3185133620281704
65;100;multiply;paulie;0.31806470901938155
66;100;multiply;paulie;0.312345628044568
67;100;multiply;paulie;0.3214164120145142
68;100;multiply;paulie;0.32322298298822716
69;100;multiply;paulie;0.20978458801982924
70;100;multiply;paulie;0.3171479810262099
71;100;multiply;paulie;0.3178966420236975
72;100;multiply;paulie;0.31747527001425624
73;100;multiply;paulie;0.31496402400080115
74;100;multiply;paulie;0.3217222379753366
75;100;multiply;paulie;0.411422114004381
76;100;multiply;paulie;0.20960385899525136
77;100;multiply;paulie;0.22279613796854392
78;100;multiply;paulie;0.30745392700191587
79;100;multiply;paulie;0.2743960589868948
80;100;multiply;paulie;0.2951976369949989
81;100;multiply;paulie;0.2592823230079375
82;100;multiply;paulie;0.30029694898985326
83;100;multiply;paulie;0.3121387099963613
84;100;multiply;paulie;0.3198932849918492
85;100;multiply;paulie;0.30366884800605476
86;100;multiply;paulie;0.31428135302849114
87;100;multiply;paulie;0.320480388996657
88;100;multiply;paulie;0.20982818101765588
89;100;multiply;paulie;0.3174389849882573
90;100;multiply;paulie;0.3171160920173861
91;100;multiply;paulie;0.2524287599953823
92;100;multiply;paulie;0.30733955797040835
93;100;multiply;paulie;0.3148484760313295
94;100;multiply;paulie;0.31794685195200145
95;100;multiply;paulie;0.32652002602117136
96;100;multiply;paulie;0.32198104297276586
97;100;multiply;paulie;0.3078613079851493
98;100;multiply;paulie;0.3046312900260091
99;100;multiply;paulie;0.323540605022572
100;100;multiply;paulie;0.3048622580245137
1;1000;multiply;paulie;0.26404476998141035
2;1000;multiply;paulie;0.23845168302068487
3;1000;multiply;paulie;0.35087544802809134
4;1000;multiply;paulie;0.3628529450506903
5;1000;multiply;paulie;0.3515036060125567
6;1000;multiply;paulie;0.359966876974795
7;1000;multiply;paulie;0.34850642504170537
8;1000;multiply;paulie;0.36362086300505325
9;1000;multiply;paulie;0.36057381896534935
10;1000;multiply;paulie;0.29717377899214625
11;1000;multiply;paulie;0.24024926900165156
12;1000;multiply;paulie;0.2978610040154308
13;1000;multiply;paulie;0.23856541002169251
14;1000;multiply;paulie;0.3512946679838933
15;1000;multiply;paulie;0.3623918970115483
16;1000;multiply;paulie;0.3571634690160863
17;1000;multiply;paulie;0.35010461998172104
18;1000;multiply;paulie;0.2571595080080442
19;1000;multiply;paulie;0.3478089140262455
20;1000;multiply;paulie;0.35688961402047426
21;1000;multiply;paulie;0.34933817596174777
22;1000;multiply;paulie;0.3493965980014764
23;1000;multiply;paulie;0.34966838802210987
24;1000;multiply;paulie;0.415798696980346
25;1000;multiply;paulie;0.32259484799578786
26;1000;multiply;paulie;0.31312282202998176
27;1000;multiply;paulie;0.23975768603850156
28;1000;multiply;paulie;0.3446649399702437
29;1000;multiply;paulie;0.3632176319952123
30;1000;multiply;paulie;0.34721557900775224
31;1000;multiply;paulie;0.34070707100909203
32;1000;multiply;paulie;0.34990282700164244
33;1000;multiply;paulie;0.3593591430108063
34;1000;multiply;paulie;0.34907500201370567
35;1000;multiply;paulie;0.35284798400243744
36;1000;multiply;paulie;0.34160740894731134
37;1000;multiply;paulie;0.3523233340238221
38;1000;multiply;paulie;0.3442002420197241
39;1000;multiply;paulie;0.3525192300439812
40;1000;multiply;paulie;0.35338457697071135
41;1000;multiply;paulie;0.3576276720268652
42;1000;multiply;paulie;0.3457804329809733
43;1000;multiply;paulie;0.3437179180327803
44;1000;multiply;paulie;0.246449668018613
45;1000;multiply;paulie;0.3477996159926988
46;1000;multiply;paulie;0.3526285419939086
47;1000;multiply;paulie;0.3441392290405929
48;1000;multiply;paulie;0.3452365680132061
49;1000;multiply;paulie;0.3535288400016725
50;1000;multiply;paulie;0.36283707403345034
51;1000;multiply;paulie;0.3465393200167455
52;1000;multiply;paulie;0.3550760910147801
53;1000;multiply;paulie;0.3506897269980982
54;1000;multiply;paulie;0.33792662696214393
55;1000;multiply;paulie;0.35109562997240573
56;1000;multiply;paulie;0.3406692739808932
57;1000;multiply;paulie;0.3474244000390172
58;1000;multiply;paulie;0.3540138390380889
59;1000;multiply;paulie;0.3270386690273881
60;1000;multiply;paulie;0.3438706409651786
61;1000;multiply;paulie;0.3495017600362189
62;1000;multiply;paulie;0.2689258339814842
63;1000;multiply;paulie;0.3426825550268404
64;1000;multiply;paulie;0.35103391896700487
65;1000;multiply;paulie;0.3570400880416855
66;1000;multiply;paulie;0.3575473530218005
67;1000;multiply;paulie;0.26146400294965133
68;1000;multiply;paulie;0.3615759320091456
69;1000;multiply;paulie;0.34069629601435736
70;1000;multiply;paulie;0.35107184399385005
71;1000;multiply;paulie;0.3397111989906989
72;1000;multiply;paulie;0.34757182002067566
73;1000;multiply;paulie;0.3428034969838336
74;1000;multiply;paulie;0.3749353410094045
75;1000;multiply;paulie;0.2457587179960683
76;1000;multiply;paulie;0.24325994297396392
77;1000;multiply;paulie;0.24331868201261386
78;1000;multiply;paulie;0.3449218239984475
79;1000;multiply;paulie;0.2438288539997302
80;1000;multiply;paulie;0.4210272000054829
81;1000;multiply;paulie;0.2622442889842205
82;1000;multiply;paulie;0.34490369400009513
83;1000;multiply;paulie;0.3523728200234473
84;1000;multiply;paulie;0.2430235170177184
85;1000;multiply;paulie;0.3492321210214868
86;1000;multiply;paulie;0.33182434499030933
87;1000;multiply;paulie;0.24332361202687025
88;1000;multiply;paulie;0.24436295096529648
89;1000;multiply;paulie;0.36608260695356876
90;1000;multiply;paulie;0.3471442529698834
91;1000;multiply;paulie;0.32660432503325865
92;1000;multiply;paulie;0.25553361303173006
93;1000;multiply;paulie;0.3431538909790106
94;1000;multiply;paulie;0.3543641130090691
95;1000;multiply;paulie;0.3450701229739934
96;1000;multiply;paulie;0.3451851239660755
97;1000;multiply;paulie;0.3414810620015487
98;1000;multiply;paulie;0.3548757890239358
99;1000;multiply;paulie;0.34736860101111233
100;1000;multiply;paulie;0.3451424130471423
1;3000;multiply;paulie;0.2633142140111886
2;3000;multiply;paulie;0.26226433098781854
3;3000;multiply;paulie;0.39192198700038716
4;3000;multiply;paulie;0.3888669579755515
5;3000;multiply;paulie;0.39355656801490113
6;3000;multiply;paulie;0.37287647800985724
7;3000;multiply;paulie;0.3854202320217155
8;3000;multiply;paulie;0.394709852989763
9;3000;multiply;paulie;0.4041677570203319
10;3000;multiply;paulie;0.36968855396844447
11;3000;multiply;paulie;0.40186355100013316
12;3000;multiply;paulie;0.2684983640210703
13;3000;multiply;paulie;0.26921824598684907
14;3000;multiply;paulie;0.37986110599013045
15;3000;multiply;paulie;0.3791296210256405
16;3000;multiply;paulie;0.3890364450053312
17;3000;multiply;paulie;0.3899876109790057
18;3000;multiply;paulie;0.3036401279969141
19;3000;multiply;paulie;0.39564698602771387
20;3000;multiply;paulie;0.37685752304969355
21;3000;multiply;paulie;0.3831335199647583
22;3000;multiply;paulie;0.39273583597969264
23;3000;multiply;paulie;0.38082399597624317
24;3000;multiply;paulie;0.5322954319999553
25;3000;multiply;paulie;0.3852233790094033
26;3000;multiply;paulie;0.28808872000081465
27;3000;multiply;paulie;0.3765868350164965
28;3000;multiply;paulie;0.3819626130280085
29;3000;multiply;paulie;0.3953372969990596
30;3000;multiply;paulie;0.39900493703316897
31;3000;multiply;paulie;0.37040220299968496
32;3000;multiply;paulie;0.39394894597353414
33;3000;multiply;paulie;0.38580212101805955
34;3000;multiply;paulie;0.39411624800413847
35;3000;multiply;paulie;0.38306393701350316
36;3000;multiply;paulie;0.39084910799283534
37;3000;multiply;paulie;0.3791120470268652
38;3000;multiply;paulie;0.37679735402343795
39;3000;multiply;paulie;0.3739288380020298
40;3000;multiply;paulie;0.3844996150000952
41;3000;multiply;paulie;0.3770776830497198
42;3000;multiply;paulie;0.39581040997290984
43;3000;multiply;paulie;0.376760010025464
44;3000;multiply;paulie;0.29256316600367427
45;3000;multiply;paulie;0.38503778201993555
46;3000;multiply;paulie;0.3822032050229609
47;3000;multiply;paulie;0.372075593972113
48;3000;multiply;paulie;0.3838591080275364
49;3000;multiply;paulie;0.39081206399714574
50;3000;multiply;paulie;0.38203342497581616
51;3000;multiply;paulie;0.3801183630130254
52;3000;multiply;paulie;0.37757069105282426
53;3000;multiply;paulie;0.3742344629717991
54;3000;multiply;paulie;0.38194527296582237
55;3000;multiply;paulie;0.37594812200404704
56;3000;multiply;paulie;0.38993333699181676
57;3000;multiply;paulie;0.3725848179892637
58;3000;multiply;paulie;0.3854490160010755
59;3000;multiply;paulie;0.32861558598233387
60;3000;multiply;paulie;0.4001528370426968
61;3000;multiply;paulie;0.3922875439748168
62;3000;multiply;paulie;0.2648374860291369
63;3000;multiply;paulie;0.37549340701662004
64;3000;multiply;paulie;0.3909478170098737
65;3000;multiply;paulie;0.39401784900110215
66;3000;multiply;paulie;0.373297473997809
67;3000;multiply;paulie;0.2648614149657078
68;3000;multiply;paulie;0.34483256097882986
69;3000;multiply;paulie;0.26553715800400823
70;3000;multiply;paulie;0.39283372403588146
71;3000;multiply;paulie;0.36888031801208854
72;3000;multiply;paulie;0.3838928679469973
73;3000;multiply;paulie;0.3799387610051781
74;3000;multiply;paulie;0.41427407501032576
75;3000;multiply;paulie;0.2663532110163942
76;3000;multiply;paulie;0.3875748059945181
77;3000;multiply;paulie;0.3930298499763012
78;3000;multiply;paulie;0.39823821099707857
79;3000;multiply;paulie;0.3395630100276321
80;3000;multiply;paulie;0.39872720203129575
81;3000;multiply;paulie;0.26753015600843355
82;3000;multiply;paulie;0.39002023701323196
83;3000;multiply;paulie;0.38150209898594767
84;3000;multiply;paulie;0.4060548419947736
85;3000;multiply;paulie;0.3798397299833596
86;3000;multiply;paulie;0.3490383959724568
87;3000;multiply;paulie;0.26311819499824196
88;3000;multiply;paulie;0.39544455701252446
89;3000;multiply;paulie;0.3451137960073538
90;3000;multiply;paulie;0.2673017529887147
91;3000;multiply;paulie;0.5288331849733368
92;3000;multiply;paulie;0.4790345969959162
93;3000;multiply;paulie;0.38380140700610355
94;3000;multiply;paulie;0.3830236369976774
95;3000;multiply;paulie;0.38161934196250513
96;3000;multiply;paulie;0.3773107199813239
97;3000;multiply;paulie;0.39085736899869516
98;3000;multiply;paulie;0.38558185601141304
99;3000;multiply;paulie;0.4009197480045259
100;3000;multiply;paulie;0.3870225910213776
1;6000;multiply;paulie;0.30304362502647564
2;6000;multiply;paulie;0.43717389600351453
3;6000;multiply;paulie;0.4510577149922028
4;6000;multiply;paulie;0.4440661199623719
5;6000;multiply;paulie;0.4454979099682532
6;6000;multiply;paulie;0.4460007789894007
7;6000;multiply;paulie;0.4361560550169088
8;6000;multiply;paulie;0.4349315910367295
9;6000;multiply;paulie;0.4316515380050987
10;6000;multiply;paulie;0.3082779539981857
11;6000;multiply;paulie;0.43034046300454065
12;6000;multiply;paulie;0.32630319899180904
13;6000;multiply;paulie;0.30707407399313524
14;6000;multiply;paulie;0.43934247497236356
15;6000;multiply;paulie;0.43978663301095366
16;6000;multiply;paulie;0.44676013803109527
17;6000;multiply;paulie;0.4463145440095104
18;6000;multiply;paulie;0.30243305303156376
19;6000;multiply;paulie;0.43773913104087114
20;6000;multiply;paulie;0.4425577539950609
21;6000;multiply;paulie;0.4331823220127262
22;6000;multiply;paulie;0.4512754990137182
23;6000;multiply;paulie;0.4238430240075104
24;6000;multiply;paulie;0.4683285449864343
25;6000;multiply;paulie;0.44920768099837005
26;6000;multiply;paulie;0.30924316303571686
27;6000;multiply;paulie;0.3163543000118807
28;6000;multiply;paulie;0.44837758399080485
29;6000;multiply;paulie;0.3456297700176947
30;6000;multiply;paulie;0.4286627459805459
31;6000;multiply;paulie;0.4160492679802701
32;6000;multiply;paulie;0.44353999802842736
33;6000;multiply;paulie;0.445636980002746
34;6000;multiply;paulie;0.425571575993672
35;6000;multiply;paulie;0.4210765410098247
36;6000;multiply;paulie;0.4422923970269039
37;6000;multiply;paulie;0.42361573700327426
38;6000;multiply;paulie;0.44279379898216575
39;6000;multiply;paulie;0.4287619279930368
40;6000;multiply;paulie;0.43654714804142714
41;6000;multiply;paulie;0.4405668409890495
42;6000;multiply;paulie;0.4295579089666717
43;6000;multiply;paulie;0.4335910900263116
44;6000;multiply;paulie;0.334057180036325
45;6000;multiply;paulie;0.4394515680032782
46;6000;multiply;paulie;0.44921639998210594
47;6000;multiply;paulie;0.43585885502398014
48;6000;multiply;paulie;0.4391492460272275
49;6000;multiply;paulie;0.44171365100191906
50;6000;multiply;paulie;0.43042918102582917
51;6000;multiply;paulie;0.30839820101391524
52;6000;multiply;paulie;0.4366103810025379
53;6000;multiply;paulie;0.4525687080458738
54;6000;multiply;paulie;0.4552560190204531
55;6000;multiply;paulie;0.43569614097941667
56;6000;multiply;paulie;0.45247679197927937
57;6000;multiply;paulie;0.4465623180149123
58;6000;multiply;paulie;0.43492244102526456
59;6000;multiply;paulie;0.3600462020258419
60;6000;multiply;paulie;0.4354866949724965
61;6000;multiply;paulie;0.44742667698301375
62;6000;multiply;paulie;0.4679817240103148
63;6000;multiply;paulie;0.446064073999878
64;6000;multiply;paulie;0.43680589203722775
65;6000;multiply;paulie;0.4302256149821915
66;6000;multiply;paulie;0.451806380006019
67;6000;multiply;paulie;0.3113948590471409
68;6000;multiply;paulie;0.3042649119743146
69;6000;multiply;paulie;0.32199099799618125
70;6000;multiply;paulie;0.4298260019859299
71;6000;multiply;paulie;0.43838000897085294
72;6000;multiply;paulie;0.4242650599917397
73;6000;multiply;paulie;0.4355496679781936
74;6000;multiply;paulie;0.4064978110254742
75;6000;multiply;paulie;0.30375780299073085
76;6000;multiply;paulie;0.4236832369933836
77;6000;multiply;paulie;0.30424687900813296
78;6000;multiply;paulie;0.4518144389730878
79;6000;multiply;paulie;0.33242004201747477
80;6000;multiply;paulie;0.4191478389548138
81;6000;multiply;paulie;0.38200366601813585
82;6000;multiply;paulie;0.4240937169524841
83;6000;multiply;paulie;0.43311154801631346
84;6000;multiply;paulie;0.3161458949907683
85;6000;multiply;paulie;0.4294110860209912
86;6000;multiply;paulie;0.3407804939779453
87;6000;multiply;paulie;0.4545641639851965
88;6000;multiply;paulie;0.4357991000288166
89;6000;multiply;paulie;0.3047344549559057
90;6000;multiply;paulie;0.3323681150213815
91;6000;multiply;paulie;0.4522537150187418
92;6000;multiply;paulie;0.4634604189777747
93;6000;multiply;paulie;0.4452484439825639
94;6000;multiply;paulie;0.4294097859528847
95;6000;multiply;paulie;0.4364292449899949
96;6000;multiply;paulie;0.44736945402109995
97;6000;multiply;paulie;0.4364560350077227
98;6000;multiply;paulie;0.44899576297029853
99;6000;multiply;paulie;0.4304282530210912
100;6000;multiply;paulie;0.4371186600183137
1;8000;multiply;paulie;0.30598179902881384
2;8000;multiply;paulie;0.31097075302386656
3;8000;multiply;paulie;0.494229388947133
4;8000;multiply;paulie;0.4764035690459423
5;8000;multiply;paulie;0.47435468900948763
6;8000;multiply;paulie;0.48090061300899833
7;8000;multiply;paulie;0.48173552798107266
8;8000;multiply;paulie;0.4758371069910936
9;8000;multiply;paulie;0.48887621599715203
10;8000;multiply;paulie;0.3212659989949316
11;8000;multiply;paulie;0.4669089149683714
12;8000;multiply;paulie;0.3260735649964772
13;8000;multiply;paulie;0.43867492000572383
14;8000;multiply;paulie;0.4684338780352846
15;8000;multiply;paulie;0.4800485819578171
16;8000;multiply;paulie;0.4899233129690401
17;8000;multiply;paulie;0.4788083599996753
18;8000;multiply;paulie;0.47717844403814524
19;8000;multiply;paulie;0.4861299449694343
20;8000;multiply;paulie;0.4888559970422648
21;8000;multiply;paulie;0.470170626998879
22;8000;multiply;paulie;0.4690602539922111
23;8000;multiply;paulie;0.4778437900240533
24;8000;multiply;paulie;0.3982010019826703
25;8000;multiply;paulie;0.4654643510002643
26;8000;multiply;paulie;0.31596792704658583
27;8000;multiply;paulie;0.46940833202097565
28;8000;multiply;paulie;0.4852315220050514
29;8000;multiply;paulie;0.3754408410168253
30;8000;multiply;paulie;0.46771154599264264
31;8000;multiply;paulie;0.482220891979523
32;8000;multiply;paulie;0.48077702400041744
33;8000;multiply;paulie;0.4724246200057678
34;8000;multiply;paulie;0.46961788594489917
35;8000;multiply;paulie;0.478824027988594
36;8000;multiply;paulie;0.49915086798137054
37;8000;multiply;paulie;0.4839277070132084
38;8000;multiply;paulie;0.4948137040482834
39;8000;multiply;paulie;0.47096215799683705
40;8000;multiply;paulie;0.46058032900327817
41;8000;multiply;paulie;0.4919139579869807
42;8000;multiply;paulie;0.4675920289591886
43;8000;multiply;paulie;0.47248345700791106
44;8000;multiply;paulie;0.3499968629912473
45;8000;multiply;paulie;0.4732578690163791
46;8000;multiply;paulie;0.477332939975895
47;8000;multiply;paulie;0.46781658701365814
48;8000;multiply;paulie;0.48003890604013577
49;8000;multiply;paulie;0.478786931023933
50;8000;multiply;paulie;0.49765820102766156
51;8000;multiply;paulie;0.313096476951614
52;8000;multiply;paulie;0.4600604430306703
53;8000;multiply;paulie;0.4697538180043921
54;8000;multiply;paulie;0.47189007699489594
55;8000;multiply;paulie;0.48159906995715573
56;8000;multiply;paulie;0.47668240999337286
57;8000;multiply;paulie;0.4866340429871343
58;8000;multiply;paulie;0.4906668610055931
59;8000;multiply;paulie;0.3270249270135537
60;8000;multiply;paulie;0.49402099603321403
61;8000;multiply;paulie;0.4678116280119866
62;8000;multiply;paulie;0.3255250350339338
63;8000;multiply;paulie;0.4634731669793837
64;8000;multiply;paulie;0.4769868290168233
65;8000;multiply;paulie;0.483719220967032
66;8000;multiply;paulie;0.47171792801236734
67;8000;multiply;paulie;0.3236521009821445
68;8000;multiply;paulie;0.32148543797666207
69;8000;multiply;paulie;0.3234131669742055
70;8000;multiply;paulie;0.48149088001810014
71;8000;multiply;paulie;0.477538209001068
72;8000;multiply;paulie;0.4743058260064572
73;8000;multiply;paulie;0.4735930459573865
74;8000;multiply;paulie;0.46370179596124217
75;8000;multiply;paulie;0.3109387999866158
76;8000;multiply;paulie;0.314959111972712
77;8000;multiply;paulie;0.32177695696009323
78;8000;multiply;paulie;0.4908027699566446
79;8000;multiply;paulie;0.39895832201000303
80;8000;multiply;paulie;0.48491343203932047
81;8000;multiply;paulie;0.3209020899957977
82;8000;multiply;paulie;0.3836202350212261
83;8000;multiply;paulie;0.45607609301805496
84;8000;multiply;paulie;0.4745590089587495
85;8000;multiply;paulie;0.48146631702547893
86;8000;multiply;paulie;0.5099563749972731
87;8000;multiply;paulie;0.32528922701021656
88;8000;multiply;paulie;0.33205025299685076
89;8000;multiply;paulie;0.4903211410273798
90;8000;multiply;paulie;0.3370906910276972
91;8000;multiply;paulie;0.4781026070122607
92;8000;multiply;paulie;0.3210778489592485
93;8000;multiply;paulie;0.4878051560372114
94;8000;multiply;paulie;0.4733484309981577
95;8000;multiply;paulie;0.4875659479876049
96;8000;multiply;paulie;0.4513451340026222
97;8000;multiply;paulie;0.4556629810249433
98;8000;multiply;paulie;0.4753037730115466
99;8000;multiply;paulie;0.4774260299745947
100;8000;multiply;paulie;0.45822195697110146
1;10000;multiply;paulie;0.4949273120146245
2;10000;multiply;paulie;0.3213298150221817
3;10000;multiply;paulie;0.5342530710040592
4;10000;multiply;paulie;0.5321753610041924
5;10000;multiply;paulie;0.5150494249537587
6;10000;multiply;paulie;0.5232781409868039
7;10000;multiply;paulie;0.5160018730093725
8;10000;multiply;paulie;0.5312680550268851
9;10000;multiply;paulie;0.5351938710082322
10;10000;multiply;paulie;0.3203887220006436
11;10000;multiply;paulie;0.5360231430386193
12;10000;multiply;paulie;0.37060654803644866
13;10000;multiply;paulie;0.5322094109724276
14;10000;multiply;paulie;0.5216271099634469
15;10000;multiply;paulie;0.5387233350193128
16;10000;multiply;paulie;0.520914814027492
17;10000;multiply;paulie;0.5210912369657308
18;10000;multiply;paulie;0.5343134349677712
19;10000;multiply;paulie;0.5410109739750624
20;10000;multiply;paulie;0.5197769129881635
21;10000;multiply;paulie;0.5321716719772667
22;10000;multiply;paulie;0.3550833750050515
23;10000;multiply;paulie;0.5011686920188367
24;10000;multiply;paulie;0.47598825802560896
25;10000;multiply;paulie;0.4417179580195807
26;10000;multiply;paulie;0.4297230879892595
27;10000;multiply;paulie;0.5285303969867527
28;10000;multiply;paulie;0.5194397400482558
29;10000;multiply;paulie;0.4652216539834626
30;10000;multiply;paulie;0.5419855220243335
31;10000;multiply;paulie;0.5425216089934111
32;10000;multiply;paulie;0.5210583719890565
33;10000;multiply;paulie;0.5144015640253201
34;10000;multiply;paulie;0.5086062020272948
35;10000;multiply;paulie;0.5087854040320963
36;10000;multiply;paulie;0.5226805920246989
37;10000;multiply;paulie;0.5145415290025994
38;10000;multiply;paulie;0.5332912349840626
39;10000;multiply;paulie;0.5251894309767522
40;10000;multiply;paulie;0.5332298289868049
41;10000;multiply;paulie;0.5181164089590311
42;10000;multiply;paulie;0.5260397379752249
43;10000;multiply;paulie;0.5250909259775653
44;10000;multiply;paulie;0.5144534309511073
45;10000;multiply;paulie;0.5034662699908949
46;10000;multiply;paulie;0.528645169979427
47;10000;multiply;paulie;0.5101206910330802
48;10000;multiply;paulie;0.5348660390009172
49;10000;multiply;paulie;0.5151366809732281
50;10000;multiply;paulie;0.5411381130106747
51;10000;multiply;paulie;0.5185947400168516
52;10000;multiply;paulie;0.5346889460342936
53;10000;multiply;paulie;0.5225536929792725
54;10000;multiply;paulie;0.52184371300973
55;10000;multiply;paulie;0.5420220340020023
56;10000;multiply;paulie;0.552876389992889
57;10000;multiply;paulie;0.5433712869998999
58;10000;multiply;paulie;0.5178935549920425
59;10000;multiply;paulie;0.4408692680299282
60;10000;multiply;paulie;0.5162616259767674
61;10000;multiply;paulie;0.526581484999042
62;10000;multiply;paulie;0.5296491939807311
63;10000;multiply;paulie;0.5048940320266411
64;10000;multiply;paulie;0.35864242003299296
65;10000;multiply;paulie;0.5169502789503895
66;10000;multiply;paulie;0.38477204798255116
67;10000;multiply;paulie;0.3293419490219094
68;10000;multiply;paulie;0.47178910102229565
69;10000;multiply;paulie;0.528791145014111
70;10000;multiply;paulie;0.5362739809788764
71;10000;multiply;paulie;0.5252354459953494
72;10000;multiply;paulie;0.5259434040053748
73;10000;multiply;paulie;0.5287886959849857
74;10000;multiply;paulie;0.3552319899899885
75;10000;multiply;paulie;0.3231632380047813
76;10000;multiply;paulie;0.33445567003218457
77;10000;multiply;paulie;0.48587466398021206
78;10000;multiply;paulie;0.5260138880112208
79;10000;multiply;paulie;0.3246272070100531
80;10000;multiply;paulie;0.33664059202419594
81;10000;multiply;paulie;0.33746262901695445
82;10000;multiply;paulie;0.33776864199899137
83;10000;multiply;paulie;0.5251097700092942
84;10000;multiply;paulie;0.5101112290285528
85;10000;multiply;paulie;0.5240072070155293
86;10000;multiply;paulie;0.3193623390397988
87;10000;multiply;paulie;0.5418112429906614
88;10000;multiply;paulie;0.4870033640181646
89;10000;multiply;paulie;0.5170151150086895
90;10000;multiply;paulie;0.4860401780460961
91;10000;multiply;paulie;0.4621317699784413
92;10000;multiply;paulie;0.5382436099462211
93;10000;multiply;paulie;0.5624278000323102
94;10000;multiply;paulie;0.5262404270470142
95;10000;multiply;paulie;0.5340620849747211
96;10000;multiply;paulie;0.5110321330139413
97;10000;multiply;paulie;0.5307484499644488
98;10000;multiply;paulie;0.5247481749975123
99;10000;multiply;paulie;0.5307701309793629
100;10000;multiply;paulie;0.5418009029817767
1;12000;multiply;paulie;0.3713385949959047
2;12000;multiply;paulie;0.5392215719912201
3;12000;multiply;paulie;0.5577919979696162
4;12000;multiply;paulie;0.5563756289775483
5;12000;multiply;paulie;0.5471450629993342
6;12000;multiply;paulie;0.5478766669984907
7;12000;multiply;paulie;0.5474083700100891
8;12000;multiply;paulie;0.5687077690381557
9;12000;multiply;paulie;0.3396100489771925
10;12000;multiply;paulie;0.4631521350238472
11;12000;multiply;paulie;0.35615648998646066
12;12000;multiply;paulie;0.34956798603525385
13;12000;multiply;paulie;0.3367327129817568
14;12000;multiply;paulie;0.5401488819625229
15;12000;multiply;paulie;0.5566149149672128
16;12000;multiply;paulie;0.5747790850000456
17;12000;multiply;paulie;0.3370189620181918
18;12000;multiply;paulie;0.5447618800099008
19;12000;multiply;paulie;0.5460209639859386
20;12000;multiply;paulie;0.5688279860187322
21;12000;multiply;paulie;0.5455182020086795
22;12000;multiply;paulie;0.4946658370317891
23;12000;multiply;paulie;0.5459454520023428
24;12000;multiply;paulie;0.34039612498600036
25;12000;multiply;paulie;0.3646589840063825
26;12000;multiply;paulie;0.5638476419844665
27;12000;multiply;paulie;0.5467261329758912
28;12000;multiply;paulie;0.554270144959446
29;12000;multiply;paulie;0.47402663802495226
30;12000;multiply;paulie;0.5417984169907868
31;12000;multiply;paulie;0.5414214099873789
32;12000;multiply;paulie;0.5351445610285737
33;12000;multiply;paulie;0.5722435619682074
34;12000;multiply;paulie;0.5495594060048461
35;12000;multiply;paulie;0.5510182380094193
36;12000;multiply;paulie;0.5452589330379851
37;12000;multiply;paulie;0.5707652730052359
38;12000;multiply;paulie;0.5722480760305189
39;12000;multiply;paulie;0.5679710059775971
40;12000;multiply;paulie;0.5486277909949422
41;12000;multiply;paulie;0.5637158990139142
42;12000;multiply;paulie;0.5319305000011809
43;12000;multiply;paulie;0.3300550359999761
44;12000;multiply;paulie;0.5482995199854486
45;12000;multiply;paulie;0.544126235996373
46;12000;multiply;paulie;0.5467295849812217
47;12000;multiply;paulie;0.5336120540159754
48;12000;multiply;paulie;0.5550334640429355
49;12000;multiply;paulie;0.5571393829886802
50;12000;multiply;paulie;0.5530977189773694
51;12000;multiply;paulie;0.5617100700037554
52;12000;multiply;paulie;0.5366770940017886
53;12000;multiply;paulie;0.5473437740001827
54;12000;multiply;paulie;0.5482839259784669
55;12000;multiply;paulie;0.5450834920047782
56;12000;multiply;paulie;0.5643604319775477
57;12000;multiply;paulie;0.5544223590404727
58;12000;multiply;paulie;0.5155910869943909
59;12000;multiply;paulie;0.4417061890126206
60;12000;multiply;paulie;0.3712783569935709
61;12000;multiply;paulie;0.36152107699308544
62;12000;multiply;paulie;0.5562798010068946
63;12000;multiply;paulie;0.5665756309754215
64;12000;multiply;paulie;0.5661398890078999
65;12000;multiply;paulie;0.5556685979827307
66;12000;multiply;paulie;0.416834965988528
67;12000;multiply;paulie;0.3275913760298863
68;12000;multiply;paulie;0.5078232320374809
69;12000;multiply;paulie;0.5481002780143172
70;12000;multiply;paulie;0.5458388589904644
71;12000;multiply;paulie;0.5593593669473194
72;12000;multiply;paulie;0.5436096810153686
73;12000;multiply;paulie;0.3583983829594217
74;12000;multiply;paulie;0.5425390569726005
75;12000;multiply;paulie;0.3344302480109036
76;12000;multiply;paulie;0.5351024540141225
77;12000;multiply;paulie;0.35220410604961216
78;12000;multiply;paulie;0.36230155802331865
79;12000;multiply;paulie;0.39887769299093634
80;12000;multiply;paulie;0.33821174094919115
81;12000;multiply;paulie;0.3685940279974602
82;12000;multiply;paulie;0.552509133995045
83;12000;multiply;paulie;0.5522968479781412
84;12000;multiply;paulie;0.5604697140515782
85;12000;multiply;paulie;0.5223992270184681
86;12000;multiply;paulie;0.34390112798428163
87;12000;multiply;paulie;0.4744271200033836
88;12000;multiply;paulie;0.48007106699515134
89;12000;multiply;paulie;0.41183493100106716
90;12000;multiply;paulie;0.5043503190390766
91;12000;multiply;paulie;0.4925543999997899
92;12000;multiply;paulie;0.5336279540206306
93;12000;multiply;paulie;0.5574975770432502
94;12000;multiply;paulie;0.5409396259929053
95;12000;multiply;paulie;0.5331530569819734
96;12000;multiply;paulie;0.545538425038103
97;12000;multiply;paulie;0.5418876089970581
98;12000;multiply;paulie;0.5319394040270709
99;12000;multiply;paulie;0.5523182689794339
100;12000;multiply;paulie;0.5461380159831606
1;10;multiply;pauliarray;2.3064195040496998
2;10;multiply;pauliarray;2.0928199370391667
3;10;multiply;pauliarray;4.4189677580143325
4;10;multiply;pauliarray;4.4071920870337635
5;10;multiply;pauliarray;4.438326966017485
6;10;multiply;pauliarray;4.411346127977595
7;10;multiply;pauliarray;4.434085417015012
8;10;multiply;pauliarray;4.356888800975867
9;10;multiply;pauliarray;4.356833013996948
10;10;multiply;pauliarray;2.093884811969474
11;10;multiply;pauliarray;2.1892217450076714
12;10;multiply;pauliarray;1.8197150969645008
13;10;multiply;pauliarray;2.246029704983812
14;10;multiply;pauliarray;4.41677728202194
15;10;multiply;pauliarray;4.360402199032251
16;10;multiply;pauliarray;4.377855928963982
17;10;multiply;pauliarray;4.36057683796389
18;10;multiply;pauliarray;1.9960253169992939
19;10;multiply;pauliarray;4.374296092952136
20;10;multiply;pauliarray;4.422094592999201
21;10;multiply;pauliarray;4.407792832003906
22;10;multiply;pauliarray;4.3725082610035315
23;10;multiply;pauliarray;2.9799419179908
24;10;multiply;pauliarray;2.1574568150099367
25;10;multiply;pauliarray;2.0666846570093185
26;10;multiply;pauliarray;2.387796813971363
27;10;multiply;pauliarray;2.1650974759832025
28;10;multiply;pauliarray;4.367652988992631
29;10;multiply;pauliarray;4.409917034965474
30;10;multiply;pauliarray;2.184953404997941
31;10;multiply;pauliarray;4.332190508022904
32;10;multiply;pauliarray;4.408641903020907
33;10;multiply;pauliarray;4.3809236160013825
34;10;multiply;pauliarray;4.377718190022279
35;10;multiply;pauliarray;4.351220930984709
36;10;multiply;pauliarray;4.387308837031014
37;10;multiply;pauliarray;4.386236163962167
38;10;multiply;pauliarray;4.415181975986343
39;10;multiply;pauliarray;4.372076456958894
40;10;multiply;pauliarray;4.370171279995702
41;10;multiply;pauliarray;4.4424928249791265
42;10;multiply;pauliarray;4.324861314962618
43;10;multiply;pauliarray;4.369649305008352
44;10;multiply;pauliarray;1.9720380959915929
45;10;multiply;pauliarray;4.3786866730079055
46;10;multiply;pauliarray;4.446122421999462
47;10;multiply;pauliarray;4.404822301992681
48;10;multiply;pauliarray;4.363961110997479
49;10;multiply;pauliarray;4.3650189219624735
50;10;multiply;pauliarray;4.359899967035744
51;10;multiply;pauliarray;4.373964343976695
52;10;multiply;pauliarray;4.388563212996814
53;10;multiply;pauliarray;4.328330054995604
54;10;multiply;pauliarray;4.338846219005063
55;10;multiply;pauliarray;4.4284405339858495
56;10;multiply;pauliarray;4.378120774985291
57;10;multiply;pauliarray;4.40993902500486
58;10;multiply;pauliarray;4.393092591955792
59;10;multiply;pauliarray;1.9491572779952548
60;10;multiply;pauliarray;4.372613376006484
61;10;multiply;pauliarray;4.411533973994665
62;10;multiply;pauliarray;1.9470148530090228
63;10;multiply;pauliarray;4.368547745980322
64;10;multiply;pauliarray;4.353118762024678
65;10;multiply;pauliarray;4.373490850965027
66;10;multiply;pauliarray;4.368458474986255
67;10;multiply;pauliarray;2.0528350329841487
68;10;multiply;pauliarray;2.360473570006434
69;10;multiply;pauliarray;2.2461555050103925
70;10;multiply;pauliarray;4.363235696044285
71;10;multiply;pauliarray;4.368845510005485
72;10;multiply;pauliarray;4.361048437014688
73;10;multiply;pauliarray;4.4057804780313745
74;10;multiply;pauliarray;2.6668684810283594
75;10;multiply;pauliarray;2.083811410004273
76;10;multiply;pauliarray;2.2361118780099787
77;10;multiply;pauliarray;1.909258691011928
78;10;multiply;pauliarray;4.3680045760120265
79;10;multiply;pauliarray;2.3297804110334255
80;10;multiply;pauliarray;2.2791644409880973
81;10;multiply;pauliarray;2.296740736986976
82;10;multiply;pauliarray;4.408180321042892
83;10;multiply;pauliarray;4.4093962970073335
84;10;multiply;pauliarray;2.027907148003578
85;10;multiply;pauliarray;4.383625147980638
86;10;multiply;pauliarray;4.389660893008113
87;10;multiply;pauliarray;2.0221945050288923
88;10;multiply;pauliarray;1.9999221410253085
89;10;multiply;pauliarray;2.111772128031589
90;10;multiply;pauliarray;4.380401959992014
91;10;multiply;pauliarray;1.97968025499722
92;10;multiply;pauliarray;2.3042580260080285
93;10;multiply;pauliarray;4.439141541020945
94;10;multiply;pauliarray;4.384623418038245
95;10;multiply;pauliarray;4.41424905997701
96;10;multiply;pauliarray;4.411183096002787
97;10;multiply;pauliarray;4.420959445007611
98;10;multiply;pauliarray;4.343000724969897
99;10;multiply;pauliarray;4.391120111045893
100;10;multiply;pauliarray;4.439685288001783
1;100;multiply;pauliarray;1.8477129180100746
2;100;multiply;pauliarray;1.9151012619840913
3;100;multiply;pauliarray;4.438882126996759
4;100;multiply;pauliarray;4.429281666991301
5;100;multiply;pauliarray;4.389682610984892
6;100;multiply;pauliarray;4.406165772001259
7;100;multiply;pauliarray;4.408562974014785
8;100;multiply;pauliarray;4.351855832966976
9;100;multiply;pauliarray;4.378503391053528
10;100;multiply;pauliarray;1.984338304027915
11;100;multiply;pauliarray;1.9740460970206186
12;100;multiply;pauliarray;1.9279849479789846
13;100;multiply;pauliarray;2.108887195994612
14;100;multiply;pauliarray;4.372944940987509
15;100;multiply;pauliarray;4.379786834004335
16;100;multiply;pauliarray;4.4035630649887025
17;100;multiply;pauliarray;4.429234181996435
18;100;multiply;pauliarray;1.7878298260038719
19;100;multiply;pauliarray;4.409356310032308
20;100;multiply;pauliarray;4.451343021006323
21;100;multiply;pauliarray;4.344480154977646
22;100;multiply;pauliarray;4.358099163044244
23;100;multiply;pauliarray;4.420547297981102
24;100;multiply;pauliarray;2.6597816250286996
25;100;multiply;pauliarray;2.15681447397219
26;100;multiply;pauliarray;2.151937472051941
27;100;multiply;pauliarray;2.198518442979548
28;100;multiply;pauliarray;4.383238306967542
29;100;multiply;pauliarray;4.3996756809647195
30;100;multiply;pauliarray;4.416641167015769
31;100;multiply;pauliarray;4.428965121973306
32;100;multiply;pauliarray;4.42163795203669
33;100;multiply;pauliarray;4.413408791995607
34;100;multiply;pauliarray;4.3472777340211906
35;100;multiply;pauliarray;4.3863853919901885
36;100;multiply;pauliarray;4.332776578026824
37;100;multiply;pauliarray;4.359341681993101
38;100;multiply;pauliarray;4.383192459004931
39;100;multiply;pauliarray;4.3315206880215555
40;100;multiply;pauliarray;4.385445748979691
41;100;multiply;pauliarray;4.377046177047305
42;100;multiply;pauliarray;4.3520183869986795
43;100;multiply;pauliarray;4.31149401696166
44;100;multiply;pauliarray;1.9076964400010183
45;100;multiply;pauliarray;4.4280852020019665
46;100;multiply;pauliarray;4.406737552024424
47;100;multiply;pauliarray;4.361005965969525
48;100;multiply;pauliarray;4.373226786963642
49;100;multiply;pauliarray;4.414935881039128
50;100;multiply;pauliarray;4.393706221948378
51;100;multiply;pauliarray;4.4426514690276235
52;100;multiply;pauliarray;4.374375226034317
53;100;multiply;pauliarray;4.3678145239828154
54;100;multiply;pauliarray;4.369934911024757
55;100;multiply;pauliarray;4.4069319239933975
56;100;multiply;pauliarray;4.397950581042096
57;100;multiply;pauliarray;4.412208748981357
58;100;multiply;pauliarray;4.369457661989145
59;100;multiply;pauliarray;2.1257993309991434
60;100;multiply;pauliarray;4.337299596983939
61;100;multiply;pauliarray;4.389001679955982
62;100;multiply;pauliarray;1.9366862080059946
63;100;multiply;pauliarray;4.382515658973716
64;100;multiply;pauliarray;4.3520127380033955
65;100;multiply;pauliarray;4.380874884023797
66;100;multiply;pauliarray;4.3697938559926115
67;100;multiply;pauliarray;2.2222321510198526
68;100;multiply;pauliarray;2.081500440952368
69;100;multiply;pauliarray;2.3045886830077507
70;100;multiply;pauliarray;4.398299516993575
71;100;multiply;pauliarray;4.396064485015813
72;100;multiply;pauliarray;4.4071990820229985
73;100;multiply;pauliarray;4.417152495996561
74;100;multiply;pauliarray;2.3728453569929115
75;100;multiply;pauliarray;1.9985514470026828
76;100;multiply;pauliarray;2.3558989580487832
77;100;multiply;pauliarray;2.0281346330302767
78;100;multiply;pauliarray;4.362510522012599
79;100;multiply;pauliarray;2.216469414997846
80;100;multiply;pauliarray;2.0605937460204586
81;100;multiply;pauliarray;2.1132134160143323
82;100;multiply;pauliarray;4.361041536030825
83;100;multiply;pauliarray;4.389473916962743
84;100;multiply;pauliarray;2.5037839979631826
85;100;multiply;pauliarray;4.390101061027963
86;100;multiply;pauliarray;4.377334836986847
87;100;multiply;pauliarray;2.061688760004472
88;100;multiply;pauliarray;2.2278877699864097
89;100;multiply;pauliarray;2.083873344003223
90;100;multiply;pauliarray;4.362745733989868
91;100;multiply;pauliarray;2.1570767159573734
92;100;multiply;pauliarray;2.1310230029630475
93;100;multiply;pauliarray;4.373660465993453
94;100;multiply;pauliarray;4.404475849994924
95;100;multiply;pauliarray;4.382007033971604
96;100;multiply;pauliarray;4.4673159180092625
97;100;multiply;pauliarray;4.424337762000505
98;100;multiply;pauliarray;4.403866590990219
99;100;multiply;pauliarray;4.41948899498675
100;100;multiply;pauliarray;4.392610237991903
1;1000;multiply;pauliarray;2.2614160290104337
2;1000;multiply;pauliarray;2.3796066580107436
3;1000;multiply;pauliarray;5.036898722988553
4;1000;multiply;pauliarray;5.005197353020776
5;1000;multiply;pauliarray;4.967589630978182
6;1000;multiply;pauliarray;5.009104991971981
7;1000;multiply;pauliarray;5.057228198042139
8;1000;multiply;pauliarray;5.022287700965535
9;1000;multiply;pauliarray;4.971233878983185
10;1000;multiply;pauliarray;2.322857301973272
11;1000;multiply;pauliarray;4.99225353600923
12;1000;multiply;pauliarray;2.0390656309900805
13;1000;multiply;pauliarray;2.3592682039598003
14;1000;multiply;pauliarray;4.932521023962181
15;1000;multiply;pauliarray;4.997580400959123
16;1000;multiply;pauliarray;4.97855677397456
17;1000;multiply;pauliarray;4.942766092019156
18;1000;multiply;pauliarray;2.0894588520168327
19;1000;multiply;pauliarray;4.961734879994765
20;1000;multiply;pauliarray;4.944343162002042
21;1000;multiply;pauliarray;4.97039983200375
22;1000;multiply;pauliarray;4.944199602003209
23;1000;multiply;pauliarray;4.930761293973774
24;1000;multiply;pauliarray;3.0723983279895037
25;1000;multiply;pauliarray;2.9224474169895984
26;1000;multiply;pauliarray;2.336700660001952
27;1000;multiply;pauliarray;5.024368143000174
28;1000;multiply;pauliarray;4.9971227630157955
29;1000;multiply;pauliarray;5.0205103430198506
30;1000;multiply;pauliarray;5.015386832994409
31;1000;multiply;pauliarray;4.973795307974797
32;1000;multiply;pauliarray;4.9440200189710595
33;1000;multiply;pauliarray;4.952104573021643
34;1000;multiply;pauliarray;4.943933169997763
35;1000;multiply;pauliarray;4.996230975957587
36;1000;multiply;pauliarray;4.977029319969006
37;1000;multiply;pauliarray;4.958278331963811
38;1000;multiply;pauliarray;4.9794613479753025
39;1000;multiply;pauliarray;4.966396103031002
40;1000;multiply;pauliarray;5.019714813970495
41;1000;multiply;pauliarray;5.0273527699755505
42;1000;multiply;pauliarray;4.981608025031164
43;1000;multiply;pauliarray;4.979819739004597
44;1000;multiply;pauliarray;2.6321371770463884
45;1000;multiply;pauliarray;4.957486436993349
46;1000;multiply;pauliarray;4.967016301990952
47;1000;multiply;pauliarray;4.943028781970497
48;1000;multiply;pauliarray;5.021642043022439
49;1000;multiply;pauliarray;4.99386696604779
50;1000;multiply;pauliarray;5.005074156972114
51;1000;multiply;pauliarray;4.996347724983934
52;1000;multiply;pauliarray;4.999286016041879
53;1000;multiply;pauliarray;5.0219363200012594
54;1000;multiply;pauliarray;5.0280507959541865
55;1000;multiply;pauliarray;4.991673376993276
56;1000;multiply;pauliarray;5.018629783997312
57;1000;multiply;pauliarray;5.006855577987153
58;1000;multiply;pauliarray;4.991069930023514
59;1000;multiply;pauliarray;2.19941076496616
60;1000;multiply;pauliarray;4.9922250310191885
61;1000;multiply;pauliarray;4.97993807104649
62;1000;multiply;pauliarray;2.1013328270055354
63;1000;multiply;pauliarray;5.007620590971783
64;1000;multiply;pauliarray;5.0023643329623155
65;1000;multiply;pauliarray;4.946533961978275
66;1000;multiply;pauliarray;4.923116352991201
67;1000;multiply;pauliarray;2.5764038889901713
68;1000;multiply;pauliarray;2.1233258469728753
69;1000;multiply;pauliarray;2.7981039980077185
70;1000;multiply;pauliarray;4.956052288005594
71;1000;multiply;pauliarray;4.97682853101287
72;1000;multiply;pauliarray;4.969514216994867
73;1000;multiply;pauliarray;4.895728796953335
74;1000;multiply;pauliarray;2.8985515859676525
75;1000;multiply;pauliarray;2.0903758719796315
76;1000;multiply;pauliarray;2.4587136509944685
77;1000;multiply;pauliarray;2.4885193050140515
78;1000;multiply;pauliarray;4.950575535011012
79;1000;multiply;pauliarray;2.4815586259937845
80;1000;multiply;pauliarray;2.4587384809856303
81;1000;multiply;pauliarray;2.5393724069581367
82;1000;multiply;pauliarray;4.996073635993525
83;1000;multiply;pauliarray;4.915067893045489
84;1000;multiply;pauliarray;2.508144646999426
85;1000;multiply;pauliarray;4.953846451011486
86;1000;multiply;pauliarray;2.2512944689951837
87;1000;multiply;pauliarray;2.7741997949779034
88;1000;multiply;pauliarray;2.3642386599676684
89;1000;multiply;pauliarray;2.5784261419903487
90;1000;multiply;pauliarray;4.729453637031838
91;1000;multiply;pauliarray;2.481231395038776
92;1000;multiply;pauliarray;2.518261512974277
93;1000;multiply;pauliarray;4.996245452959556
94;1000;multiply;pauliarray;4.92700505501125
95;1000;multiply;pauliarray;4.949980848003179
96;1000;multiply;pauliarray;4.942131388001144
97;1000;multiply;pauliarray;4.969507257977966
98;1000;multiply;pauliarray;4.9689112530322745
99;1000;multiply;pauliarray;4.945684151025489
100;1000;multiply;pauliarray;4.9927107080002315
1;3000;multiply;pauliarray;2.579750194970984
2;3000;multiply;pauliarray;2.4579519770340994
3;3000;multiply;pauliarray;5.298144956002943
4;3000;multiply;pauliarray;5.276026942010503
5;3000;multiply;pauliarray;5.370572023966815
6;3000;multiply;pauliarray;5.2553926320397295
7;3000;multiply;pauliarray;5.2493761369842105
8;3000;multiply;pauliarray;5.276545303990133
9;3000;multiply;pauliarray;5.254707598011009
10;3000;multiply;pauliarray;2.55515553598525
11;3000;multiply;pauliarray;5.309870500990655
12;3000;multiply;pauliarray;2.3494828570401296
13;3000;multiply;pauliarray;2.786810196994338
14;3000;multiply;pauliarray;5.264941545960028
15;3000;multiply;pauliarray;5.273896594007965
16;3000;multiply;pauliarray;5.3594338379916735
17;3000;multiply;pauliarray;5.266491408983711
18;3000;multiply;pauliarray;2.3204578339937143
19;3000;multiply;pauliarray;5.296880679030437
20;3000;multiply;pauliarray;5.294389820948709
21;3000;multiply;pauliarray;5.27264101797482
22;3000;multiply;pauliarray;5.231255010003224
23;3000;multiply;pauliarray;5.3665321309817955
24;3000;multiply;pauliarray;3.3701551079866476
25;3000;multiply;pauliarray;5.3026229470269755
26;3000;multiply;pauliarray;2.519452503998764
27;3000;multiply;pauliarray;2.2151309820474125
28;3000;multiply;pauliarray;5.273734191025142
29;3000;multiply;pauliarray;2.1544594279839657
30;3000;multiply;pauliarray;5.2806738300132565
31;3000;multiply;pauliarray;5.230053558014333
32;3000;multiply;pauliarray;5.260355081001762
33;3000;multiply;pauliarray;5.318007988971658
34;3000;multiply;pauliarray;5.235697870957665
35;3000;multiply;pauliarray;5.226317518041469
36;3000;multiply;pauliarray;5.239515597000718
37;3000;multiply;pauliarray;5.2542128310306
38;3000;multiply;pauliarray;5.240496970945969
39;3000;multiply;pauliarray;5.264368703006767
40;3000;multiply;pauliarray;5.204616432019975
41;3000;multiply;pauliarray;5.262131399009377
42;3000;multiply;pauliarray;5.252272165962495
43;3000;multiply;pauliarray;5.2606741869822145
44;3000;multiply;pauliarray;2.6375041059800424
45;3000;multiply;pauliarray;5.254585269023664
46;3000;multiply;pauliarray;5.266052871011198
47;3000;multiply;pauliarray;5.281865747005213
48;3000;multiply;pauliarray;5.2916901700082235
49;3000;multiply;pauliarray;5.276175519975368
50;3000;multiply;pauliarray;5.304842807992827
51;3000;multiply;pauliarray;2.3896233369596303
52;3000;multiply;pauliarray;5.250613336043898
53;3000;multiply;pauliarray;5.187657157017384
54;3000;multiply;pauliarray;5.278867379995063
55;3000;multiply;pauliarray;5.296952184988186
56;3000;multiply;pauliarray;5.3428661989746615
57;3000;multiply;pauliarray;5.25728523399448
58;3000;multiply;pauliarray;5.263120872026775
59;3000;multiply;pauliarray;2.5916056139976718
60;3000;multiply;pauliarray;5.222817756002769
61;3000;multiply;pauliarray;5.199632542964537
62;3000;multiply;pauliarray;2.492143674986437
63;3000;multiply;pauliarray;5.259185003989842
64;3000;multiply;pauliarray;5.250028743001167
65;3000;multiply;pauliarray;5.295594463997986
66;3000;multiply;pauliarray;5.272303902951535
67;3000;multiply;pauliarray;2.6257278089760803
68;3000;multiply;pauliarray;2.7403330879751593
69;3000;multiply;pauliarray;2.719902537006419
70;3000;multiply;pauliarray;5.283774062991142
71;3000;multiply;pauliarray;5.246133808046579
72;3000;multiply;pauliarray;5.313692602037918
73;3000;multiply;pauliarray;5.288121538993437
74;3000;multiply;pauliarray;2.6133261179784313
75;3000;multiply;pauliarray;2.5930163500015624
76;3000;multiply;pauliarray;2.6478862679796293
77;3000;multiply;pauliarray;2.6041272730217315
78;3000;multiply;pauliarray;5.217500117956661
79;3000;multiply;pauliarray;2.5594755230122246
80;3000;multiply;pauliarray;2.167903587978799
81;3000;multiply;pauliarray;2.760219307965599
82;3000;multiply;pauliarray;5.260820472962223
83;3000;multiply;pauliarray;5.239081508014351
84;3000;multiply;pauliarray;2.5987552760052495
85;3000;multiply;pauliarray;5.215310382016469
86;3000;multiply;pauliarray;2.268788510991726
87;3000;multiply;pauliarray;2.5739323560264893
88;3000;multiply;pauliarray;2.604704145982396
89;3000;multiply;pauliarray;2.3136804320383817
90;3000;multiply;pauliarray;2.230613451974932
91;3000;multiply;pauliarray;2.7240570560097694
92;3000;multiply;pauliarray;2.60292443895014
93;3000;multiply;pauliarray;5.23900608799886
94;3000;multiply;pauliarray;5.235512120008934
95;3000;multiply;pauliarray;5.261435428983532
96;3000;multiply;pauliarray;5.258814906002954
97;3000;multiply;pauliarray;5.239026135997847
98;3000;multiply;pauliarray;5.312581981997937
99;3000;multiply;pauliarray;5.264828732993919
100;3000;multiply;pauliarray;5.2756007529678755
1;6000;multiply;pauliarray;2.708043212944176
2;6000;multiply;pauliarray;2.550710791023448
3;6000;multiply;pauliarray;5.749584359000437
4;6000;multiply;pauliarray;5.7687635400216095
5;6000;multiply;pauliarray;5.731450055027381
6;6000;multiply;pauliarray;5.740943840995897
7;6000;multiply;pauliarray;5.6389433550066315
8;6000;multiply;pauliarray;5.126500518992543
9;6000;multiply;pauliarray;5.702228718029801
10;6000;multiply;pauliarray;2.833091737993527
11;6000;multiply;pauliarray;5.764506587991491
12;6000;multiply;pauliarray;2.519807779986877
13;6000;multiply;pauliarray;2.859539021970704
14;6000;multiply;pauliarray;5.721606450038962
15;6000;multiply;pauliarray;5.724906727031339
16;6000;multiply;pauliarray;5.712885176995769
17;6000;multiply;pauliarray;5.665448188956361
18;6000;multiply;pauliarray;2.4742096219561063
19;6000;multiply;pauliarray;5.697636161989067
20;6000;multiply;pauliarray;5.770218038000166
21;6000;multiply;pauliarray;5.674960109987296
22;6000;multiply;pauliarray;2.521726145001594
23;6000;multiply;pauliarray;5.705489523999859
24;6000;multiply;pauliarray;3.236987581010908
25;6000;multiply;pauliarray;2.7840708880103193
26;6000;multiply;pauliarray;2.586789057997521
27;6000;multiply;pauliarray;2.4780467259697616
28;6000;multiply;pauliarray;5.730264582962263
29;6000;multiply;pauliarray;2.9354270700132474
30;6000;multiply;pauliarray;5.704965048993472
31;6000;multiply;pauliarray;5.70765289402334
32;6000;multiply;pauliarray;5.750735840003472
33;6000;multiply;pauliarray;5.684405266016256
34;6000;multiply;pauliarray;5.726234415953513
35;6000;multiply;pauliarray;5.662729219009634
36;6000;multiply;pauliarray;5.701391600014176
37;6000;multiply;pauliarray;5.701579531014431
38;6000;multiply;pauliarray;5.684179625008255
39;6000;multiply;pauliarray;5.711322478018701
40;6000;multiply;pauliarray;5.640894560026936
41;6000;multiply;pauliarray;5.69377362600062
42;6000;multiply;pauliarray;5.66035382298287
43;6000;multiply;pauliarray;5.715742909989785
44;6000;multiply;pauliarray;2.870231502049137
45;6000;multiply;pauliarray;3.5846889590029605
46;6000;multiply;pauliarray;5.654852485982701
47;6000;multiply;pauliarray;5.686183364014141
48;6000;multiply;pauliarray;5.677630860998761
49;6000;multiply;pauliarray;5.720764453988522
50;6000;multiply;pauliarray;5.674225739960093
51;6000;multiply;pauliarray;2.501107139978558
52;6000;multiply;pauliarray;5.694839791976847
53;6000;multiply;pauliarray;5.663438269984908
54;6000;multiply;pauliarray;5.733386220992543
55;6000;multiply;pauliarray;5.731678590993397
56;6000;multiply;pauliarray;5.7882910370244645
57;6000;multiply;pauliarray;5.72311764000915
58;6000;multiply;pauliarray;5.744941966957413
59;6000;multiply;pauliarray;2.954887389030773
60;6000;multiply;pauliarray;5.6331782980123535
61;6000;multiply;pauliarray;5.72718474798603
62;6000;multiply;pauliarray;2.6107606990262866
63;6000;multiply;pauliarray;5.704918646020815
64;6000;multiply;pauliarray;5.676796928979456
65;6000;multiply;pauliarray;5.647257763019297
66;6000;multiply;pauliarray;5.690786256978754
67;6000;multiply;pauliarray;2.6258790800347924
68;6000;multiply;pauliarray;2.572788154007867
69;6000;multiply;pauliarray;2.7503311499604024
70;6000;multiply;pauliarray;5.733257360989228
71;6000;multiply;pauliarray;5.703597640967928
72;6000;multiply;pauliarray;5.726467030995991
73;6000;multiply;pauliarray;5.687423164024949
74;6000;multiply;pauliarray;5.6108241099864244
75;6000;multiply;pauliarray;2.7303112280205823
76;6000;multiply;pauliarray;2.775154408009257
77;6000;multiply;pauliarray;2.8462941060424782
78;6000;multiply;pauliarray;5.668368436978199
79;6000;multiply;pauliarray;2.6783049250370823
80;6000;multiply;pauliarray;2.718897108978126
81;6000;multiply;pauliarray;2.7286004630150273
82;6000;multiply;pauliarray;2.6018926220131107
83;6000;multiply;pauliarray;5.719008096028119
84;6000;multiply;pauliarray;2.7138603909988888
85;6000;multiply;pauliarray;5.668854215007741
86;6000;multiply;pauliarray;2.5677592699648812
87;6000;multiply;pauliarray;2.7453547210316174
88;6000;multiply;pauliarray;2.765838703024201
89;6000;multiply;pauliarray;5.669613589998335
90;6000;multiply;pauliarray;2.6834059709799476
91;6000;multiply;pauliarray;5.6301601840532385
92;6000;multiply;pauliarray;2.6761913369991817
93;6000;multiply;pauliarray;5.7097880730289035
94;6000;multiply;pauliarray;5.709985713008791
95;6000;multiply;pauliarray;5.658368501986843
96;6000;multiply;pauliarray;5.721422135015018
97;6000;multiply;pauliarray;5.6864921739907
98;6000;multiply;pauliarray;5.707242393982597
99;6000;multiply;pauliarray;5.812960045004729
100;6000;multiply;pauliarray;5.707056842977181
1;8000;multiply;pauliarray;3.044691563991364
2;8000;multiply;pauliarray;2.8641747810179368
3;8000;multiply;pauliarray;6.039697953965515
4;8000;multiply;pauliarray;5.993404417997226
5;8000;multiply;pauliarray;5.995953431993257
6;8000;multiply;pauliarray;5.969719888991676
7;8000;multiply;pauliarray;6.02024679799797
8;8000;multiply;pauliarray;5.9980022520176135
9;8000;multiply;pauliarray;6.0101549020037055
10;8000;multiply;pauliarray;2.5268341270275414
11;8000;multiply;pauliarray;5.991408581030555
12;8000;multiply;pauliarray;2.7321788180270232
13;8000;multiply;pauliarray;2.765539589978289
14;8000;multiply;pauliarray;6.004455031012185
15;8000;multiply;pauliarray;6.010779297037516
16;8000;multiply;pauliarray;5.988133188046049
17;8000;multiply;pauliarray;5.99007816601079
18;8000;multiply;pauliarray;6.029409107984975
19;8000;multiply;pauliarray;6.033350521989632
20;8000;multiply;pauliarray;5.976242190983612
21;8000;multiply;pauliarray;5.976651175995357
22;8000;multiply;pauliarray;2.819208822969813
23;8000;multiply;pauliarray;2.8420263009611517
24;8000;multiply;pauliarray;3.126383172988426
25;8000;multiply;pauliarray;2.640087200968992
26;8000;multiply;pauliarray;2.7257035829825327
27;8000;multiply;pauliarray;6.023653423995711
28;8000;multiply;pauliarray;6.006569486984517
29;8000;multiply;pauliarray;2.95017673203256
30;8000;multiply;pauliarray;6.039229434041772
31;8000;multiply;pauliarray;2.5609004179714248
32;8000;multiply;pauliarray;5.9988936459994875
33;8000;multiply;pauliarray;5.976101992011536
34;8000;multiply;pauliarray;6.032746851036791
35;8000;multiply;pauliarray;5.982014014036395
36;8000;multiply;pauliarray;6.0062029139953665
37;8000;multiply;pauliarray;5.994726118980907
38;8000;multiply;pauliarray;5.989782457007095
39;8000;multiply;pauliarray;3.044824328040704
40;8000;multiply;pauliarray;5.983772351988591
41;8000;multiply;pauliarray;5.962059620011132
42;8000;multiply;pauliarray;6.009232303011231
43;8000;multiply;pauliarray;5.996122482989449
44;8000;multiply;pauliarray;3.6177051949780434
45;8000;multiply;pauliarray;3.013499499997124
46;8000;multiply;pauliarray;6.004616733989678
47;8000;multiply;pauliarray;6.0411368839559145
48;8000;multiply;pauliarray;6.003040293988306
49;8000;multiply;pauliarray;6.034143193042837
50;8000;multiply;pauliarray;6.00969186500879
51;8000;multiply;pauliarray;2.86933069297811
52;8000;multiply;pauliarray;5.997300780029036
53;8000;multiply;pauliarray;6.051070059998892
54;8000;multiply;pauliarray;6.041579887969419
55;8000;multiply;pauliarray;5.984024958976079
56;8000;multiply;pauliarray;6.0276247530127876
57;8000;multiply;pauliarray;6.018904180033132
58;8000;multiply;pauliarray;5.975724741001613
59;8000;multiply;pauliarray;2.7814840939827263
60;8000;multiply;pauliarray;6.016937126987614
61;8000;multiply;pauliarray;5.970376564015169
62;8000;multiply;pauliarray;3.224291277991142
63;8000;multiply;pauliarray;6.0050096030463465
64;8000;multiply;pauliarray;2.590320546005387
65;8000;multiply;pauliarray;5.9243913140380755
66;8000;multiply;pauliarray;2.622979821986519
67;8000;multiply;pauliarray;2.524680125003215
68;8000;multiply;pauliarray;2.749223739025183
69;8000;multiply;pauliarray;2.722376057994552
70;8000;multiply;pauliarray;6.007048494007904
71;8000;multiply;pauliarray;6.0049773789942265
72;8000;multiply;pauliarray;5.964409723004792
73;8000;multiply;pauliarray;6.0296264959615655
74;8000;multiply;pauliarray;5.995474428986199
75;8000;multiply;pauliarray;2.9075102729839273
76;8000;multiply;pauliarray;2.716909234994091
77;8000;multiply;pauliarray;2.7585160660091788
78;8000;multiply;pauliarray;5.998079420009162
79;8000;multiply;pauliarray;3.087427045975346
80;8000;multiply;pauliarray;2.9052642619935796
81;8000;multiply;pauliarray;2.632955496024806
82;8000;multiply;pauliarray;2.91600401699543
83;8000;multiply;pauliarray;5.978309747995809
84;8000;multiply;pauliarray;2.995141496998258
85;8000;multiply;pauliarray;5.968719010008499
86;8000;multiply;pauliarray;2.75058661098592
87;8000;multiply;pauliarray;6.018110395001713
88;8000;multiply;pauliarray;2.912356910004746
89;8000;multiply;pauliarray;5.927216429030523
90;8000;multiply;pauliarray;2.5685120400157757
91;8000;multiply;pauliarray;5.95683514099801
92;8000;multiply;pauliarray;2.6288655910175294
93;8000;multiply;pauliarray;6.025297068001237
94;8000;multiply;pauliarray;5.998284529952798
95;8000;multiply;pauliarray;5.975643628044054
96;8000;multiply;pauliarray;5.948209566005971
97;8000;multiply;pauliarray;6.018699995009229
98;8000;multiply;pauliarray;6.035679359978531
99;8000;multiply;pauliarray;6.029869190999307
100;8000;multiply;pauliarray;6.013067432970274
1;10000;multiply;pauliarray;3.000492180988658
2;10000;multiply;pauliarray;2.690511854016222
3;10000;multiply;pauliarray;6.3985630049719475
4;10000;multiply;pauliarray;6.3765425470191985
5;10000;multiply;pauliarray;6.355987258022651
6;10000;multiply;pauliarray;6.342279611038975
7;10000;multiply;pauliarray;6.3466190110193565
8;10000;multiply;pauliarray;6.379820653004572
9;10000;multiply;pauliarray;2.953634414996486
10;10000;multiply;pauliarray;3.359100998030044
11;10000;multiply;pauliarray;2.765785446972586
12;10000;multiply;pauliarray;3.064013901981525
13;10000;multiply;pauliarray;3.0134999249712564
14;10000;multiply;pauliarray;6.330158015014604
15;10000;multiply;pauliarray;6.350728621997405
16;10000;multiply;pauliarray;6.342776220000815
17;10000;multiply;pauliarray;5.27929546602536
18;10000;multiply;pauliarray;6.287046438024845
19;10000;multiply;pauliarray;6.338072651997209
20;10000;multiply;pauliarray;6.359639213012997
21;10000;multiply;pauliarray;6.389475344971288
22;10000;multiply;pauliarray;3.3957097440143116
23;10000;multiply;pauliarray;6.3932898140046746
24;10000;multiply;pauliarray;3.0059473119908944
25;10000;multiply;pauliarray;3.423238794959616
26;10000;multiply;pauliarray;6.341304394009057
27;10000;multiply;pauliarray;6.3697364459512755
28;10000;multiply;pauliarray;6.341632514027879
29;10000;multiply;pauliarray;3.091611838026438
30;10000;multiply;pauliarray;6.355627045966685
31;10000;multiply;pauliarray;6.318889097950887
32;10000;multiply;pauliarray;6.324513336992823
33;10000;multiply;pauliarray;6.4014096449827775
34;10000;multiply;pauliarray;6.32299229799537
35;10000;multiply;pauliarray;6.343857463973109
36;10000;multiply;pauliarray;6.427225000981707
37;10000;multiply;pauliarray;6.3755359560018405
38;10000;multiply;pauliarray;6.388938378950115
39;10000;multiply;pauliarray;6.315361114044208
40;10000;multiply;pauliarray;6.288292102050036
41;10000;multiply;pauliarray;6.261162906012032
42;10000;multiply;pauliarray;6.292821111041121
43;10000;multiply;pauliarray;3.0305231499951333
44;10000;multiply;pauliarray;6.340265930979513
45;10000;multiply;pauliarray;6.46085806703195
46;10000;multiply;pauliarray;6.353370723023545
47;10000;multiply;pauliarray;6.265708820021246
48;10000;multiply;pauliarray;6.297762374975719
49;10000;multiply;pauliarray;6.308574848982971
50;10000;multiply;pauliarray;6.3547756660263985
51;10000;multiply;pauliarray;6.269847786985338
52;10000;multiply;pauliarray;6.3408632049686275
53;10000;multiply;pauliarray;6.3309994990122505
54;10000;multiply;pauliarray;6.281806441955268
55;10000;multiply;pauliarray;6.343823199975304
56;10000;multiply;pauliarray;6.3467940939590335
57;10000;multiply;pauliarray;6.345778592978604
58;10000;multiply;pauliarray;6.360771353007294
59;10000;multiply;pauliarray;3.083127024990972
60;10000;multiply;pauliarray;2.9738411129801534
61;10000;multiply;pauliarray;2.891359076020308
62;10000;multiply;pauliarray;6.367566907021683
63;10000;multiply;pauliarray;6.282354778959416
64;10000;multiply;pauliarray;5.252108210988808
65;10000;multiply;pauliarray;6.312446398020256
66;10000;multiply;pauliarray;3.001586197002325
67;10000;multiply;pauliarray;3.2178312520263717
68;10000;multiply;pauliarray;3.255727555952035
69;10000;multiply;pauliarray;6.3393199240090325
70;10000;multiply;pauliarray;6.292625250003766
71;10000;multiply;pauliarray;6.265974314999767
72;10000;multiply;pauliarray;6.3203002600348555
73;10000;multiply;pauliarray;2.8091927219647914
74;10000;multiply;pauliarray;6.336193407012615
75;10000;multiply;pauliarray;3.230061841022689
76;10000;multiply;pauliarray;2.828582589980215
77;10000;multiply;pauliarray;3.0299577960395254
78;10000;multiply;pauliarray;2.834347589989193
79;10000;multiply;pauliarray;3.3963270239764825
80;10000;multiply;pauliarray;2.797896909993142
81;10000;multiply;pauliarray;2.737624825036619
82;10000;multiply;pauliarray;6.320127146027517
83;10000;multiply;pauliarray;6.334165275038686
84;10000;multiply;pauliarray;6.3534003859967925
85;10000;multiply;pauliarray;6.3552778790472075
86;10000;multiply;pauliarray;3.259672481974121
87;10000;multiply;pauliarray;3.194767273031175
88;10000;multiply;pauliarray;3.096328183019068
89;10000;multiply;pauliarray;2.833326524007134
90;10000;multiply;pauliarray;6.312714519037399
91;10000;multiply;pauliarray;2.873165698023513
92;10000;multiply;pauliarray;6.335489227029029
93;10000;multiply;pauliarray;6.287878137023654
94;10000;multiply;pauliarray;6.263155200984329
95;10000;multiply;pauliarray;6.315844559983816
96;10000;multiply;pauliarray;6.32851608103374
97;10000;multiply;pauliarray;6.328469066997059
98;10000;multiply;pauliarray;6.296507496968843
99;10000;multiply;pauliarray;6.3376742209657095
100;10000;multiply;pauliarray;6.329217541031539
1;12000;multiply;pauliarray;3.0768667639931664
2;12000;multiply;pauliarray;6.602353142981883
3;12000;multiply;pauliarray;6.6747405889909714
4;12000;multiply;pauliarray;6.614504405006301
5;12000;multiply;pauliarray;6.6209904860006645
6;12000;multiply;pauliarray;6.699851420009509
7;12000;multiply;pauliarray;6.676130603009369
8;12000;multiply;pauliarray;6.6944918960216455
9;12000;multiply;pauliarray;3.013676169968676
10;12000;multiply;pauliarray;3.206458287953865
11;12000;multiply;pauliarray;2.813725619984325
12;12000;multiply;pauliarray;2.8858978059724905
13;12000;multiply;pauliarray;6.636905628023669
14;12000;multiply;pauliarray;6.652238840004429
15;12000;multiply;pauliarray;6.642526569019537
16;12000;multiply;pauliarray;6.625660056015477
17;12000;multiply;pauliarray;2.809426349005662
18;12000;multiply;pauliarray;6.609971416997723
19;12000;multiply;pauliarray;6.620939337008167
20;12000;multiply;pauliarray;6.578637363971211
21;12000;multiply;pauliarray;6.713015852030367
22;12000;multiply;pauliarray;3.8032475690124556
23;12000;multiply;pauliarray;4.057828550052363
24;12000;multiply;pauliarray;3.002575293998234
25;12000;multiply;pauliarray;3.242034709022846
26;12000;multiply;pauliarray;3.1916129289893433
27;12000;multiply;pauliarray;6.733448750979733
28;12000;multiply;pauliarray;6.732602248026524
29;12000;multiply;pauliarray;4.430798010958824
30;12000;multiply;pauliarray;6.642930156958755
31;12000;multiply;pauliarray;6.6842530950088985
32;12000;multiply;pauliarray;6.627351454983
33;12000;multiply;pauliarray;6.642262979992665
34;12000;multiply;pauliarray;6.661115774011705
35;12000;multiply;pauliarray;6.694601747964043
36;12000;multiply;pauliarray;6.73524637700757
37;12000;multiply;pauliarray;6.710129737039097
38;12000;multiply;pauliarray;6.693594066950027
39;12000;multiply;pauliarray;6.676326312997844
40;12000;multiply;pauliarray;6.691223855013959
41;12000;multiply;pauliarray;6.578119076963048
42;12000;multiply;pauliarray;6.6678358830395155
43;12000;multiply;pauliarray;3.2091329409740865
44;12000;multiply;pauliarray;6.624986266018823
45;12000;multiply;pauliarray;6.759870604961179
46;12000;multiply;pauliarray;6.681560908036772
47;12000;multiply;pauliarray;6.700432452023961
48;12000;multiply;pauliarray;6.682491758954711
49;12000;multiply;pauliarray;6.611965832998976
50;12000;multiply;pauliarray;5.558370063023176
51;12000;multiply;pauliarray;6.6663303800160065
52;12000;multiply;pauliarray;6.655660311051179
53;12000;multiply;pauliarray;6.688854770967737
54;12000;multiply;pauliarray;6.641659681976307
55;12000;multiply;pauliarray;6.605286856007297
56;12000;multiply;pauliarray;6.675648557022214
57;12000;multiply;pauliarray;3.0236226040287875
58;12000;multiply;pauliarray;2.969449074997101
59;12000;multiply;pauliarray;2.95008250803221
60;12000;multiply;pauliarray;4.058324092999101
61;12000;multiply;pauliarray;2.9515697609749623
62;12000;multiply;pauliarray;6.678560914006084
63;12000;multiply;pauliarray;6.660431781027
64;12000;multiply;pauliarray;6.691012174997013
65;12000;multiply;pauliarray;6.659784208983183
66;12000;multiply;pauliarray;3.235359367041383
67;12000;multiply;pauliarray;3.0604569110437296
68;12000;multiply;pauliarray;3.34303289296804
69;12000;multiply;pauliarray;6.631040672014933
70;12000;multiply;pauliarray;6.665834858024027
71;12000;multiply;pauliarray;6.634194876998663
72;12000;multiply;pauliarray;6.6738210240146145
73;12000;multiply;pauliarray;2.9722581829992123
74;12000;multiply;pauliarray;3.3153003620100208
75;12000;multiply;pauliarray;3.1298679480096325
76;12000;multiply;pauliarray;3.219544829975348
77;12000;multiply;pauliarray;2.837876029952895
78;12000;multiply;pauliarray;3.0711912179831415
79;12000;multiply;pauliarray;3.259553230018355
80;12000;multiply;pauliarray;3.1648661050130613
81;12000;multiply;pauliarray;6.610005908005405
82;12000;multiply;pauliarray;6.644635959004518
83;12000;multiply;pauliarray;6.317894291016273
84;12000;multiply;pauliarray;6.646959933976177
85;12000;multiply;pauliarray;6.710700122988783
86;12000;multiply;pauliarray;3.199066743021831
87;12000;multiply;pauliarray;3.2431412049918436
88;12000;multiply;pauliarray;3.201133588969242
89;12000;multiply;pauliarray;3.11773918394465
90;12000;multiply;pauliarray;3.050928529992234
91;12000;multiply;pauliarray;3.454401100985706
92;12000;multiply;pauliarray;6.590175020974129
93;12000;multiply;pauliarray;6.588777430006303
94;12000;multiply;pauliarray;6.57031449303031
95;12000;multiply;pauliarray;6.672404662007466
96;12000;multiply;pauliarray;6.625384425977245
97;12000;multiply;pauliarray;6.623821506975219
98;12000;multiply;pauliarray;6.638123911980074
99;12000;multiply;pauliarray;6.634195250051562
100;12000;multiply;pauliarray;6.600365235004574
1;10;multiply;pauliengine;0.09538169199367985
2;10;multiply;pauliengine;0.09191659203497693
3;10;multiply;pauliengine;0.13497669098433107
4;10;multiply;pauliengine;0.12131257803412154
5;10;multiply;pauliengine;0.12396247003925964
6;10;multiply;pauliengine;0.1290836869738996
7;10;multiply;pauliengine;0.1299064119812101
8;10;multiply;pauliengine;0.13009779097046703
9;10;multiply;pauliengine;0.12771723500918597
10;10;multiply;pauliengine;0.13347775203874335
11;10;multiply;pauliengine;0.09543116501299664
12;10;multiply;pauliengine;0.09497873799409717
13;10;multiply;pauliengine;0.09168481704546139
14;10;multiply;pauliengine;0.13154782995115966
15;10;multiply;pauliengine;0.1330380699946545
16;10;multiply;pauliengine;0.12802134203957394
17;10;multiply;pauliengine;0.12933967600110918
18;10;multiply;pauliengine;0.0940855999942869
19;10;multiply;pauliengine;0.13003625604324043
20;10;multiply;pauliengine;0.12069779098965228
21;10;multiply;pauliengine;0.12937861803220585
22;10;multiply;pauliengine;0.11998812202364206
23;10;multiply;pauliengine;0.12748144596116617
24;10;multiply;pauliengine;0.13368280202848837
25;10;multiply;pauliengine;0.13072843896225095
26;10;multiply;pauliengine;0.09098570403875783
27;10;multiply;pauliengine;0.12437566404696554
28;10;multiply;pauliengine;0.12367947096936405
29;10;multiply;pauliengine;0.12147605302743614
30;10;multiply;pauliengine;0.12487681297352538
31;10;multiply;pauliengine;0.12610170902917162
32;10;multiply;pauliengine;0.13166681601433083
33;10;multiply;pauliengine;0.12000520899891853
34;10;multiply;pauliengine;0.12260240502655506
35;10;multiply;pauliengine;0.12159806594718248
36;10;multiply;pauliengine;0.12346418097149581
37;10;multiply;pauliengine;0.11229874403215945
38;10;multiply;pauliengine;0.1313265020144172
39;10;multiply;pauliengine;0.12824962701415643
40;10;multiply;pauliengine;0.12477236503036693
41;10;multiply;pauliengine;0.12641344300936908
42;10;multiply;pauliengine;0.12631651700939983
43;10;multiply;pauliengine;0.125594909011852
44;10;multiply;pauliengine;0.09330638399114832
45;10;multiply;pauliengine;0.12561578099848703
46;10;multiply;pauliengine;0.13152950402582064
47;10;multiply;pauliengine;0.12881768494844437
48;10;multiply;pauliengine;0.1284217940410599
49;10;multiply;pauliengine;0.12141324405092746
50;10;multiply;pauliengine;0.13123487500706688
51;10;multiply;pauliengine;0.12114274699706584
52;10;multiply;pauliengine;0.1253964799689129
53;10;multiply;pauliengine;0.1159581319661811
54;10;multiply;pauliengine;0.12515731900930405
55;10;multiply;pauliengine;0.1315605349955149
56;10;multiply;pauliengine;0.12972307798918337
57;10;multiply;pauliengine;0.11555170296924189
58;10;multiply;pauliengine;0.12652302003698424
59;10;multiply;pauliengine;0.08942154998658225
60;10;multiply;pauliengine;0.12087786803022027
61;10;multiply;pauliengine;0.12837154301814735
62;10;multiply;pauliengine;0.09036234696395695
63;10;multiply;pauliengine;0.12113123800372705
64;10;multiply;pauliengine;0.12136850698152557
65;10;multiply;pauliengine;0.12956872902577743
66;10;multiply;pauliengine;0.12208800803637132
67;10;multiply;pauliengine;0.12056870001833886
68;10;multiply;pauliengine;0.09617826901376247
69;10;multiply;pauliengine;0.20363329898100346
70;10;multiply;pauliengine;0.12268437899183482
71;10;multiply;pauliengine;0.12439307803288102
72;10;multiply;pauliengine;0.12735903600696474
73;10;multiply;pauliengine;0.12865954299923033
74;10;multiply;pauliengine;0.1181391790159978
75;10;multiply;pauliengine;0.08982571301748976
76;10;multiply;pauliengine;0.1185123139875941
77;10;multiply;pauliengine;0.12852408702019602
78;10;multiply;pauliengine;0.12577928201062605
79;10;multiply;pauliengine;0.10748406301718205
80;10;multiply;pauliengine;0.13449623400811106
81;10;multiply;pauliengine;0.1038651869748719
82;10;multiply;pauliengine;0.1230474429903552
83;10;multiply;pauliengine;0.1251374559942633
84;10;multiply;pauliengine;0.11294528399594128
85;10;multiply;pauliengine;0.12138211500132456
86;10;multiply;pauliengine;0.13782148400787264
87;10;multiply;pauliengine;0.10009557497687638
88;10;multiply;pauliengine;0.20138693903572857
89;10;multiply;pauliengine;0.08841360302176327
90;10;multiply;pauliengine;0.13816677097929642
91;10;multiply;pauliengine;0.09936478099552915
92;10;multiply;pauliengine;0.0951503969845362
93;10;multiply;pauliengine;0.12737771298270673
94;10;multiply;pauliengine;0.1363434629747644
95;10;multiply;pauliengine;0.1286433059722185
96;10;multiply;pauliengine;0.12838649394689128
97;10;multiply;pauliengine;0.13311042002169415
98;10;multiply;pauliengine;0.12088898196816444
99;10;multiply;pauliengine;0.13129346899222583
100;10;multiply;pauliengine;0.12476012599654496
1;100;multiply;pauliengine;0.09338348300661892
2;100;multiply;pauliengine;0.09643616201356053
3;100;multiply;pauliengine;0.13100757001666352
4;100;multiply;pauliengine;0.12101313896710053
5;100;multiply;pauliengine;0.1308780600083992
6;100;multiply;pauliengine;0.1371008590213023
7;100;multiply;pauliengine;0.12950008298503235
8;100;multiply;pauliengine;0.1190138949896209
9;100;multiply;pauliengine;0.1265027400222607
10;100;multiply;pauliengine;0.10942967096343637
11;100;multiply;pauliengine;0.09622182295424864
12;100;multiply;pauliengine;0.09002671897178516
13;100;multiply;pauliengine;0.1385067580267787
14;100;multiply;pauliengine;0.13473204500041902
15;100;multiply;pauliengine;0.13364359695697203
16;100;multiply;pauliengine;0.1307775680324994
17;100;multiply;pauliengine;0.11552680301247165
18;100;multiply;pauliengine;0.09376822703052312
19;100;multiply;pauliengine;0.12134718202287331
20;100;multiply;pauliengine;0.12260128802154213
21;100;multiply;pauliengine;0.13182324700755998
22;100;multiply;pauliengine;0.12287042301613837
23;100;multiply;pauliengine;0.11844592698616907
24;100;multiply;pauliengine;0.10612282605143264
25;100;multiply;pauliengine;0.11158515204442665
26;100;multiply;pauliengine;0.18546192004578188
27;100;multiply;pauliengine;0.09825058403657749
28;100;multiply;pauliengine;0.11500641802558675
29;100;multiply;pauliengine;0.11932312900898978
30;100;multiply;pauliengine;0.13540726498467848
31;100;multiply;pauliengine;0.12408243102254346
32;100;multiply;pauliengine;0.12768796901218593
33;100;multiply;pauliengine;0.1306617219815962
34;100;multiply;pauliengine;0.12717289698775858
35;100;multiply;pauliengine;0.12772004399448633
36;100;multiply;pauliengine;0.13566456403350458
37;100;multiply;pauliengine;0.12594078801339492
38;100;multiply;pauliengine;0.12473719904664904
39;100;multiply;pauliengine;0.12785981298657134
40;100;multiply;pauliengine;0.1345494089764543
41;100;multiply;pauliengine;0.1256804779986851
42;100;multiply;pauliengine;0.12133964902022853
43;100;multiply;pauliengine;0.12465228204382583
44;100;multiply;pauliengine;0.09394010400865227
45;100;multiply;pauliengine;0.13203199300915003
46;100;multiply;pauliengine;0.12804131797747687
47;100;multiply;pauliengine;0.13082544202916324
48;100;multiply;pauliengine;0.12397083599353209
49;100;multiply;pauliengine;0.1333308540051803
50;100;multiply;pauliengine;0.12445200001820922
51;100;multiply;pauliengine;0.13270784897031263
52;100;multiply;pauliengine;0.12521425302838907
53;100;multiply;pauliengine;0.12502902100095525
54;100;multiply;pauliengine;0.1290374559466727
55;100;multiply;pauliengine;0.1285793000133708
56;100;multiply;pauliengine;0.14937490201555192
57;100;multiply;pauliengine;0.12910611601546407
58;100;multiply;pauliengine;0.13448462897213176
59;100;multiply;pauliengine;0.1284062800114043
60;100;multiply;pauliengine;0.13036951899994165
61;100;multiply;pauliengine;0.12232735601719469
62;100;multiply;pauliengine;0.11699411598965526
63;100;multiply;pauliengine;0.12710290000541136
64;100;multiply;pauliengine;0.13097122503677383
65;100;multiply;pauliengine;0.12806382699636742
66;100;multiply;pauliengine;0.13044266198994592
67;100;multiply;pauliengine;0.09264545602491125
68;100;multiply;pauliengine;0.10400846903212368
69;100;multiply;pauliengine;0.09444864100078121
70;100;multiply;pauliengine;0.1333621459780261
71;100;multiply;pauliengine;0.14097135898191482
72;100;multiply;pauliengine;0.12913546100025997
73;100;multiply;pauliengine;0.12178814999060705
74;100;multiply;pauliengine;0.0958052309579216
75;100;multiply;pauliengine;0.09442817699164152
76;100;multiply;pauliengine;0.09149267297470942
77;100;multiply;pauliengine;0.09535459097241983
78;100;multiply;pauliengine;0.13187042099889368
79;100;multiply;pauliengine;0.13317920704139397
80;100;multiply;pauliengine;0.13133455300703645
81;100;multiply;pauliengine;0.09201838099397719
82;100;multiply;pauliengine;0.13741598598426208
83;100;multiply;pauliengine;0.1361524219973944
84;100;multiply;pauliengine;0.10407459799898788
85;100;multiply;pauliengine;0.12659695104230195
86;100;multiply;pauliengine;0.13789110304787755
87;100;multiply;pauliengine;0.09846959199057892
88;100;multiply;pauliengine;0.2070831049932167
89;100;multiply;pauliengine;0.09234493901021779
90;100;multiply;pauliengine;0.12936084199463949
91;100;multiply;pauliengine;0.10825013497378677
92;100;multiply;pauliengine;0.09281191101763397
93;100;multiply;pauliengine;0.13151980802649632
94;100;multiply;pauliengine;0.12823224300518632
95;100;multiply;pauliengine;0.1291647030157037
96;100;multiply;pauliengine;0.12520587595645338
97;100;multiply;pauliengine;0.12744631798705086
98;100;multiply;pauliengine;0.12191505200462416
99;100;multiply;pauliengine;0.1274312089662999
100;100;multiply;pauliengine;0.1253970669931732
1;1000;multiply;pauliengine;0.16985703899990767
2;1000;multiply;pauliengine;0.11297115799970925
3;1000;multiply;pauliengine;0.1741302529699169
4;1000;multiply;pauliengine;0.15828081499785185
5;1000;multiply;pauliengine;0.17702826403547078
6;1000;multiply;pauliengine;0.17496218997985125
7;1000;multiply;pauliengine;0.18765630800044164
8;1000;multiply;pauliengine;0.18033648101845756
9;1000;multiply;pauliengine;0.17314673896180466
10;1000;multiply;pauliengine;0.11853399302344769
11;1000;multiply;pauliengine;0.16306571004679427
12;1000;multiply;pauliengine;0.11100570700364187
13;1000;multiply;pauliengine;0.1669918549596332
14;1000;multiply;pauliengine;0.17670757096493617
15;1000;multiply;pauliengine;0.17658857197966427
16;1000;multiply;pauliengine;0.1742602400481701
17;1000;multiply;pauliengine;0.174561137042474
18;1000;multiply;pauliengine;0.12237192498287186
19;1000;multiply;pauliengine;0.17613262799568474
20;1000;multiply;pauliengine;0.16860190994339064
21;1000;multiply;pauliengine;0.16778738395078108
22;1000;multiply;pauliengine;0.1802914240397513
23;1000;multiply;pauliengine;0.1691013440140523
24;1000;multiply;pauliengine;0.16294714499963447
25;1000;multiply;pauliengine;0.17720522498711944
26;1000;multiply;pauliengine;0.12118680897401646
27;1000;multiply;pauliengine;0.17077277600765228
28;1000;multiply;pauliengine;0.1610097800148651
29;1000;multiply;pauliengine;0.1625109399901703
30;1000;multiply;pauliengine;0.17759843304520473
31;1000;multiply;pauliengine;0.15530120499897748
32;1000;multiply;pauliengine;0.17484693200094625
33;1000;multiply;pauliengine;0.18158178601879627
34;1000;multiply;pauliengine;0.16576678701676428
35;1000;multiply;pauliengine;0.17596793599659577
36;1000;multiply;pauliengine;0.17089051299262792
37;1000;multiply;pauliengine;0.17767192097380757
38;1000;multiply;pauliengine;0.16357241495279595
39;1000;multiply;pauliengine;0.17921297100838274
40;1000;multiply;pauliengine;0.166342721960973
41;1000;multiply;pauliengine;0.16094688198063523
42;1000;multiply;pauliengine;0.17918277101125568
43;1000;multiply;pauliengine;0.1685650310246274
44;1000;multiply;pauliengine;0.12033991201315075
45;1000;multiply;pauliengine;0.1620557970018126
46;1000;multiply;pauliengine;0.1682784329750575
47;1000;multiply;pauliengine;0.1774962529889308
48;1000;multiply;pauliengine;0.16752120899036527
49;1000;multiply;pauliengine;0.17648330400697887
50;1000;multiply;pauliengine;0.17456555599346757
51;1000;multiply;pauliengine;0.18639028200414032
52;1000;multiply;pauliengine;0.17105177597841248
53;1000;multiply;pauliengine;0.17202433600323275
54;1000;multiply;pauliengine;0.17130908701801673
55;1000;multiply;pauliengine;0.16361693700309843
56;1000;multiply;pauliengine;0.17803217098116875
57;1000;multiply;pauliengine;0.17103453195886686
58;1000;multiply;pauliengine;0.1778199269901961
59;1000;multiply;pauliengine;0.11836828297236934
60;1000;multiply;pauliengine;0.16557617898797616
61;1000;multiply;pauliengine;0.16239777603186667
62;1000;multiply;pauliengine;0.1286689640255645
63;1000;multiply;pauliengine;0.17198200098937377
64;1000;multiply;pauliengine;0.17492377199232578
65;1000;multiply;pauliengine;0.1865679650218226
66;1000;multiply;pauliengine;0.1727948470506817
67;1000;multiply;pauliengine;0.11072125099599361
68;1000;multiply;pauliengine;0.11862850899342448
69;1000;multiply;pauliengine;0.12192335200961679
70;1000;multiply;pauliengine;0.16202131495811045
71;1000;multiply;pauliengine;0.16848138999193907
72;1000;multiply;pauliengine;0.17060748703079298
73;1000;multiply;pauliengine;0.16398904199013487
74;1000;multiply;pauliengine;0.11913756601279601
75;1000;multiply;pauliengine;0.12462321802740917
76;1000;multiply;pauliengine;0.12354364700149745
77;1000;multiply;pauliengine;0.11560859502060339
78;1000;multiply;pauliengine;0.168517085025087
79;1000;multiply;pauliengine;0.11696805601241067
80;1000;multiply;pauliengine;0.12147867301246151
81;1000;multiply;pauliengine;0.12397063500247896
82;1000;multiply;pauliengine;0.17573377199005336
83;1000;multiply;pauliengine;0.17558062804164365
84;1000;multiply;pauliengine;0.12139440403552726
85;1000;multiply;pauliengine;0.1647677450091578
86;1000;multiply;pauliengine;0.11376647901488468
87;1000;multiply;pauliengine;0.21583748201373965
88;1000;multiply;pauliengine;0.17249769397312775
89;1000;multiply;pauliengine;0.23038344900123775
90;1000;multiply;pauliengine;0.1128172529861331
91;1000;multiply;pauliengine;0.1752010050113313
92;1000;multiply;pauliengine;0.1178209189674817
93;1000;multiply;pauliengine;0.17533769801957533
94;1000;multiply;pauliengine;0.16834114299854264
95;1000;multiply;pauliengine;0.1704061990021728
96;1000;multiply;pauliengine;0.1768457549624145
97;1000;multiply;pauliengine;0.17646447999868542
98;1000;multiply;pauliengine;0.16975632100366056
99;1000;multiply;pauliengine;0.17176807497162372
100;1000;multiply;pauliengine;0.1623628679662943
1;3000;multiply;pauliengine;0.2542510830098763
2;3000;multiply;pauliengine;0.13813912402838469
3;3000;multiply;pauliengine;0.2142439809977077
4;3000;multiply;pauliengine;0.21086144301807508
5;3000;multiply;pauliengine;0.2027780719799921
6;3000;multiply;pauliengine;0.196306993952021
7;3000;multiply;pauliengine;0.20525632001226768
8;3000;multiply;pauliengine;0.20374441298190504
9;3000;multiply;pauliengine;0.20633919397369027
10;3000;multiply;pauliengine;0.1614751040469855
11;3000;multiply;pauliengine;0.2086545079946518
12;3000;multiply;pauliengine;0.16158863803138956
13;3000;multiply;pauliengine;0.1522946530021727
14;3000;multiply;pauliengine;0.2013768749893643
15;3000;multiply;pauliengine;0.20179126400034875
16;3000;multiply;pauliengine;0.2017911680159159
17;3000;multiply;pauliengine;0.19648238795343786
18;3000;multiply;pauliengine;0.2730133679579012
19;3000;multiply;pauliengine;0.20630675298161805
20;3000;multiply;pauliengine;0.20814416697248816
21;3000;multiply;pauliengine;0.1900349630159326
22;3000;multiply;pauliengine;0.20796057500410825
23;3000;multiply;pauliengine;0.19908030796796083
24;3000;multiply;pauliengine;0.1777793670189567
25;3000;multiply;pauliengine;0.13919610204175115
26;3000;multiply;pauliengine;0.1380172009812668
27;3000;multiply;pauliengine;0.19690440502017736
28;3000;multiply;pauliengine;0.21383417496690527
29;3000;multiply;pauliengine;0.13918490096693859
30;3000;multiply;pauliengine;0.2142172979656607
31;3000;multiply;pauliengine;0.2001674780040048
32;3000;multiply;pauliengine;0.21267341694328934
33;3000;multiply;pauliengine;0.20642761496128514
34;3000;multiply;pauliengine;0.2079636820126325
35;3000;multiply;pauliengine;0.21168156998464838
36;3000;multiply;pauliengine;0.2150379359954968
37;3000;multiply;pauliengine;0.20681057794718072
38;3000;multiply;pauliengine;0.1843345889938064
39;3000;multiply;pauliengine;0.20484532095724717
40;3000;multiply;pauliengine;0.20898366096662357
41;3000;multiply;pauliengine;0.2099576410255395
42;3000;multiply;pauliengine;0.20749503298429772
43;3000;multiply;pauliengine;0.20788110699504614
44;3000;multiply;pauliengine;0.13891051500104368
45;3000;multiply;pauliengine;0.19334441295359284
46;3000;multiply;pauliengine;0.20617774105630815
47;3000;multiply;pauliengine;0.2030259080347605
48;3000;multiply;pauliengine;0.21257800800958648
49;3000;multiply;pauliengine;0.19776672503212467
50;3000;multiply;pauliengine;0.21330156701151282
51;3000;multiply;pauliengine;0.1465441949549131
52;3000;multiply;pauliengine;0.1946065599913709
53;3000;multiply;pauliengine;0.1978165979962796
54;3000;multiply;pauliengine;0.2015234649879858
55;3000;multiply;pauliengine;0.20113789098104462
56;3000;multiply;pauliengine;0.20270171301672235
57;3000;multiply;pauliengine;0.2001801630249247
58;3000;multiply;pauliengine;0.18936811096500605
59;3000;multiply;pauliengine;0.13354073598748073
60;3000;multiply;pauliengine;0.19030592602211982
61;3000;multiply;pauliengine;0.19852091901702806
62;3000;multiply;pauliengine;0.18693536904174834
63;3000;multiply;pauliengine;0.19866708299377933
64;3000;multiply;pauliengine;0.19799976196372882
65;3000;multiply;pauliengine;0.20283981401007622
66;3000;multiply;pauliengine;0.2048746469663456
67;3000;multiply;pauliengine;0.14692077797371894
68;3000;multiply;pauliengine;0.1387027709861286
69;3000;multiply;pauliengine;0.15203786903293803
70;3000;multiply;pauliengine;0.19619412202155218
71;3000;multiply;pauliengine;0.19158620003145188
72;3000;multiply;pauliengine;0.21461274498142302
73;3000;multiply;pauliengine;0.20751605002442375
74;3000;multiply;pauliengine;0.16842443903442472
75;3000;multiply;pauliengine;0.1399995909887366
76;3000;multiply;pauliengine;0.1420098950038664
77;3000;multiply;pauliengine;0.14664057700429112
78;3000;multiply;pauliengine;0.20757981203496456
79;3000;multiply;pauliengine;0.1564425679971464
80;3000;multiply;pauliengine;0.1450782569590956
81;3000;multiply;pauliengine;0.2499851500033401
82;3000;multiply;pauliengine;0.20695072697708383
83;3000;multiply;pauliengine;0.211085443967022
84;3000;multiply;pauliengine;0.1383248459897004
85;3000;multiply;pauliengine;0.20811209303792566
86;3000;multiply;pauliengine;0.1395934690372087
87;3000;multiply;pauliengine;0.1378122119931504
88;3000;multiply;pauliengine;0.14735520700924098
89;3000;multiply;pauliengine;0.2512097719591111
90;3000;multiply;pauliengine;0.16910725203342736
91;3000;multiply;pauliengine;0.25092686899006367
92;3000;multiply;pauliengine;0.17668461200082675
93;3000;multiply;pauliengine;0.19370597996748984
94;3000;multiply;pauliengine;0.18810333200963214
95;3000;multiply;pauliengine;0.21098087495192885
96;3000;multiply;pauliengine;0.19843336299527436
97;3000;multiply;pauliengine;0.20151094201719388
98;3000;multiply;pauliengine;0.20735519396839663
99;3000;multiply;pauliengine;0.20234990102471784
100;3000;multiply;pauliengine;0.20752737805014476
1;6000;multiply;pauliengine;0.2500813269871287
2;6000;multiply;pauliengine;0.24840376200154424
3;6000;multiply;pauliengine;0.24090567202074453
4;6000;multiply;pauliengine;0.2556533890310675
5;6000;multiply;pauliengine;0.23636657901806757
6;6000;multiply;pauliengine;0.25323724700137973
7;6000;multiply;pauliengine;0.2524735740153119
8;6000;multiply;pauliengine;0.24751534196548164
9;6000;multiply;pauliengine;0.24900294095277786
10;6000;multiply;pauliengine;0.17628954199608415
11;6000;multiply;pauliengine;0.24435178295243531
12;6000;multiply;pauliengine;0.17840345500735566
13;6000;multiply;pauliengine;0.18461130402283743
14;6000;multiply;pauliengine;0.25164923298871145
15;6000;multiply;pauliengine;0.26874877500813454
16;6000;multiply;pauliengine;0.2580339150154032
17;6000;multiply;pauliengine;0.24916710803518072
18;6000;multiply;pauliengine;0.183714704005979
19;6000;multiply;pauliengine;0.2494783509755507
20;6000;multiply;pauliengine;0.2492128110025078
21;6000;multiply;pauliengine;0.23489729402353987
22;6000;multiply;pauliengine;0.2521924040047452
23;6000;multiply;pauliengine;0.2686893190257251
24;6000;multiply;pauliengine;0.2028587200329639
25;6000;multiply;pauliengine;0.18739014700986445
26;6000;multiply;pauliengine;0.1757192809600383
27;6000;multiply;pauliengine;0.2587776880245656
28;6000;multiply;pauliengine;0.2552666490082629
29;6000;multiply;pauliengine;0.21178031904855743
30;6000;multiply;pauliengine;0.23194699303712696
31;6000;multiply;pauliengine;0.23306468001101166
32;6000;multiply;pauliengine;0.2481151800020598
33;6000;multiply;pauliengine;0.24439769302261993
34;6000;multiply;pauliengine;0.2420719029614702
35;6000;multiply;pauliengine;0.2514261930482462
36;6000;multiply;pauliengine;0.25263222999637946
37;6000;multiply;pauliengine;0.2560057229711674
38;6000;multiply;pauliengine;0.24852265801746398
39;6000;multiply;pauliengine;0.24010810104664415
40;6000;multiply;pauliengine;0.2542266739765182
41;6000;multiply;pauliengine;0.2519277189858258
42;6000;multiply;pauliengine;0.24997063900809735
43;6000;multiply;pauliengine;0.2395668810349889
44;6000;multiply;pauliengine;0.20941887598019093
45;6000;multiply;pauliengine;0.2071724470006302
46;6000;multiply;pauliengine;0.2386370730237104
47;6000;multiply;pauliengine;0.25912692298879847
48;6000;multiply;pauliengine;0.2578279769513756
49;6000;multiply;pauliengine;0.25933951704064384
50;6000;multiply;pauliengine;0.23469546902924776
51;6000;multiply;pauliengine;0.17526681098388508
52;6000;multiply;pauliengine;0.2617467730306089
53;6000;multiply;pauliengine;0.24127065198263153
54;6000;multiply;pauliengine;0.2513860169565305
55;6000;multiply;pauliengine;0.2523737830342725
56;6000;multiply;pauliengine;0.2620319309644401
57;6000;multiply;pauliengine;0.24917902098968625
58;6000;multiply;pauliengine;0.2611481949570589
59;6000;multiply;pauliengine;0.32017209398327395
60;6000;multiply;pauliengine;0.2571598520153202
61;6000;multiply;pauliengine;0.2510151960304938
62;6000;multiply;pauliengine;0.18532021500868723
63;6000;multiply;pauliengine;0.2602827429655008
64;6000;multiply;pauliengine;0.1835728930309415
65;6000;multiply;pauliengine;0.2286642289836891
66;6000;multiply;pauliengine;0.25017437199130654
67;6000;multiply;pauliengine;0.29175301699433476
68;6000;multiply;pauliengine;0.18131941696628928
69;6000;multiply;pauliengine;0.20082558901049197
70;6000;multiply;pauliengine;0.260344959970098
71;6000;multiply;pauliengine;0.25175368099007756
72;6000;multiply;pauliengine;0.2521882349974476
73;6000;multiply;pauliengine;0.2457346139708534
74;6000;multiply;pauliengine;0.25091701396740973
75;6000;multiply;pauliengine;0.17922246298985556
76;6000;multiply;pauliengine;0.17615358100738376
77;6000;multiply;pauliengine;0.25139686197508126
78;6000;multiply;pauliengine;0.25642041402170435
79;6000;multiply;pauliengine;0.19671766401734203
80;6000;multiply;pauliengine;0.1758916950202547
81;6000;multiply;pauliengine;0.24556893797125667
82;6000;multiply;pauliengine;0.1863875289564021
83;6000;multiply;pauliengine;0.24863297399133444
84;6000;multiply;pauliengine;0.1780280849779956
85;6000;multiply;pauliengine;0.23809105198597535
86;6000;multiply;pauliengine;0.18972195498645306
87;6000;multiply;pauliengine;0.25182045000838116
88;6000;multiply;pauliengine;0.25132436701096594
89;6000;multiply;pauliengine;0.2507899069460109
90;6000;multiply;pauliengine;0.21167560399044305
91;6000;multiply;pauliengine;0.24217693897662684
92;6000;multiply;pauliengine;0.25332547299331054
93;6000;multiply;pauliengine;0.23668893100693822
94;6000;multiply;pauliengine;0.24144449003506452
95;6000;multiply;pauliengine;0.24391128402203321
96;6000;multiply;pauliengine;0.2485932429553941
97;6000;multiply;pauliengine;0.24536160996649414
98;6000;multiply;pauliengine;0.25596496503567323
99;6000;multiply;pauliengine;0.24411871598567814
100;6000;multiply;pauliengine;0.252473219006788
1;8000;multiply;pauliengine;0.19624004402430728
2;8000;multiply;pauliengine;0.2123469469952397
3;8000;multiply;pauliengine;0.2872321300092153
4;8000;multiply;pauliengine;0.29015506396535784
5;8000;multiply;pauliengine;0.28829309303546324
6;8000;multiply;pauliengine;0.28091890597715974
7;8000;multiply;pauliengine;0.29361802799394354
8;8000;multiply;pauliengine;0.3004037570208311
9;8000;multiply;pauliengine;0.2836816089693457
10;8000;multiply;pauliengine;0.20117968501290306
11;8000;multiply;pauliengine;0.2821246599778533
12;8000;multiply;pauliengine;0.2014514760230668
13;8000;multiply;pauliengine;0.20099075400503352
14;8000;multiply;pauliengine;0.2950585529906675
15;8000;multiply;pauliengine;0.2827330469735898
16;8000;multiply;pauliengine;0.26579922204837203
17;8000;multiply;pauliengine;0.2757584860082716
18;8000;multiply;pauliengine;0.28406258998438716
19;8000;multiply;pauliengine;0.28891260200180113
20;8000;multiply;pauliengine;0.2849527759826742
21;8000;multiply;pauliengine;0.2782576170284301
22;8000;multiply;pauliengine;0.22266949695767835
23;8000;multiply;pauliengine;0.20837051700800657
24;8000;multiply;pauliengine;0.19653137802379206
25;8000;multiply;pauliengine;0.1956552059855312
26;8000;multiply;pauliengine;0.20139856199966744
27;8000;multiply;pauliengine;0.29823671001940966
28;8000;multiply;pauliengine;0.2907613199786283
29;8000;multiply;pauliengine;0.20440617902204394
30;8000;multiply;pauliengine;0.27766255399910733
31;8000;multiply;pauliengine;0.19845132599584758
32;8000;multiply;pauliengine;0.2882789809955284
33;8000;multiply;pauliengine;0.28933001100085676
34;8000;multiply;pauliengine;0.27171660301974043
35;8000;multiply;pauliengine;0.2860233979881741
36;8000;multiply;pauliengine;0.2784962820005603
37;8000;multiply;pauliengine;0.2810474240104668
38;8000;multiply;pauliengine;0.29818281496409327
39;8000;multiply;pauliengine;0.1946627990109846
40;8000;multiply;pauliengine;0.2883075830177404
41;8000;multiply;pauliengine;0.28648056398378685
42;8000;multiply;pauliengine;0.2817943069967441
43;8000;multiply;pauliengine;0.28935497102793306
44;8000;multiply;pauliengine;0.278387208993081
45;8000;multiply;pauliengine;0.2877502859919332
46;8000;multiply;pauliengine;0.28091178700560704
47;8000;multiply;pauliengine;0.2862713679787703
48;8000;multiply;pauliengine;0.27975676499772817
49;8000;multiply;pauliengine;0.2719077600049786
50;8000;multiply;pauliengine;0.26407452899729833
51;8000;multiply;pauliengine;0.2014814360300079
52;8000;multiply;pauliengine;0.2772196180303581
53;8000;multiply;pauliengine;0.2776103710057214
54;8000;multiply;pauliengine;0.2863114199717529
55;8000;multiply;pauliengine;0.2726453600334935
56;8000;multiply;pauliengine;0.28029729099944234
57;8000;multiply;pauliengine;0.2869988799793646
58;8000;multiply;pauliengine;0.2803524470073171
59;8000;multiply;pauliengine;0.1958689230377786
60;8000;multiply;pauliengine;0.2783700150321238
61;8000;multiply;pauliengine;0.2650233310414478
62;8000;multiply;pauliengine;0.2966364090098068
63;8000;multiply;pauliengine;0.28805246599949896
64;8000;multiply;pauliengine;0.209651526005473
65;8000;multiply;pauliengine;0.2723688010009937
66;8000;multiply;pauliengine;0.19585152703803033
67;8000;multiply;pauliengine;0.20245033199898899
68;8000;multiply;pauliengine;0.19481415598420426
69;8000;multiply;pauliengine;0.45120330702047795
70;8000;multiply;pauliengine;0.2747031420003623
71;8000;multiply;pauliengine;0.28121546999318525
72;8000;multiply;pauliengine;0.27556712401565164
73;8000;multiply;pauliengine;0.2959327009739354
74;8000;multiply;pauliengine;0.27976294700056314
75;8000;multiply;pauliengine;0.2773442640318535
76;8000;multiply;pauliengine;0.2058730770368129
77;8000;multiply;pauliengine;0.45179856300819665
78;8000;multiply;pauliengine;0.28636503202142194
79;8000;multiply;pauliengine;0.22090788901550695
80;8000;multiply;pauliengine;0.19373366801301017
81;8000;multiply;pauliengine;0.1983170960447751
82;8000;multiply;pauliengine;0.27958445402327925
83;8000;multiply;pauliengine;0.2805656510172412
84;8000;multiply;pauliengine;0.32791370805352926
85;8000;multiply;pauliengine;0.27380810503382236
86;8000;multiply;pauliengine;0.24411540001165122
87;8000;multiply;pauliengine;0.28297028195811436
88;8000;multiply;pauliengine;0.19645353802479804
89;8000;multiply;pauliengine;0.283648353011813
90;8000;multiply;pauliengine;0.22302394401049241
91;8000;multiply;pauliengine;0.30236151796998456
92;8000;multiply;pauliengine;0.2862312819925137
93;8000;multiply;pauliengine;0.27968878601677716
94;8000;multiply;pauliengine;0.28654297901084647
95;8000;multiply;pauliengine;0.2742120639886707
96;8000;multiply;pauliengine;0.2798344739712775
97;8000;multiply;pauliengine;0.27809337503276765
98;8000;multiply;pauliengine;0.2956763440161012
99;8000;multiply;pauliengine;0.2875457909540273
100;8000;multiply;pauliengine;0.2577237889636308
1;10000;multiply;pauliengine;0.275171227985993
2;10000;multiply;pauliengine;0.28522410901496187
3;10000;multiply;pauliengine;0.3882433850085363
4;10000;multiply;pauliengine;0.4017847689683549
5;10000;multiply;pauliengine;0.38577109802281484
6;10000;multiply;pauliengine;0.3952937279827893
7;10000;multiply;pauliengine;0.409343599982094
8;10000;multiply;pauliengine;0.38936568197095767
9;10000;multiply;pauliengine;0.3637002130271867
10;10000;multiply;pauliengine;0.37650093500269577
11;10000;multiply;pauliengine;0.267898521036841
12;10000;multiply;pauliengine;0.27648389898240566
13;10000;multiply;pauliengine;0.27688846399541944
14;10000;multiply;pauliengine;0.42209160496713594
15;10000;multiply;pauliengine;0.3972333000274375
16;10000;multiply;pauliengine;0.3745364589849487
17;10000;multiply;pauliengine;0.2687237279606052
18;10000;multiply;pauliengine;0.3884675169829279
19;10000;multiply;pauliengine;0.3785409010015428
20;10000;multiply;pauliengine;0.37567882298026234
21;10000;multiply;pauliengine;0.4011796950362623
22;10000;multiply;pauliengine;0.4758951250114478
23;10000;multiply;pauliengine;0.397371603990905
24;10000;multiply;pauliengine;0.2757833359646611
25;10000;multiply;pauliengine;0.3725760060478933
26;10000;multiply;pauliengine;0.366857624030672
27;10000;multiply;pauliengine;0.3602277399622835
28;10000;multiply;pauliengine;0.39709981594933197
29;10000;multiply;pauliengine;0.3798602590104565
30;10000;multiply;pauliengine;0.38214832497760653
31;10000;multiply;pauliengine;0.3924552969983779
32;10000;multiply;pauliengine;0.3988579130382277
33;10000;multiply;pauliengine;0.38243452698225155
34;10000;multiply;pauliengine;0.38629290100652725
35;10000;multiply;pauliengine;0.3768117360305041
36;10000;multiply;pauliengine;0.39485840196721256
37;10000;multiply;pauliengine;0.37183363403892145
38;10000;multiply;pauliengine;0.39200870803324506
39;10000;multiply;pauliengine;0.39319258695468307
40;10000;multiply;pauliengine;0.3703130810172297
41;10000;multiply;pauliengine;0.3438502289936878
42;10000;multiply;pauliengine;0.3783154209959321
43;10000;multiply;pauliengine;0.2783045310061425
44;10000;multiply;pauliengine;0.38671303004957736
45;10000;multiply;pauliengine;0.3862213789834641
46;10000;multiply;pauliengine;0.37460963800549507
47;10000;multiply;pauliengine;0.3741369359777309
48;10000;multiply;pauliengine;0.379353052994702
49;10000;multiply;pauliengine;0.38958949397783726
50;10000;multiply;pauliengine;0.37032427598023787
51;10000;multiply;pauliengine;0.38442115497309715
52;10000;multiply;pauliengine;0.38951944099972025
53;10000;multiply;pauliengine;0.4027381500345655
54;10000;multiply;pauliengine;0.36207611102145165
55;10000;multiply;pauliengine;0.37617030000546947
56;10000;multiply;pauliengine;0.3783483359729871
57;10000;multiply;pauliengine;0.39242083101999015
58;10000;multiply;pauliengine;0.385867863020394
59;10000;multiply;pauliengine;0.26063380599953234
60;10000;multiply;pauliengine;0.3619050090201199
61;10000;multiply;pauliengine;0.28395774599630386
62;10000;multiply;pauliengine;0.39135029300814494
63;10000;multiply;pauliengine;0.37570677197072655
64;10000;multiply;pauliengine;0.37953962897881866
65;10000;multiply;pauliengine;0.3684369010152295
66;10000;multiply;pauliengine;0.2799074969952926
67;10000;multiply;pauliengine;0.40245603199582547
68;10000;multiply;pauliengine;0.5532350179855712
69;10000;multiply;pauliengine;0.38884815003257245
70;10000;multiply;pauliengine;0.3719126699725166
71;10000;multiply;pauliengine;0.41033609601436183
72;10000;multiply;pauliengine;0.3858448620303534
73;10000;multiply;pauliengine;0.2789987319847569
74;10000;multiply;pauliengine;0.4041567309759557
75;10000;multiply;pauliengine;0.2683612119872123
76;10000;multiply;pauliengine;0.2901831280323677
77;10000;multiply;pauliengine;0.38127704296493903
78;10000;multiply;pauliengine;0.433989250974264
79;10000;multiply;pauliengine;0.4044464270118624
80;10000;multiply;pauliengine;0.26732453698059544
81;10000;multiply;pauliengine;0.3036871080403216
82;10000;multiply;pauliengine;0.3877711259992793
83;10000;multiply;pauliengine;0.40436124900588766
84;10000;multiply;pauliengine;0.3763282589497976
85;10000;multiply;pauliengine;0.36492684500990435
86;10000;multiply;pauliengine;0.37371953000547364
87;10000;multiply;pauliengine;0.38759725203271955
88;10000;multiply;pauliengine;0.2822846550261602
89;10000;multiply;pauliengine;0.27987173199653625
90;10000;multiply;pauliengine;0.3770015089539811
91;10000;multiply;pauliengine;0.37988639902323484
92;10000;multiply;pauliengine;0.3974276109947823
93;10000;multiply;pauliengine;0.37819570396095514
94;10000;multiply;pauliengine;0.38132641202537343
95;10000;multiply;pauliengine;0.3845961599727161
96;10000;multiply;pauliengine;0.3874118120293133
97;10000;multiply;pauliengine;0.35974514903500676
98;10000;multiply;pauliengine;0.39270839997334406
99;10000;multiply;pauliengine;0.38470486301230267
100;10000;multiply;pauliengine;0.3882029420346953
1;12000;multiply;pauliengine;0.2980613299878314
2;12000;multiply;pauliengine;0.4054356940323487
3;12000;multiply;pauliengine;0.44549852499039844
4;12000;multiply;pauliengine;0.4274871039669961
5;12000;multiply;pauliengine;0.42707970703486353
6;12000;multiply;pauliengine;0.40338777704164386
7;12000;multiply;pauliengine;0.450982490030583
8;12000;multiply;pauliengine;0.42746129003353417
9;12000;multiply;pauliengine;0.2976783170015551
10;12000;multiply;pauliengine;0.3007556840311736
11;12000;multiply;pauliengine;0.2947077199933119
12;12000;multiply;pauliengine;0.3812084880191833
13;12000;multiply;pauliengine;0.4423500429838896
14;12000;multiply;pauliengine;0.40710338798817247
15;12000;multiply;pauliengine;0.415946842986159
16;12000;multiply;pauliengine;0.43104674096684903
17;12000;multiply;pauliengine;0.286133567977231
18;12000;multiply;pauliengine;0.4442158800084144
19;12000;multiply;pauliengine;0.44309470895677805
20;12000;multiply;pauliengine;0.41824940498918295
21;12000;multiply;pauliengine;0.40348688000813127
22;12000;multiply;pauliengine;0.3616736200056039
23;12000;multiply;pauliengine;0.39053372701164335
24;12000;multiply;pauliengine;0.3123456329922192
25;12000;multiply;pauliengine;0.4072960729827173
26;12000;multiply;pauliengine;0.28698306798469275
27;12000;multiply;pauliengine;0.41268835100345314
28;12000;multiply;pauliengine;0.40798955998616293
29;12000;multiply;pauliengine;0.4074310430441983
30;12000;multiply;pauliengine;0.4111194519791752
31;12000;multiply;pauliengine;0.4256902979686856
32;12000;multiply;pauliengine;0.4210027320077643
33;12000;multiply;pauliengine;0.4160041200229898
34;12000;multiply;pauliengine;0.44779621303314343
35;12000;multiply;pauliengine;0.4143846480292268
36;12000;multiply;pauliengine;0.4117574810516089
37;12000;multiply;pauliengine;0.4467459309962578
38;12000;multiply;pauliengine;0.4307158039882779
39;12000;multiply;pauliengine;0.4286649550194852
40;12000;multiply;pauliengine;0.43261607899330556
41;12000;multiply;pauliengine;0.4333745129988529
42;12000;multiply;pauliengine;0.43095222499687225
43;12000;multiply;pauliengine;0.3006917090388015
44;12000;multiply;pauliengine;0.42406003299402073
45;12000;multiply;pauliengine;0.42093104601372033
46;12000;multiply;pauliengine;0.41194494999945164
47;12000;multiply;pauliengine;0.4411515689571388
48;12000;multiply;pauliengine;0.4342842359910719
49;12000;multiply;pauliengine;0.43112258502515033
50;12000;multiply;pauliengine;0.4326476870337501
51;12000;multiply;pauliengine;0.4264673489960842
52;12000;multiply;pauliengine;0.4154013220104389
53;12000;multiply;pauliengine;0.41322563897119835
54;12000;multiply;pauliengine;0.43296894000377506
55;12000;multiply;pauliengine;0.4234873380046338
56;12000;multiply;pauliengine;0.4471324839978479
57;12000;multiply;pauliengine;0.4147992759826593
58;12000;multiply;pauliengine;0.27901877800468355
59;12000;multiply;pauliengine;0.32466480799485
60;12000;multiply;pauliengine;0.41312512196600437
61;12000;multiply;pauliengine;0.37541922798845917
62;12000;multiply;pauliengine;0.4226244270103052
63;12000;multiply;pauliengine;0.4197463529999368
64;12000;multiply;pauliengine;0.4141962960129604
65;12000;multiply;pauliengine;0.4090856210095808
66;12000;multiply;pauliengine;0.3210084000020288
67;12000;multiply;pauliengine;0.2831988679827191
68;12000;multiply;pauliengine;0.3163709699874744
69;12000;multiply;pauliengine;0.4278449180419557
70;12000;multiply;pauliengine;0.44184012099867687
71;12000;multiply;pauliengine;0.4337709530373104
72;12000;multiply;pauliengine;0.4171748440130614
73;12000;multiply;pauliengine;0.30673338402993977
74;12000;multiply;pauliengine;0.2824122610036284
75;12000;multiply;pauliengine;0.3684445710387081
76;12000;multiply;pauliengine;0.31475877296179533
77;12000;multiply;pauliengine;0.3136441489914432
78;12000;multiply;pauliengine;0.5504227300407365
79;12000;multiply;pauliengine;0.30605209997156635
80;12000;multiply;pauliengine;0.2951934809680097
81;12000;multiply;pauliengine;0.4402545230113901
82;12000;multiply;pauliengine;0.44057252001948655
83;12000;multiply;pauliengine;0.41280052199726924
84;12000;multiply;pauliengine;0.42826475796755403
85;12000;multiply;pauliengine;0.4338977040024474
86;12000;multiply;pauliengine;0.37213823199272156
87;12000;multiply;pauliengine;0.5877194769564085
88;12000;multiply;pauliengine;0.33786035398952663
89;12000;multiply;pauliengine;0.28616847400553524
90;12000;multiply;pauliengine;0.40756610297830775
91;12000;multiply;pauliengine;0.29294445301638916
92;12000;multiply;pauliengine;0.4076696030097082
93;12000;multiply;pauliengine;0.43928804103052244
94;12000;multiply;pauliengine;0.40870562195777893
95;12000;multiply;pauliengine;0.4440973050077446
96;12000;multiply;pauliengine;0.4448858920368366
97;12000;multiply;pauliengine;0.43261574499774724
98;12000;multiply;pauliengine;0.42193262599175796
99;12000;multiply;pauliengine;0.4166282970109023
100;12000;multiply;pauliengine;0.4520253280061297
